service,category_ar,category_en,category_menu_id,category_record_id,item_id,item_record_id,name_ar,name_en,price,is_available,is_published,is_hidden,status,calories,description_ar,description_en,nutrition_ar,nutrition_en,allergens_json,image_url,is_customised,customization_type,is_customized_price,modifier_group_ids_json,drink_item_price,fries_item_price
delivery,صوصات,Sauces,38,63ce506f80d35bbf45be9a3a,102295,6400eb185b5be11bfb79aa6f,صوص جبن التشيدر,Cheddar Cheese Sauce,3,True,True,False,active,112,صوص جبنة شيدر.,Cheddar cheese sauce.,"[""MILK_OR_LACTOSE"",""SOYA""]","{""physical_activity_to_burn"":{""value"":""5"",""unit"":""min""},""cholesterol"":{""value"":""4.95"",""unit"":""mg""},""fiber"":{""value"":""0"",""unit"":""g""},""full_fat"":{""value"":""10.4"",""unit"":""g""},""saturated_fat"":{""value"":""5.13"",""unit"":""g""},""trans_fat"":{""value"":""0.001"",""unit"":""g""},""salt"":{""value"":""0"",""unit"":""mg""},""added_suger"":{""value"":""0"",""unit"":""g""},""total_suger"":{""value"":""1.35"",""unit"":""g""},""carbohydrates"":{""value"":""2.70"",""unit"":""g""},""protein"":{""value"":""2.25"",""unit"":""g""},""sodium"":{""value"":""379"",""unit"":""mg""},""is_extra_salt"":{""value"":""0""},""calories"":{""value"":""112.5"",""unit"":""kcal""}}",[],https://d15pngy0ricipl.cloudfront.net/1747748049908_8ipkQ.webp,False,0,False,[],,
delivery,صوصات,Sauces,38,63ce506f80d35bbf45be9a3a,102600,6400eb185b5be1825079aa72,ايطاليان دريسينج,Italian Dressing,3,True,True,False,active,54,صوص إيطالي.,Italian Dressing,[],"{""physical_activity_to_burn"":{""value"":""31"",""unit"":""min""},""cholesterol"":{""value"":""0"",""unit"":""mg""},""fiber"":{""value"":""0"",""unit"":""g""},""full_fat"":{""value"":""4.50"",""unit"":""g""},""saturated_fat"":{""value"":""0.68"",""unit"":""g""},""trans_fat"":{""value"":""0"",""unit"":""g""},""salt"":{""value"":""0"",""unit"":""mg""},""added_suger"":{""value"":""0"",""unit"":""g""},""total_suger"":{""value"":""2.7"",""unit"":""g""},""carbohydrates"":{""value"":""2.70"",""unit"":""g""},""protein"":{""value"":""0"",""unit"":""g""},""sodium"":{""value"":""387"",""unit"":""mg""},""is_extra_salt"":{""value"":""0""},""calories"":{""value"":""54"",""unit"":""kcal""}}",[],https://d15pngy0ricipl.cloudfront.net/1747747970393_xrLwb.webp,False,0,False,[],,
delivery,صوصات,Sauces,38,63ce506f80d35bbf45be9a3a,102916,6400eb185b5be109d379aa69,صوص ثاوزند ايلاند,1000 Island Sauce,3,True,True,False,active,370,صوص ثاوزند آيلاند.,Thousand Island sauce.,"[""EGG"",""MUSTARD""]","{""physical_activity_to_burn"":{""value"":""96"",""unit"":""min""},""cholesterol"":{""value"":""20"",""unit"":""mg""},""fiber"":{""value"":""0"",""unit"":""g""},""full_fat"":{""value"":""36"",""unit"":""g""},""saturated_fat"":{""value"":""6"",""unit"":""g""},""trans_fat"":{""value"":""0"",""unit"":""g""},""salt"":{""value"":""0"",""unit"":""mg""},""added_suger"":{""value"":""0"",""unit"":""g""},""total_suger"":{""value"":""10"",""unit"":""g""},""carbohydrates"":{""value"":""13"",""unit"":""g""},""protein"":{""value"":""0"",""unit"":""g""},""sodium"":{""value"":""840"",""unit"":""mg""},""is_extra_salt"":{""value"":""0""},""calories"":{""value"":""370"",""unit"":""kcal""}}",[],https://d15pngy0ricipl.cloudfront.net/1747747526787_I549r.webp,False,0,False,[],,
delivery,صوصات,Sauces,38,63ce506f80d35bbf45be9a3a,102918,6400eb185b5be1644979aa78,صوص شيره,Maple Syrup,3,True,True,False,active,52,مابل سيرب,Maple Syrup,[],"{""physical_activity_to_burn"":{""value"":""26"",""unit"":""min""},""cholesterol"":{""value"":""25"",""unit"":""mg""},""fiber"":{""value"":""0"",""unit"":""g""},""full_fat"":{""value"":""0"",""unit"":""g""},""saturated_fat"":{""value"":""0"",""unit"":""g""},""trans_fat"":{""value"":""0"",""unit"":""g""},""salt"":{""value"":""0"",""unit"":""mg""},""added_suger"":{""value"":""0"",""unit"":""g""},""total_suger"":{""value"":""8.7"",""unit"":""g""},""carbohydrates"":{""value"":""13"",""unit"":""g""},""protein"":{""value"":""0"",""unit"":""g""},""sodium"":{""value"":""2.40"",""unit"":""mg""},""is_extra_salt"":{""value"":""0""},""calories"":{""value"":""52"",""unit"":""kcal""}}",[],https://d15pngy0ricipl.cloudfront.net/1747747471167_5cGmC.webp,False,0,False,[],,
delivery,صوصات,Sauces,38,63ce506f80d35bbf45be9a3a,102919,6400eb185b5be1ae1679aa81,صوص تورتيلا,Tortilla Sauce,3,True,True,False,active,140,صوص تورتيلا.,Tortilla Sauce,"[""MUSTARD""]","{""physical_activity_to_burn"":{""value"":""36"",""unit"":""min""},""cholesterol"":{""value"":""0"",""unit"":""mg""},""fiber"":{""value"":""0.99"",""unit"":""g""},""full_fat"":{""value"":""0"",""unit"":""g""},""saturated_fat"":{""value"":""0"",""unit"":""g""},""trans_fat"":{""value"":""0"",""unit"":""g""},""salt"":{""value"":""0"",""unit"":""mg""},""added_suger"":{""value"":""0"",""unit"":""g""},""total_suger"":{""value"":""32"",""unit"":""g""},""carbohydrates"":{""value"":""35"",""unit"":""g""},""protein"":{""value"":""0.99"",""unit"":""g""},""sodium"":{""value"":""650"",""unit"":""mg""},""is_extra_salt"":{""value"":""0""},""calories"":{""value"":""140"",""unit"":""kcal""}}",[],https://d15pngy0ricipl.cloudfront.net/1747747463093_HrNON.webp,False,0,False,[],,
delivery,صوصات,Sauces,38,63ce506f80d35bbf45be9a3a,102979,643e4ecaa883223f79e43631,صوص كودو,KUDU Dressing,3,True,True,False,active,228,صوص كودو.,Kudu Sauce,"[""MILK_OR_LACTOSE"",""EGG""]","{""physical_activity_to_burn"":{""value"":""57"",""unit"":""min""},""cholesterol"":{""value"":""3"",""unit"":""mg""},""fiber"":{""value"":""0.39"",""unit"":""g""},""full_fat"":{""value"":""22"",""unit"":""g""},""saturated_fat"":{""value"":""3.5"",""unit"":""g""},""trans_fat"":{""value"":""0"",""unit"":""g""},""salt"":{""value"":""0"",""unit"":""mg""},""added_suger"":{""value"":""0"",""unit"":""g""},""total_suger"":{""value"":""4.52"",""unit"":""g""},""carbohydrates"":{""value"":""8"",""unit"":""g""},""protein"":{""value"":""0"",""unit"":""g""},""sodium"":{""value"":""178"",""unit"":""mg""},""is_extra_salt"":{""value"":""0""},""calories"":{""value"":""228"",""unit"":""kcal""}}",[],https://d15pngy0ricipl.cloudfront.net/1747747438744_YEauc.webp,False,0,False,[],,
delivery,صوصات,Sauces,38,63ce506f80d35bbf45be9a3a,103511,6542fb925f485e1ebd49d023,صوص الديناميت الحلو,Sweet Dynamite Dip,3,True,True,False,active,400,صوص الديناميت الحلو.,Sweet Dynamite Sauce,"[""EGG"",""MUSTARD""]","{""physical_activity_to_burn"":{""value"":""104"",""unit"":""min""},""cholesterol"":{""value"":""20"",""unit"":""mg""},""fiber"":{""value"":""0"",""unit"":""g""},""full_fat"":{""value"":""38"",""unit"":""g""},""saturated_fat"":{""value"":""6"",""unit"":""g""},""trans_fat"":{""value"":""0"",""unit"":""g""},""salt"":{""value"":""0"",""unit"":""mg""},""added_suger"":{""value"":""0"",""unit"":""g""},""total_suger"":{""value"":""16"",""unit"":""g""},""carbohydrates"":{""value"":""18"",""unit"":""g""},""protein"":{""value"":""1"",""unit"":""g""},""sodium"":{""value"":""470"",""unit"":""mg""},""is_extra_salt"":{""value"":""0""},""calories"":{""value"":""400"",""unit"":""kcal""}}",[],https://d15pngy0ricipl.cloudfront.net/1747746824958_Cmtbl.webp,False,0,False,[],,
delivery,صوصات,Sauces,38,63ce506f80d35bbf45be9a3a,103513,6542fb925f485e1af649d026,صوص بوريتو,Burrito Dip,3,True,True,False,active,189,صوص بوريتو.,Burrito Sauce,"[""MILK_OR_LACTOSE"",""EGG""]","{""physical_activity_to_burn"":{""value"":""109"",""unit"":""min""},""cholesterol"":{""value"":""35"",""unit"":""mg""},""fiber"":{""value"":""0.99"",""unit"":""g""},""full_fat"":{""value"":""43"",""unit"":""g""},""saturated_fat"":{""value"":""7"",""unit"":""g""},""trans_fat"":{""value"":""0"",""unit"":""g""},""salt"":{""value"":""0"",""unit"":""mg""},""added_suger"":{""value"":""0"",""unit"":""g""},""total_suger"":{""value"":""6"",""unit"":""g""},""carbohydrates"":{""value"":""9"",""unit"":""g""},""protein"":{""value"":""1"",""unit"":""g""},""sodium"":{""value"":""450"",""unit"":""mg""},""is_extra_salt"":{""value"":""0""},""calories"":{""value"":""189"",""unit"":""kcal""}}",[],https://d15pngy0ricipl.cloudfront.net/1747746816508_C0KeW.webp,False,0,False,[],,
delivery,وجبات الاطفال,Kids Meal,39,63ce506f80d35b44bcbe9a37,102895,6400ebaaa2c7b03b21b7207e,برجر دجاج أطفال,Kids Chicken Burger,19,True,True,False,active,666,خلي اطفالك يستمتعون مع برجر الدجاج المقرمش المغطى بالبقسماط مع الخس والمايونيز في خبز طري. تقدم مع البطاطا المقلية ومشروب غازي.,Have fun and eat our crispy breaded chicken burger with lettuce and mayo in a soft bun. Served with your favorite fries on the side and Soft drink.,"[""MILK_OR_LACTOSE"",""EGG"",""GLUTEN"",""SOYA""]","{""physical_activity_to_burn"":{""value"":""173"",""unit"":""min""},""cholesterol"":{""value"":""0"",""unit"":""mg""},""fiber"":{""value"":""9.37"",""unit"":""g""},""full_fat"":{""value"":""32.96"",""unit"":""g""},""saturated_fat"":{""value"":""11.92"",""unit"":""g""},""trans_fat"":{""value"":""0"",""unit"":""g""},""salt"":{""value"":""0"",""unit"":""mg""},""added_suger"":{""value"":""0"",""unit"":""g""},""total_suger"":{""value"":""3.82"",""unit"":""g""},""carbohydrates"":{""value"":""76.05"",""unit"":""g""},""protein"":{""value"":""16.39"",""unit"":""g""},""sodium"":{""value"":""932.45"",""unit"":""mg""},""is_extra_salt"":{""value"":""0""},""calories"":{""value"":""666"",""unit"":""kcal""}}","[{""name"": ""Dairy"", ""nameArabic"": ""الحليب ومشتقاته"", ""imageUrl"": ""https://d15pngy0ricipl.cloudfront.net/1678111258315.png"", ""_id"": ""6a68d178841d78983c6c87bd""}, {""name"": ""Wheat"", ""nameArabic"": ""القمح"", ""imageUrl"": ""https://d15pngy0ricipl.cloudfront.net/1678186678592.png"", ""_id"": ""6a68d178841d78983c6c87be""}, {""name"": ""Egg"", ""nameArabic"": ""البيض"", ""imageUrl"": ""https://d15pngy0ricipl.cloudfront.net/1678186702746.png"", ""_id"": ""6a68d178841d78983c6c87bf""}, {""name"": ""Soya Beans"", ""nameArabic"": ""الصويا"", ""imageUrl"": ""https://d15pngy0ricipl.cloudfront.net/1678186737657.png"", ""_id"": ""6a68d178841d78983c6c87c0""}]",https://d15pngy0ricipl.cloudfront.net/1747747548117_HqhZu.webp,True,0,False,"[""639212c876d541ddec8cdea1"", ""639212c876d541ddec8cdeb7"", ""6392129e76d541ddec8cba0f"", ""6392129f76d541ddec8cba38""]",,
delivery,وجبات الاطفال,Kids Meal,39,63ce506f80d35b44bcbe9a37,102896,6400ebaaa2c7b02c94b72081,ناجتس دجاج أطفال,Kids Chicken Nuggets,19,True,True,False,active,414,4 قطع دجاج ناجتس المقرمشة واللذيذة مع البطاطا المقلية والمشروب غازي,A yummy crispy 4 pieces of chicken nuggets comes with your favorite fries on the side & Soft drink.,"[""MILK_OR_LACTOSE"",""EGG"",""GLUTEN"",""SOYA""]","{""physical_activity_to_burn"":{""value"":""108"",""unit"":""min""},""cholesterol"":{""value"":""4.17"",""unit"":""mg""},""fiber"":{""value"":""6.53"",""unit"":""g""},""full_fat"":{""value"":""19.1"",""unit"":""g""},""saturated_fat"":{""value"":""8.48"",""unit"":""g""},""trans_fat"":{""value"":""0"",""unit"":""g""},""salt"":{""value"":""0"",""unit"":""mg""},""added_suger"":{""value"":""0"",""unit"":""g""},""total_suger"":{""value"":""0.21"",""unit"":""g""},""carbohydrates"":{""value"":""45.24"",""unit"":""g""},""protein"":{""value"":""15.23"",""unit"":""g""},""sodium"":{""value"":""911.81"",""unit"":""mg""},""is_extra_salt"":{""value"":""0""},""calories"":{""value"":""414"",""unit"":""kcal""}}","[{""name"": ""Dairy"", ""nameArabic"": ""الحليب ومشتقاته"", ""imageUrl"": ""https://d15pngy0ricipl.cloudfront.net/1678111258315.png"", ""_id"": ""6a68d169ffc562ce6f2f4e08""}, {""name"": ""Wheat"", ""nameArabic"": ""القمح"", ""imageUrl"": ""https://d15pngy0ricipl.cloudfront.net/1678186678592.png"", ""_id"": ""6a68d169ffc562ce6f2f4e09""}, {""name"": ""Egg"", ""nameArabic"": ""البيض"", ""imageUrl"": ""https://d15pngy0ricipl.cloudfront.net/1678186702746.png"", ""_id"": ""6a68d169ffc562ce6f2f4e0a""}, {""name"": ""Soya Beans"", ""nameArabic"": ""الصويا"", ""imageUrl"": ""https://d15pngy0ricipl.cloudfront.net/1678186737657.png"", ""_id"": ""6a68d169ffc562ce6f2f4e0b""}]",https://d15pngy0ricipl.cloudfront.net/1747747535107_At5J0.webp,True,0,False,"[""639212c876d541ddec8cdea1"", ""639212c876d541ddec8cdeb7""]",,
delivery,وجبات الاطفال,Kids Meal,39,63ce506f80d35b44bcbe9a37,103774,664c6b31baa1ef008f525419,ستريبس دجاج أطفال,Kids Chicken Strips,19,True,True,False,active,593,دلّع أطفالك بثلاثة ? قطع من ستريبس الدجاج تقدم مع بطاطس مقلية وبيبسي ، يمكنك إضافة ? ريال ليستمتعوا بعصير التفاح أو البرتقال.,Treat your kids with 3 pieces of chicken strips served with French fries and Pepsi. Add 2 SAR for them to enjoy apple or orange juice.,"[""MILK_OR_LACTOSE"",""EGG"",""PEANUT"",""TREE_NUTS"",""GLUTEN"",""SOYA"",""SESAME_SEEDS"",""CELERY"",""MUSTARD""]","{""physical_activity_to_burn"":{""value"":""154"",""unit"":""min""},""cholesterol"":{""value"":""33.6"",""unit"":""mg""},""fiber"":{""value"":""3.6"",""unit"":""g""},""full_fat"":{""value"":""22"",""unit"":""g""},""saturated_fat"":{""value"":""9"",""unit"":""g""},""trans_fat"":{""value"":""0"",""unit"":""g""},""salt"":{""value"":""0"",""unit"":""mg""},""added_suger"":{""value"":""0"",""unit"":""g""},""total_suger"":{""value"":""29"",""unit"":""g""},""carbohydrates"":{""value"":""75"",""unit"":""g""},""protein"":{""value"":""24.32"",""unit"":""g""},""sodium"":{""value"":""731"",""unit"":""mg""},""is_extra_salt"":{""value"":""0""},""calories"":{""value"":""593.4"",""unit"":""kcal""}}",[],https://d15pngy0ricipl.cloudfront.net/1747746433897_GCD01.webp,True,0,False,"[""639212c876d541ddec8cdea1"", ""639212c876d541ddec8cdeb7""]",,
delivery,وجبات الاطفال,Kids Meal,39,63ce506f80d35b44bcbe9a37,104296,6a8636466c9404f3b8826854,وجبة بوب كورن الدجاج للأطفال,Kids Chicken Popcorn,19,True,True,False,active,508,بوب كورن الدجاج المقرمش مع البطاطس المقلية، ومشروب منعش، ولعبة ممتعة للأطفال.,"Crispy Chicken Popcorn served with fries, a refreshing drink, and a fun toy for kids.",,"{""physical_activity_to_burn"":{""value"":""0"",""unit"":""min""},""cholesterol"":{""value"":""0"",""unit"":""mg""},""fiber"":{""value"":""0"",""unit"":""g""},""full_fat"":{""value"":""0"",""unit"":""g""},""saturated_fat"":{""value"":""0"",""unit"":""g""},""trans_fat"":{""value"":""0"",""unit"":""g""},""salt"":{""value"":""0"",""unit"":""mg""},""added_suger"":{""value"":""0"",""unit"":""g""},""total_suger"":{""value"":""0"",""unit"":""g""},""carbohydrates"":{""value"":""0"",""unit"":""g""},""protein"":{""value"":""0"",""unit"":""g""},""sodium"":{""value"":""0"",""unit"":""mg""},""is_extra_salt"":{""value"":""0""},""calories"":{""value"":""508"",""unit"":""kcal""}}",[],https://d15pngy0ricipl.cloudfront.net/1787209548432_vLpDP.webp,True,0,False,"[""639212c876d541ddec8cdea1"", ""639212c876d541ddec8cdeb7""]",,
delivery,مشروبات ساخنة,Hot drinks,46,63920b9fe16707f631dd95e5,101872,643540f9a2c92b0c3c970282,امريكانو,Americano,5,True,False,False,active,0,كوب أمريكانو محضّر من حبوب بن أرابيكا 100%.,A cup of Americano made from 100% Arabica beans.,[],"{""physical_activity_to_burn"":{""value"":""0"",""unit"":""min""},""cholesterol"":{""value"":""1"",""unit"":""mg""},""fiber"":{""value"":""0"",""unit"":""g""},""full_fat"":{""value"":""0.1"",""unit"":""g""},""saturated_fat"":{""value"":""0.1"",""unit"":""g""},""trans_fat"":{""value"":""0.1"",""unit"":""g""},""salt"":{""value"":""0"",""unit"":""mg""},""added_suger"":{""value"":""0"",""unit"":""g""},""total_suger"":{""value"":""0"",""unit"":""g""},""carbohydrates"":{""value"":""10"",""unit"":""g""},""protein"":{""value"":""0.1"",""unit"":""g""},""sodium"":{""value"":""20"",""unit"":""mg""},""is_extra_salt"":{""value"":""0""},""calories"":{""value"":""0"",""unit"":""kcal""}}",[],https://d15pngy0ricipl.cloudfront.net/1777813846559_ygEcb.webp,True,0,False,"[""64f927b4f2657e365f3d139b""]",,
delivery,مشروبات ساخنة,Hot drinks,46,63920b9fe16707f631dd95e5,101878,65141aebc07a261987efa4b5,شاي,Tea,3,True,False,False,active,0,كوب شاي ساخن بالنكهة الغنية.,Hot tea with a rich flavor.,[],"{""physical_activity_to_burn"":{""value"":""0"",""unit"":""min""},""cholesterol"":{""value"":""10"",""unit"":""mg""},""fiber"":{""value"":""0"",""unit"":""g""},""full_fat"":{""value"":""0"",""unit"":""g""},""saturated_fat"":{""value"":""0"",""unit"":""g""},""trans_fat"":{""value"":""0"",""unit"":""g""},""salt"":{""value"":""0"",""unit"":""mg""},""added_suger"":{""value"":""0"",""unit"":""g""},""total_suger"":{""value"":""0"",""unit"":""g""},""carbohydrates"":{""value"":""0"",""unit"":""g""},""protein"":{""value"":""0"",""unit"":""g""},""sodium"":{""value"":""0"",""unit"":""mg""},""is_extra_salt"":{""value"":""0""},""calories"":{""value"":""0"",""unit"":""kcal""},""caffeine"":{""value"":""30"",""unit"":""g""}}",[],https://d15pngy0ricipl.cloudfront.net/1777813952057_aan2g.webp,False,0,False,[],,
delivery,مشروبات ساخنة,Hot drinks,46,63920b9fe16707f631dd95e5,102845,643540f9a2c92b461b97026d,اسبريسو,Espresso,4,True,False,False,active,15,قهوة إسبرسو محضرّة من أفضل حبوب أرابيكا 100%.,Espresso made from premium 100% Arabica beans.,[],"{""physical_activity_to_burn"": {""value"": 0, ""unit"": ""min""}, ""cholesterol"": {""value"": 0, ""unit"": ""mg""}, ""fiber"": {""value"": 0, ""unit"": ""g""}, ""full_fat"": {""value"": 0, ""unit"": ""g""}, ""saturated_fat"": {""value"": 0, ""unit"": ""g""}, ""trans_fat"": {""value"": 0, ""unit"": ""g""}, ""salt"": {""value"": 0, ""unit"": ""mg""}, ""added_suger"": {""value"": 0, ""unit"": ""g""}, ""total_suger"": {""value"": 0, ""unit"": ""g""}, ""carbohydrates"": {""value"": 2, ""unit"": ""g""}, ""protein"": {""value"": 1, ""unit"": ""g""}, ""sodium"": {""value"": 9, ""unit"": ""mg""}, ""caffeine"": {""value"": 180, ""unit"": ""g""}, ""is_extra_salt"": {""value"": false}, ""calories"": {""value"": 15, ""unit"": ""kcal""}}",[],https://d15pngy0ricipl.cloudfront.net/1777813880263_fQwyn.webp,False,0,False,[],,
delivery,مشروبات ساخنة,Hot drinks,46,63920b9fe16707f631dd95e5,102846,643540f9a2c92b59f3970273,لاتيه,Latte,5,True,False,False,active,66,لاتيه مكوّن من قهوة أرابيكا مع الحليب ورغوة.,"Latte made with Arabica coffee, milk, and foam.","[""MILK_OR_LACTOSE""]","{""physical_activity_to_burn"":{""value"":""17"",""unit"":""min""},""cholesterol"":{""value"":""27"",""unit"":""mg""},""fiber"":{""value"":""0"",""unit"":""g""},""full_fat"":{""value"":""2"",""unit"":""g""},""saturated_fat"":{""value"":""2"",""unit"":""g""},""trans_fat"":{""value"":""0"",""unit"":""g""},""salt"":{""value"":""0"",""unit"":""mg""},""added_suger"":{""value"":""0"",""unit"":""g""},""total_suger"":{""value"":""5"",""unit"":""g""},""carbohydrates"":{""value"":""10"",""unit"":""g""},""protein"":{""value"":""2"",""unit"":""g""},""sodium"":{""value"":""45"",""unit"":""mg""},""is_extra_salt"":{""value"":""0""},""calories"":{""value"":""66"",""unit"":""kcal""}}",[],https://d15pngy0ricipl.cloudfront.net/1777813923499_ZC1ri.webp,True,0,False,"[""64f927b4f2657e365f3d1335""]",,
delivery,مشروبات ساخنة,Hot drinks,46,63920b9fe16707f631dd95e5,102847,643540f9a2c92b1b1397027f,كابتشينو,Cappuccino,5,True,False,False,active,39,كابيتشينو محضّر من حبوب أرابيكا 100% مع حليب ساخن ورغوة.,"Cappuccino made from 100% Arabica beans, with hot milk and foam.","[""MILK_OR_LACTOSE""]","{""physical_activity_to_burn"":{""value"":""10"",""unit"":""min""},""cholesterol"":{""value"":""23"",""unit"":""mg""},""fiber"":{""value"":""0"",""unit"":""g""},""full_fat"":{""value"":""1"",""unit"":""g""},""saturated_fat"":{""value"":""1"",""unit"":""g""},""trans_fat"":{""value"":""0"",""unit"":""g""},""salt"":{""value"":""0"",""unit"":""mg""},""added_suger"":{""value"":""0"",""unit"":""g""},""total_suger"":{""value"":""4"",""unit"":""g""},""carbohydrates"":{""value"":""5"",""unit"":""g""},""protein"":{""value"":""2"",""unit"":""g""},""sodium"":{""value"":""40"",""unit"":""mg""},""is_extra_salt"":{""value"":""0""},""calories"":{""value"":""39"",""unit"":""kcal""},""caffeine"":{""value"":""50"",""unit"":""g""}}",[],https://d15pngy0ricipl.cloudfront.net/1777813864954_ytHya.webp,True,0,False,"[""64f927b4f2657e365f3d137b""]",,
delivery,مشروبات ساخنة,Hot drinks,46,63920b9fe16707f631dd95e5,102848,643540f9a2c92b3f39970279,موكاتشينو,Mochaccino,5,True,False,False,active,49,قهوة إسبرسو ممزوجة بالحليب والشوكولاتة.,Espresso mixed with milk and chocolate.,"[""MILK_OR_LACTOSE"",""TREE_NUTS"",""SOYA"",""SULFITES""]","{""physical_activity_to_burn"":{""value"":""13"",""unit"":""min""},""cholesterol"":{""value"":""8"",""unit"":""mg""},""fiber"":{""value"":""0"",""unit"":""g""},""full_fat"":{""value"":""2"",""unit"":""g""},""saturated_fat"":{""value"":""1"",""unit"":""g""},""trans_fat"":{""value"":""0"",""unit"":""g""},""salt"":{""value"":""0"",""unit"":""mg""},""added_suger"":{""value"":""0"",""unit"":""g""},""total_suger"":{""value"":""5"",""unit"":""g""},""carbohydrates"":{""value"":""7"",""unit"":""g""},""protein"":{""value"":""2"",""unit"":""g""},""sodium"":{""value"":""43"",""unit"":""mg""},""is_extra_salt"":{""value"":""0""},""calories"":{""value"":""49"",""unit"":""kcal""}}",[],https://d15pngy0ricipl.cloudfront.net/1777813939071_uVT8v.webp,True,0,False,"[""64f927b4f2657e365f3d1354""]",,
delivery,مشروبات ساخنة,Hot drinks,46,63920b9fe16707f631dd95e5,102849,643540f9a2c92bed4897028b,هوت شوكوليت,Hot Chocolate,5,True,False,False,active,47,حليب الشوكلاتة الساخن مع نكهة الكاكاو.,Hot chocolate milk with cocoa flavor.,"[""MILK_OR_LACTOSE"",""EGG"",""GLUTEN"",""SOYA""]","{""physical_activity_to_burn"":{""value"":""12"",""unit"":""min""},""cholesterol"":{""value"":""7"",""unit"":""mg""},""fiber"":{""value"":""0"",""unit"":""g""},""full_fat"":{""value"":""1"",""unit"":""g""},""saturated_fat"":{""value"":""1"",""unit"":""g""},""trans_fat"":{""value"":""0"",""unit"":""g""},""salt"":{""value"":""0"",""unit"":""mg""},""added_suger"":{""value"":""0"",""unit"":""g""},""total_suger"":{""value"":""5"",""unit"":""g""},""carbohydrates"":{""value"":""7"",""unit"":""g""},""protein"":{""value"":""1"",""unit"":""g""},""sodium"":{""value"":""51"",""unit"":""mg""},""is_extra_salt"":{""value"":""0""},""calories"":{""value"":""47"",""unit"":""kcal""},""caffeine"":{""value"":""10"",""unit"":""g""}}",[],https://d15pngy0ricipl.cloudfront.net/1777813894993_StWnc.webp,True,0,False,"[""64f927b4f2657e365f3d13bf""]",,
delivery,مشروبات ساخنة,Hot drinks,46,63920b9fe16707f631dd95e5,102850,643540f9a2c92bc5a7970294,شاي كرك,Karak Tea,5,True,True,False,active,90,شاي كرك، مزيج من الشاي الأسود مع حليب، هيل، وزعفران.,"Karak tea, a blend of black tea with milk, cardamom, and saffron.","[""MILK_OR_LACTOSE"",""EGG"",""GLUTEN"",""SOYA""]","{""physical_activity_to_burn"":{""value"":""23"",""unit"":""min""},""cholesterol"":{""value"":""10"",""unit"":""mg""},""fiber"":{""value"":""0"",""unit"":""g""},""full_fat"":{""value"":""2"",""unit"":""g""},""saturated_fat"":{""value"":""2"",""unit"":""g""},""trans_fat"":{""value"":""0"",""unit"":""g""},""salt"":{""value"":""0"",""unit"":""mg""},""added_suger"":{""value"":""0"",""unit"":""g""},""total_suger"":{""value"":""11"",""unit"":""g""},""carbohydrates"":{""value"":""15"",""unit"":""g""},""protein"":{""value"":""2"",""unit"":""g""},""sodium"":{""value"":""33"",""unit"":""mg""},""is_extra_salt"":{""value"":""0""},""calories"":{""value"":""90"",""unit"":""kcal""},""caffeine"":{""value"":""70"",""unit"":""g""}}",[],https://d15pngy0ricipl.cloudfront.net/1777813911389_omMXP.webp,True,0,False,"[""64f927b4f2657e365f3d13ec""]",,
delivery,مقبلات,Sides,22,63920b9fe16707f0a0dd95de,100110,63920ba3e16707092ddd9647,هاش براون,Hash Brown,4,True,True,False,active,107,قطعة هاش براون.,Hash Brown,[],"{""physical_activity_to_burn"":{""value"":""28"",""unit"":""min""},""cholesterol"":{""value"":""0"",""unit"":""mg""},""fiber"":{""value"":""1.59"",""unit"":""g""},""full_fat"":{""value"":""7"",""unit"":""g""},""saturated_fat"":{""value"":""2.82"",""unit"":""g""},""trans_fat"":{""value"":""0"",""unit"":""g""},""salt"":{""value"":""0"",""unit"":""mg""},""added_suger"":{""value"":""0"",""unit"":""g""},""total_suger"":{""value"":""0.26"",""unit"":""g""},""carbohydrates"":{""value"":""9"",""unit"":""g""},""protein"":{""value"":""1"",""unit"":""g""},""sodium"":{""value"":""205"",""unit"":""mg""},""is_extra_salt"":{""value"":""0""},""calories"":{""value"":""107"",""unit"":""kcal""}}",[],https://d15pngy0ricipl.cloudfront.net/1747748307467_2Mhik.webp,False,0,False,[],,
delivery,مقبلات,Sides,22,63920b9fe16707f0a0dd95de,102721,63920ba3e1670773d0dd9649,جبنة الناتشوز,Cheese Nachos,13,True,True,False,active,283, 3 قطع ناتشوز مقلي وشهي ومحشو بالجبن الذائب. تقدم مع صوص تورتيلا,Mouthwatering crisp fried nachos filled with rich melted cheese. ( 3 pcs),"[""MILK_OR_LACTOSE"",""GLUTEN"",""SOYA""]","{""physical_activity_to_burn"":{""value"":""74"",""unit"":""min""},""cholesterol"":{""value"":""9.27"",""unit"":""mg""},""fiber"":{""value"":""2.82"",""unit"":""g""},""full_fat"":{""value"":""14.86"",""unit"":""g""},""saturated_fat"":{""value"":""7.21"",""unit"":""g""},""trans_fat"":{""value"":""0.16"",""unit"":""g""},""salt"":{""value"":""0"",""unit"":""mg""},""added_suger"":{""value"":""0"",""unit"":""g""},""total_suger"":{""value"":""1.61"",""unit"":""g""},""carbohydrates"":{""value"":""29.03"",""unit"":""g""},""protein"":{""value"":""8.22"",""unit"":""g""},""sodium"":{""value"":""899.44"",""unit"":""mg""},""is_extra_salt"":{""value"":""0""},""calories"":{""value"":""283"",""unit"":""kcal""}}","[{""name"": ""Dairy"", ""nameArabic"": ""الحليب ومشتقاته"", ""imageUrl"": ""https://d15pngy0ricipl.cloudfront.net/1678111258315.png"", ""_id"": ""67a8de2067ed07df8021386d""}, {""name"": ""Wheat"", ""nameArabic"": ""القمح"", ""imageUrl"": ""https://d15pngy0ricipl.cloudfront.net/1678186678592.png"", ""_id"": ""67a8de2067ed07df8021386e""}, {""name"": ""Soya Beans"", ""nameArabic"": ""الصويا"", ""imageUrl"": ""https://d15pngy0ricipl.cloudfront.net/1678186737657.png"", ""_id"": ""67a8de2067ed07df8021386f""}]",https://d15pngy0ricipl.cloudfront.net/1747747662144_zH0XR.webp,False,0,False,[],,
delivery,مقبلات,Sides,22,63920b9fe16707f0a0dd95de,102724,63920ba3e167072df9dd9652,تشيكن بايتس ( 6 قطع ),Chicken Bite Regular 6pcs,14,True,True,False,active,350,6  قطع تشيكن بايتس المقرمشة مع صوص ثاوزند ايلاند ، او صوص كودو الشهي او صوص باربيكيو او صوص دايناميت.,"6 pcs of crunchy breaded chicken bites with your choice of BBQ, Dynamite or thousand island dips.","[""MILK_OR_LACTOSE"",""GLUTEN""]","{""physical_activity_to_burn"":{""value"":""94"",""unit"":""min""},""cholesterol"":{""value"":""67.2"",""unit"":""mg""},""fiber"":{""value"":""1.2"",""unit"":""g""},""full_fat"":{""value"":""27.6"",""unit"":""g""},""saturated_fat"":{""value"":""12"",""unit"":""g""},""trans_fat"":{""value"":""0"",""unit"":""g""},""salt"":{""value"":""0"",""unit"":""mg""},""added_suger"":{""value"":""0"",""unit"":""g""},""total_suger"":{""value"":""0"",""unit"":""g""},""carbohydrates"":{""value"":""28.8"",""unit"":""g""},""protein"":{""value"":""42"",""unit"":""g""},""sodium"":{""value"":""549.6"",""unit"":""mg""},""is_extra_salt"":{""value"":""0""},""calories"":{""value"":""350.5"",""unit"":""kcal""}}","[{""name"": ""Dairy"", ""nameArabic"": ""الحليب ومشتقاته"", ""imageUrl"": ""https://d15pngy0ricipl.cloudfront.net/1678111258315.png"", ""_id"": ""6793830c8d2baff5ef9c1c73""}, {""name"": ""Wheat"", ""nameArabic"": ""القمح"", ""imageUrl"": ""https://d15pngy0ricipl.cloudfront.net/1678186678592.png"", ""_id"": ""6793830c8d2baff5ef9c1c74""}]",https://d15pngy0ricipl.cloudfront.net/1747747653142_Taqrb.webp,True,0,False,"[""639212c176d541ddec8cdd5c""]",,
delivery,مقبلات,Sides,22,63920b9fe16707f0a0dd95de,102725,63920ba3e1670748a3dd964d,بطاطس كرسبي,Potato Crisps,11,True,True,False,active,249,6 قطع مقرمشة,Our exclusive (6 pcs) crunchy fries crisped to perfection.,[],"{""physical_activity_to_burn"":{""value"":""65"",""unit"":""min""},""cholesterol"":{""value"":""0"",""unit"":""mg""},""fiber"":{""value"":""3.42"",""unit"":""g""},""full_fat"":{""value"":""15.27"",""unit"":""g""},""saturated_fat"":{""value"":""5.86"",""unit"":""g""},""trans_fat"":{""value"":""0.01"",""unit"":""g""},""salt"":{""value"":""0"",""unit"":""mg""},""added_suger"":{""value"":""0"",""unit"":""g""},""total_suger"":{""value"":""0"",""unit"":""g""},""carbohydrates"":{""value"":""25.19"",""unit"":""g""},""protein"":{""value"":""2.71"",""unit"":""g""},""sodium"":{""value"":""310.26"",""unit"":""mg""},""is_extra_salt"":{""value"":""0""},""calories"":{""value"":""249"",""unit"":""kcal""}}",[],https://d15pngy0ricipl.cloudfront.net/1747747645159_aOAke.webp,False,0,False,[],,
delivery,مقبلات,Sides,22,63920b9fe16707f0a0dd95de,102727,63920ba3e16707b7b3dd9650,تشيكن بايتس حار ( 6 قطع ),Chicken Bite Spicy 6pcs,14,True,True,False,active,350,6  قطع تشيكن بايتس الحارة والمقرمشة مع صوص ثاوزند ايلاند ، او صوص كودو الشهي او صوص باربيكيو او صوص دايناميت.,"6 pcs of crunchy breaded spicy chicken bites, just right for dunking into our thousand Island dip.","[""MILK_OR_LACTOSE"",""SOYA""]","{""physical_activity_to_burn"":{""value"":""88"",""unit"":""min""},""cholesterol"":{""value"":""67.2"",""unit"":""mg""},""fiber"":{""value"":""1.2"",""unit"":""g""},""full_fat"":{""value"":""27.6"",""unit"":""g""},""saturated_fat"":{""value"":""12"",""unit"":""g""},""trans_fat"":{""value"":""0"",""unit"":""g""},""salt"":{""value"":""0"",""unit"":""mg""},""added_suger"":{""value"":""0"",""unit"":""g""},""total_suger"":{""value"":""0"",""unit"":""g""},""carbohydrates"":{""value"":""28.8"",""unit"":""g""},""protein"":{""value"":""42"",""unit"":""g""},""sodium"":{""value"":""549.6"",""unit"":""mg""},""is_extra_salt"":{""value"":""0""},""calories"":{""value"":""350.5"",""unit"":""kcal""}}","[{""name"": ""Dairy"", ""nameArabic"": ""الحليب ومشتقاته"", ""imageUrl"": ""https://d15pngy0ricipl.cloudfront.net/1678111258315.png"", ""_id"": ""68caa022f5e973d4df1bb77d""}, {""name"": ""Wheat"", ""nameArabic"": ""القمح"", ""imageUrl"": ""https://d15pngy0ricipl.cloudfront.net/1678186678592.png"", ""_id"": ""68caa022f5e973d4df1bb77e""}]",https://d15pngy0ricipl.cloudfront.net/1747747637345_rhhaj.webp,False,0,False,[],,
delivery,مقبلات,Sides,22,63920b9fe16707f0a0dd95de,102728,63920ba3e167070080dd964e,بطاطس بالجبنة,Cheese Fries,14,True,True,False,active,350,بطاطس مقلية مقرمشة مغطاة بصلصة جبنة الشيدر الذائبة و البصل.,Our Original Fries topped with melted Cheddar Cheese sauce and Onion Chives.,"[""MILK_OR_LACTOSE"",""GLUTEN"",""SOYA""]","{""physical_activity_to_burn"": {""value"": 91, ""unit"": ""min""}, ""cholesterol"": {""value"": 0, ""unit"": ""mg""}, ""fiber"": {""value"": 5.04, ""unit"": ""g""}, ""full_fat"": {""value"": 15, ""unit"": ""g""}, ""saturated_fat"": {""value"": 4.91, ""unit"": ""g""}, ""trans_fat"": {""value"": 0.02, ""unit"": ""g""}, ""salt"": {""value"": 0, ""unit"": ""mg""}, ""added_suger"": {""value"": 0, ""unit"": ""g""}, ""total_suger"": {""value"": 0.99, ""unit"": ""g""}, ""carbohydrates"": {""value"": 48.15, ""unit"": ""g""}, ""protein"": {""value"": 4.53, ""unit"": ""g""}, ""sodium"": {""value"": 710.84, ""unit"": ""mg""}, ""is_extra_salt"": {""value"": false}, ""calories"": {""value"": 350, ""unit"": ""kcal""}}","[{""name"": ""Dairy"", ""nameArabic"": ""الحليب ومشتقاته"", ""imageUrl"": ""https://d15pngy0ricipl.cloudfront.net/1678111258315.png"", ""_id"": ""675ec6690d98eb0be746c63a""}, {""name"": ""Wheat"", ""nameArabic"": ""القمح"", ""imageUrl"": ""https://d15pngy0ricipl.cloudfront.net/1678186678592.png"", ""_id"": ""675ec6690d98eb0be746c63b""}, {""name"": ""Soya Beans"", ""nameArabic"": ""الصويا"", ""imageUrl"": ""https://d15pngy0ricipl.cloudfront.net/1678186737657.png"", ""_id"": ""675ec6690d98eb0be746c63c""}]",https://d15pngy0ricipl.cloudfront.net/1747747628961_s7QxW.webp,False,0,False,[],,
delivery,مقبلات,Sides,22,63920b9fe16707f0a0dd95de,102974,63920ba3e1670710f1dd9642,بطاطس كبير,Large Fries,11,True,True,False,active,355,بطاطس مقرمشة,Our crispy golden Fries.,"[""SOYA""]","{""physical_activity_to_burn"":{""value"":""92"",""unit"":""min""},""cholesterol"":{""value"":""20"",""unit"":""mg""},""fiber"":{""value"":""5"",""unit"":""g""},""full_fat"":{""value"":""15"",""unit"":""g""},""saturated_fat"":{""value"":""6"",""unit"":""g""},""trans_fat"":{""value"":""0"",""unit"":""g""},""salt"":{""value"":""0"",""unit"":""mg""},""added_suger"":{""value"":""0"",""unit"":""g""},""total_suger"":{""value"":""0"",""unit"":""g""},""carbohydrates"":{""value"":""51"",""unit"":""g""},""protein"":{""value"":""5"",""unit"":""g""},""sodium"":{""value"":""561"",""unit"":""mg""},""is_extra_salt"":{""value"":""0""},""calories"":{""value"":""355"",""unit"":""kcal""}}","[{""name"": ""Wheat"", ""nameArabic"": ""القمح"", ""imageUrl"": ""https://d15pngy0ricipl.cloudfront.net/1678186678592.png"", ""_id"": ""68caa14af5e973d4df1bb91b""}]",https://d15pngy0ricipl.cloudfront.net/1747747455105_5jxiw.webp,False,0,False,[],,
delivery,مقبلات,Sides,22,63920b9fe16707f0a0dd95de,103013,63920ba3e167073c57dd9648,دجاج ستربس ديو,Chicken Strips Duo,10,True,True,False,active,395,تلذذ بطعم الدجاج المقرمش مع قطعتين من دجاج ستربس الطري، يُقدم مع صوص المايونيز بالفلفل اللذيذ.,"Savor the crispy goodness of 2 tender Chicken Strips, perfectly paired with flavorful pepper mayo sauce.",[],"{""physical_activity_to_burn"": {""value"": 0, ""unit"": ""min""}, ""cholesterol"": {""value"": 0, ""unit"": ""mg""}, ""fiber"": {""value"": 0, ""unit"": ""g""}, ""full_fat"": {""value"": 0, ""unit"": ""g""}, ""saturated_fat"": {""value"": 0, ""unit"": ""g""}, ""trans_fat"": {""value"": 0, ""unit"": ""g""}, ""salt"": {""value"": 0, ""unit"": ""mg""}, ""added_suger"": {""value"": 0, ""unit"": ""g""}, ""total_suger"": {""value"": 0, ""unit"": ""g""}, ""carbohydrates"": {""value"": 0, ""unit"": ""g""}, ""protein"": {""value"": 0, ""unit"": ""g""}, ""sodium"": {""value"": 0, ""unit"": ""mg""}, ""is_extra_salt"": {""value"": false}, ""calories"": {""value"": 395, ""unit"": ""kcal""}}",[],https://d15pngy0ricipl.cloudfront.net/1747747403120_5H5LW.webp,False,0,False,[],,
delivery,مقبلات,Sides,22,63920b9fe16707f0a0dd95de,104174,695cbf499c5fae75ea66d413,طبق الناتشوز,KUDU Nachos Platter,17,True,True,False,active,653,رقائق ناتشوز سويت تشيلي مقرمشة مع شريحة لحم، صوص تشيدر، صوص بوريتو، هلابينو، وجواكامولي كريمي.,"Crunchy Sweet Chili nacho chips topped with a beef patty, cheddar cheese sauce, burrito sauce, jalape?os, and creamy guacamole.",,"{""physical_activity_to_burn"":{""value"":""0"",""unit"":""min""},""cholesterol"":{""value"":""25"",""unit"":""mg""},""fiber"":{""value"":""6.4"",""unit"":""g""},""full_fat"":{""value"":""43.3"",""unit"":""g""},""saturated_fat"":{""value"":""13.5"",""unit"":""g""},""trans_fat"":{""value"":""0"",""unit"":""g""},""salt"":{""value"":""0"",""unit"":""mg""},""added_suger"":{""value"":""0"",""unit"":""g""},""total_suger"":{""value"":""11.4"",""unit"":""g""},""carbohydrates"":{""value"":""56"",""unit"":""g""},""protein"":{""value"":""10.2"",""unit"":""g""},""sodium"":{""value"":""1198.7"",""unit"":""mg""},""is_extra_salt"":{""value"":""0""},""calories"":{""value"":""653.1"",""unit"":""kcal""}}",[],https://d15pngy0ricipl.cloudfront.net/1767703962365_uOPao.png,False,0,False,[],,
delivery,مقبلات,Sides,22,63920b9fe16707f0a0dd95de,104177,695cbf499c5fae75ea66d41a,طبق الناتشوز كبير,Large KUDU Nachos Platter,26,True,True,False,active,1438,رقائق ناتشوز سويت تشيلي مقرمشة مع قطع لحم، صوص تشيدر، صوص بوريتو، هلابينو، وجواكامولي كريمي.,"Crunchy Sweet Chili nacho chips topped with a beef patty, cheddar cheese sauce, burrito sauce, jalape?os, and creamy guacamole.",,"{""physical_activity_to_burn"":{""value"":""0"",""unit"":""min""},""cholesterol"":{""value"":""40"",""unit"":""mg""},""fiber"":{""value"":""11.3"",""unit"":""g""},""full_fat"":{""value"":""90.7"",""unit"":""g""},""saturated_fat"":{""value"":""35.9"",""unit"":""g""},""trans_fat"":{""value"":""0"",""unit"":""g""},""salt"":{""value"":""0"",""unit"":""mg""},""added_suger"":{""value"":""0"",""unit"":""g""},""total_suger"":{""value"":""21"",""unit"":""g""},""carbohydrates"":{""value"":""134.6"",""unit"":""g""},""protein"":{""value"":""21.4"",""unit"":""g""},""sodium"":{""value"":""2967.4"",""unit"":""mg""},""is_extra_salt"":{""value"":""0""},""calories"":{""value"":""1438"",""unit"":""kcal""}}",[],https://d15pngy0ricipl.cloudfront.net/1767704002269_9RaRX.png,False,0,False,[],,
delivery,الافطار,Breakfast,8,63920b9fe16707ea9cdd95dd,102696,63920ba2e16707a006dd962e,إفطار كودو,Kudu Breakfast,30,True,True,False,active,753,فطور يتكوّن من أومليت محشو بجبنة صفراء ذائبة، يُقدَّم مع هوت دوغ، صوص الجواكامولي، طماطم، هاش براون، خبز أسمر مُحمّص، زبدة، ومربى، مع قهوة وعصير.,"The finest breakfast with an omelet filled with melted yellow cheese, served with hotdog, guacamole dip, cherry tomatoes, hash brown, toasted brown bread, butter, jam, coffee, and juice on the side.","[""MILK_OR_LACTOSE"",""EGG"",""GLUTEN"",""SOYA""]","{""physical_activity_to_burn"":{""value"":""222"",""unit"":""min""},""cholesterol"":{""value"":""108.66"",""unit"":""mg""},""fiber"":{""value"":""7.63"",""unit"":""g""},""full_fat"":{""value"":""41.53"",""unit"":""g""},""saturated_fat"":{""value"":""22.37"",""unit"":""g""},""trans_fat"":{""value"":""0"",""unit"":""g""},""salt"":{""value"":""0"",""unit"":""mg""},""added_suger"":{""value"":""0"",""unit"":""g""},""total_suger"":{""value"":""6.56"",""unit"":""g""},""carbohydrates"":{""value"":""64.65"",""unit"":""g""},""protein"":{""value"":""30.26"",""unit"":""g""},""sodium"":{""value"":""1149.19"",""unit"":""mg""},""is_extra_salt"":{""value"":""0""},""calories"":{""value"":""753"",""unit"":""kcal""}}","[{""name"": ""Dairy"", ""nameArabic"": ""الحليب ومشتقاته"", ""imageUrl"": ""https://d15pngy0ricipl.cloudfront.net/1678111258315.png"", ""_id"": ""69ff4dc8882f8f6d7c7d8f95""}, {""name"": ""Wheat"", ""nameArabic"": ""القمح"", ""imageUrl"": ""https://d15pngy0ricipl.cloudfront.net/1678186678592.png"", ""_id"": ""69ff4dc8882f8f6d7c7d8f96""}, {""name"": ""Egg"", ""nameArabic"": ""البيض"", ""imageUrl"": ""https://d15pngy0ricipl.cloudfront.net/1678186702746.png"", ""_id"": ""69ff4dc8882f8f6d7c7d8f97""}, {""name"": ""Soya Beans"", ""nameArabic"": ""الصويا"", ""imageUrl"": ""https://d15pngy0ricipl.cloudfront.net/1678186737657.png"", ""_id"": ""69ff4dc8882f8f6d7c7d8f98""}]",https://d15pngy0ricipl.cloudfront.net/1778339260573_31wS8.png,True,0,True,"[""639212af76d541ddec8cccb1"", ""639212af76d541ddec8ccce6"", ""639212af76d541ddec8ccd38"", ""639212af76d541ddec8ccd85"", ""639212af76d541ddec8ccd9c"", ""64f92548f2657e365f3bf4d1"", ""639212af76d541ddec8cce06""]",0,
delivery,الافطار,Breakfast,8,63920b9fe16707ea9cdd95dd,102700,63920ba2e16707783edd963e,وجبة إفطار كلوب (توست أبيض),Club combo breakfast (White toast),31,True,True,False,active,885,كومبو كلوب بخبز التوست المحمص، مرتديلا دجاج، مرتديلا لحم بقري، شريحة ديك رومي، جبنة شيدر، جبنة سويسرية، بيض أومليت، طماطم، خس، مايونيز ومخلل.,"Club Combo Breakfast with toasted bread, chicken mortadella, beef mortadella, turkey slice, cheddar, Swiss cheese, omelet, tomato, lettuce, mayonnaise, and pickles.","[""MILK_OR_LACTOSE"",""EGG"",""GLUTEN"",""SOYA""]","{""physical_activity_to_burn"": {""value"": 204, ""unit"": ""min""}, ""cholesterol"": {""value"": 72.21, ""unit"": ""mg""}, ""fiber"": {""value"": 5.66, ""unit"": ""g""}, ""full_fat"": {""value"": 34.39, ""unit"": ""g""}, ""saturated_fat"": {""value"": 15.69, ""unit"": ""g""}, ""trans_fat"": {""value"": 0, ""unit"": ""g""}, ""salt"": {""value"": 0, ""unit"": ""mg""}, ""added_suger"": {""value"": 0, ""unit"": ""g""}, ""total_suger"": {""value"": 8.41, ""unit"": ""g""}, ""carbohydrates"": {""value"": 65.71, ""unit"": ""g""}, ""protein"": {""value"": 28.19, ""unit"": ""g""}, ""sodium"": {""value"": 1185.97, ""unit"": ""mg""}, ""is_extra_salt"": {""value"": true}, ""calories"": {""value"": 885, ""unit"": ""kcal""}}","[{""name"": ""Dairy"", ""nameArabic"": ""الحليب ومشتقاته"", ""imageUrl"": ""https://d15pngy0ricipl.cloudfront.net/1678111258315.png"", ""_id"": ""68caa159be139c1ee76dbaee""}, {""name"": ""Wheat"", ""nameArabic"": ""القمح"", ""imageUrl"": ""https://d15pngy0ricipl.cloudfront.net/1678186678592.png"", ""_id"": ""68caa159be139c1ee76dbaef""}, {""name"": ""Egg"", ""nameArabic"": ""البيض"", ""imageUrl"": ""https://d15pngy0ricipl.cloudfront.net/1678186702746.png"", ""_id"": ""68caa159be139c1ee76dbaf0""}, {""name"": ""Soya Beans"", ""nameArabic"": ""الصويا"", ""imageUrl"": ""https://d15pngy0ricipl.cloudfront.net/1678186737657.png"", ""_id"": ""68caa159be139c1ee76dbaf1""}]",https://d15pngy0ricipl.cloudfront.net/1747747820402_AVLlp.webp,True,0,True,"[""6392129b76d541ddec8cb5fc"", ""6392129c76d541ddec8cb666"", ""639212ac76d541ddec8cca0f"", ""64f92548f2657e365f3bf4d1""]",0,
delivery,الافطار,Breakfast,8,63920b9fe16707ea9cdd95dd,102702,63920ba2e167073b87dd962f,إفطار ستيك مع بيض,Steak & Eggs Breakfast,31,True,True,False,active,620,فطور يجمع بين البيض وشرائح الستيك، يُقدّم مع صوص الجواكامولي، طماطم، هاش براون، خبز مُحمّص، زبدة، ومربى، مع قهوة وعصير.,"The finest breakfast with eggs and steak slices, served with guacamole dip, cherry tomatoes, hash brown, toasted bread, butter, jam, coffee, and juice on the side.","[""MILK_OR_LACTOSE"",""EGG"",""GLUTEN"",""SOYA""]","{""physical_activity_to_burn"":{""value"":""187"",""unit"":""min""},""cholesterol"":{""value"":""292.4"",""unit"":""mg""},""fiber"":{""value"":""6.4"",""unit"":""g""},""full_fat"":{""value"":""26.34"",""unit"":""g""},""saturated_fat"":{""value"":""11.19"",""unit"":""g""},""trans_fat"":{""value"":""0"",""unit"":""g""},""salt"":{""value"":""0"",""unit"":""mg""},""added_suger"":{""value"":""0"",""unit"":""g""},""total_suger"":{""value"":""10.57"",""unit"":""g""},""carbohydrates"":{""value"":""55.36"",""unit"":""g""},""protein"":{""value"":""40.43"",""unit"":""g""},""sodium"":{""value"":""836.7"",""unit"":""mg""},""is_extra_salt"":{""value"":""0""},""calories"":{""value"":""620"",""unit"":""kcal""}}","[{""name"": ""Dairy"", ""nameArabic"": ""الحليب ومشتقاته"", ""imageUrl"": ""https://d15pngy0ricipl.cloudfront.net/1678111258315.png"", ""_id"": ""69ff4dd7a9d09755a7da161c""}, {""name"": ""Wheat"", ""nameArabic"": ""القمح"", ""imageUrl"": ""https://d15pngy0ricipl.cloudfront.net/1678186678592.png"", ""_id"": ""69ff4dd7a9d09755a7da161d""}, {""name"": ""Egg"", ""nameArabic"": ""البيض"", ""imageUrl"": ""https://d15pngy0ricipl.cloudfront.net/1678186702746.png"", ""_id"": ""69ff4dd7a9d09755a7da161e""}, {""name"": ""Soya Beans"", ""nameArabic"": ""الصويا"", ""imageUrl"": ""https://d15pngy0ricipl.cloudfront.net/1678186737657.png"", ""_id"": ""69ff4dd7a9d09755a7da161f""}]",https://d15pngy0ricipl.cloudfront.net/1778339283818_kIAWA.png,True,0,True,"[""639212b076d541ddec8cce5c"", ""64f92548f2657e365f3bf4d1"", ""66e6ea490929c1c4657e194a"", ""639212af76d541ddec8ccce6"", ""639212b076d541ddec8cced8"", ""66bd8e82e36ac2ace2d0e590"", ""639212af76d541ddec8cce06"", ""639212b176d541ddec8ccf5c""]",0,
delivery,الافطار,Breakfast,8,63920b9fe16707ea9cdd95dd,102704,63920ba2e167070246dd962c,ساندوتش راب بيض هوت دوق,Egg and Hotdog Wrap Sandwich,14,True,True,False,active,660,ساندوتش راب بيض هوت دوق,Egg and Hotdog Wrap Sandwich,[],"{""physical_activity_to_burn"":{""value"":""0"",""unit"":""min""},""cholesterol"":{""value"":""240"",""unit"":""mg""},""fiber"":{""value"":""6"",""unit"":""g""},""full_fat"":{""value"":""40"",""unit"":""g""},""saturated_fat"":{""value"":""14"",""unit"":""g""},""trans_fat"":{""value"":""0"",""unit"":""g""},""salt"":{""value"":""0"",""unit"":""mg""},""added_suger"":{""value"":""0"",""unit"":""g""},""total_suger"":{""value"":""4"",""unit"":""g""},""carbohydrates"":{""value"":""35"",""unit"":""g""},""protein"":{""value"":""38"",""unit"":""g""},""sodium"":{""value"":""1140"",""unit"":""mg""},""is_extra_salt"":{""value"":""0""},""calories"":{""value"":""660"",""unit"":""kcal""}}",[],https://d15pngy0ricipl.cloudfront.net/1747747731699_2Es1c.webp,True,0,False,"[""639212ae76d541ddec8ccb4f"", ""639212ae76d541ddec8ccb65""]",,
delivery,الافطار,Breakfast,8,63920b9fe16707ea9cdd95dd,102705,63920ba2e16707d2fedd9633,راب بيض هوت دوغ,Egg and Hotdog Wrap,18,True,True,False,active,868,تحضر من البيض المخفوق والجنبة الصفراء مع قطعة هوت دوغ طازجة في خبز التورتيلا,"Our delicious wrap bread is filled with scrambled eggs, hotdogs, and yellow cheese slices.",[],"{""physical_activity_to_burn"":{""value"":""0"",""unit"":""min""},""cholesterol"":{""value"":""240"",""unit"":""mg""},""fiber"":{""value"":""6"",""unit"":""g""},""full_fat"":{""value"":""40"",""unit"":""g""},""saturated_fat"":{""value"":""14"",""unit"":""g""},""trans_fat"":{""value"":""0"",""unit"":""g""},""salt"":{""value"":""0"",""unit"":""mg""},""added_suger"":{""value"":""0"",""unit"":""g""},""total_suger"":{""value"":""4"",""unit"":""g""},""carbohydrates"":{""value"":""35"",""unit"":""g""},""protein"":{""value"":""38"",""unit"":""g""},""sodium"":{""value"":""1140"",""unit"":""mg""},""is_extra_salt"":{""value"":""0""},""calories"":{""value"":""868"",""unit"":""kcal""}}",[],https://d15pngy0ricipl.cloudfront.net/1770274002712_4mL9L.webp,True,0,True,"[""639212ae76d541ddec8ccb4f"", ""639212ae76d541ddec8ccb65"", ""639212ac76d541ddec8cca0f""]",0,
delivery,الافطار,Breakfast,8,63920b9fe16707ea9cdd95dd,102706,63920ba2e167072feadd962a,ساندوتش الأومليت بالجبنة,Cheese Omelet Sandwich,18,True,True,False,active,762,ساندويتش أومليت مع جبنة، شرائح طماطم وخس في خبز أبيض.,"Omelet sandwich with cheese, tomato, and lettuce on white or brown bread.","[""MILK_OR_LACTOSE"",""EGG"",""GLUTEN"",""SOYA"",""SESAME_SEEDS""]","{""physical_activity_to_burn"":{""value"":""198"",""unit"":""min""},""cholesterol"":{""value"":""75.17"",""unit"":""mg""},""fiber"":{""value"":""4.05"",""unit"":""g""},""full_fat"":{""value"":""37.62"",""unit"":""g""},""saturated_fat"":{""value"":""25.66"",""unit"":""g""},""trans_fat"":{""value"":""0"",""unit"":""g""},""salt"":{""value"":""0"",""unit"":""mg""},""added_suger"":{""value"":""0"",""unit"":""g""},""total_suger"":{""value"":""6.32"",""unit"":""g""},""carbohydrates"":{""value"":""73.74"",""unit"":""g""},""protein"":{""value"":""32.04"",""unit"":""g""},""sodium"":{""value"":""1221.42"",""unit"":""mg""},""is_extra_salt"":{""value"":""0""},""calories"":{""value"":""762"",""unit"":""kcal""}}","[{""name"": ""Dairy"", ""nameArabic"": ""الحليب ومشتقاته"", ""imageUrl"": ""https://d15pngy0ricipl.cloudfront.net/1678111258315.png"", ""_id"": ""68caa189f5e973d4df1bb979""}, {""name"": ""Wheat"", ""nameArabic"": ""القمح"", ""imageUrl"": ""https://d15pngy0ricipl.cloudfront.net/1678186678592.png"", ""_id"": ""68caa189f5e973d4df1bb97a""}, {""name"": ""Egg"", ""nameArabic"": ""البيض"", ""imageUrl"": ""https://d15pngy0ricipl.cloudfront.net/1678186702746.png"", ""_id"": ""68caa189f5e973d4df1bb97b""}, {""name"": ""Soya Beans"", ""nameArabic"": ""الصويا"", ""imageUrl"": ""https://d15pngy0ricipl.cloudfront.net/1678186737657.png"", ""_id"": ""68caa189f5e973d4df1bb97c""}, {""name"": ""Sesame"", ""nameArabic"": ""السمسم"", ""imageUrl"": ""https://d15pngy0ricipl.cloudfront.net/1678186765733.png"", ""_id"": ""68caa189f5e973d4df1bb97d""}]",https://d15pngy0ricipl.cloudfront.net/1747747712300_VdkDB.webp,True,0,False,"[""639212ad76d541ddec8cca61"", ""639212ad76d541ddec8cca95"", ""64f92549f2657e365f3bfdfc""]",,
delivery,الافطار,Breakfast,8,63920b9fe16707ea9cdd95dd,102708,63920ba2e167075e6fdd962d,وجبة ساندوتش الأومليت بالجبنة,Cheese Omelet Combo,21,True,True,False,active,970,ساندويتش أومليت كومبو مع جبنة، شرائح طماطم وخس في خبز أبيض، مع اختيارك من العصير أو المشروبات الساخنة.,"Omelet Combo with cheese, tomato, and lettuce on white bread. Served with your choice of juice or hot drink.","[""MILK_OR_LACTOSE"",""EGG"",""GLUTEN"",""SOYA"",""SESAME_SEEDS""]","{""physical_activity_to_burn"":{""value"":""252"",""unit"":""min""},""cholesterol"":{""value"":""75.2"",""unit"":""mg""},""fiber"":{""value"":""5.86"",""unit"":""g""},""full_fat"":{""value"":""45"",""unit"":""g""},""saturated_fat"":{""value"":""28.5"",""unit"":""g""},""trans_fat"":{""value"":""0.01"",""unit"":""g""},""salt"":{""value"":""0"",""unit"":""mg""},""added_suger"":{""value"":""17.8"",""unit"":""g""},""total_suger"":{""value"":""0"",""unit"":""g""},""carbohydrates"":{""value"":""105.8"",""unit"":""g""},""protein"":{""value"":""35.3"",""unit"":""g""},""sodium"":{""value"":""1452.8"",""unit"":""mg""},""is_extra_salt"":{""value"":""0""},""calories"":{""value"":""970"",""unit"":""kcal""}}","[{""name"": ""Dairy"", ""nameArabic"": ""الحليب ومشتقاته"", ""imageUrl"": ""https://d15pngy0ricipl.cloudfront.net/1678111258315.png"", ""_id"": ""69c4ed55ec9be42bdc5897da""}, {""name"": ""Wheat"", ""nameArabic"": ""القمح"", ""imageUrl"": ""https://d15pngy0ricipl.cloudfront.net/1678186678592.png"", ""_id"": ""69c4ed55ec9be42bdc5897db""}, {""name"": ""Egg"", ""nameArabic"": ""البيض"", ""imageUrl"": ""https://d15pngy0ricipl.cloudfront.net/1678186702746.png"", ""_id"": ""69c4ed55ec9be42bdc5897dc""}, {""name"": ""Soya Beans"", ""nameArabic"": ""الصويا"", ""imageUrl"": ""https://d15pngy0ricipl.cloudfront.net/1678186737657.png"", ""_id"": ""69c4ed55ec9be42bdc5897dd""}, {""name"": ""Sesame"", ""nameArabic"": ""السمسم"", ""imageUrl"": ""https://d15pngy0ricipl.cloudfront.net/1678186765733.png"", ""_id"": ""69c4ed55ec9be42bdc5897de""}]",https://d15pngy0ricipl.cloudfront.net/1747747704204_y565J.webp,True,0,True,"[""639212ac76d541ddec8cca0f"", ""639212ad76d541ddec8cca61"", ""639212ad76d541ddec8cca95"", ""64f92549f2657e365f3bfdfc""]",0,
delivery,الافطار,Breakfast,8,63920b9fe16707ea9cdd95dd,102710,63920ba2e167075f9fdd9631,وافل بصوص المابل,Maple Waffles,15,True,True,False,active,269,قطعة وافل الشهية تعلوها مابل سيروب وقطعة زبدة.,A traditional delicious waffle topped with maple syrup and butter .,"[""MILK_OR_LACTOSE"",""EGG"",""GLUTEN"",""SOYA""]","{""physical_activity_to_burn"":{""value"":""70"",""unit"":""min""},""cholesterol"":{""value"":""11.53"",""unit"":""mg""},""fiber"":{""value"":""1.68"",""unit"":""g""},""full_fat"":{""value"":""6.16"",""unit"":""g""},""saturated_fat"":{""value"":""2.26"",""unit"":""g""},""trans_fat"":{""value"":""0"",""unit"":""g""},""salt"":{""value"":""0"",""unit"":""mg""},""added_suger"":{""value"":""0"",""unit"":""g""},""total_suger"":{""value"":""6.08"",""unit"":""g""},""carbohydrates"":{""value"":""46.57"",""unit"":""g""},""protein"":{""value"":""6.92"",""unit"":""g""},""sodium"":{""value"":""717.47"",""unit"":""mg""},""is_extra_salt"":{""value"":""0""},""calories"":{""value"":""269"",""unit"":""kcal""}}","[{""name"": ""Dairy"", ""nameArabic"": ""الحليب ومشتقاته"", ""imageUrl"": ""https://d15pngy0ricipl.cloudfront.net/1678111258315.png"", ""_id"": ""675fe8dd46ba96d0597e3b7f""}, {""name"": ""Wheat"", ""nameArabic"": ""القمح"", ""imageUrl"": ""https://d15pngy0ricipl.cloudfront.net/1678186678592.png"", ""_id"": ""675fe8dd46ba96d0597e3b80""}, {""name"": ""Egg"", ""nameArabic"": ""البيض"", ""imageUrl"": ""https://d15pngy0ricipl.cloudfront.net/1678186702746.png"", ""_id"": ""675fe8dd46ba96d0597e3b81""}, {""name"": ""Soya Beans"", ""nameArabic"": ""الصويا"", ""imageUrl"": ""https://d15pngy0ricipl.cloudfront.net/1678186737657.png"", ""_id"": ""675fe8dd46ba96d0597e3b82""}]",https://d15pngy0ricipl.cloudfront.net/1747747696387_POQra.webp,True,0,False,"[""639212ab76d541ddec8cc949""]",,
delivery,الافطار,Breakfast,8,63920b9fe16707ea9cdd95dd,102714,63920ba2e167073b69dd9632,بان كيك - مابل,Maple Pancakes,18,True,True,False,active,646, 3 قطع من البان كيك الطازجة واللذيذة ، تعلوها مابل سيروب وقطعة زبدة.,"3 pcs of our homemade pancakes griddled to golden brown, topped with Maple syrup and butter.","[""MILK_OR_LACTOSE"",""EGG"",""GLUTEN"",""SOYA""]","{""physical_activity_to_burn"":{""value"":""168"",""unit"":""min""},""cholesterol"":{""value"":""9.73"",""unit"":""mg""},""fiber"":{""value"":""3.53"",""unit"":""g""},""full_fat"":{""value"":""16.77"",""unit"":""g""},""saturated_fat"":{""value"":""7.68"",""unit"":""g""},""trans_fat"":{""value"":""0"",""unit"":""g""},""salt"":{""value"":""0"",""unit"":""mg""},""added_suger"":{""value"":""0"",""unit"":""g""},""total_suger"":{""value"":""23.07"",""unit"":""g""},""carbohydrates"":{""value"":""109.57"",""unit"":""g""},""protein"":{""value"":""14.21"",""unit"":""g""},""sodium"":{""value"":""1365.88"",""unit"":""mg""},""is_extra_salt"":{""value"":""0""},""calories"":{""value"":""646"",""unit"":""kcal""}}","[{""name"": ""Dairy"", ""nameArabic"": ""الحليب ومشتقاته"", ""imageUrl"": ""https://d15pngy0ricipl.cloudfront.net/1678111258315.png"", ""_id"": ""675fe965168d0de0acb61038""}, {""name"": ""Wheat"", ""nameArabic"": ""القمح"", ""imageUrl"": ""https://d15pngy0ricipl.cloudfront.net/1678186678592.png"", ""_id"": ""675fe965168d0de0acb61039""}, {""name"": ""Egg"", ""nameArabic"": ""البيض"", ""imageUrl"": ""https://d15pngy0ricipl.cloudfront.net/1678186702746.png"", ""_id"": ""675fe965168d0de0acb6103a""}, {""name"": ""Soya Beans"", ""nameArabic"": ""الصويا"", ""imageUrl"": ""https://d15pngy0ricipl.cloudfront.net/1678186737657.png"", ""_id"": ""675fe965168d0de0acb6103b""}]",https://d15pngy0ricipl.cloudfront.net/1747747679940_75grm.webp,True,0,False,"[""639212ab76d541ddec8cc8c6""]",,
delivery,الافطار,Breakfast,8,63920b9fe16707ea9cdd95dd,103447,64f9257c7fe9ca9fce5f441b,فطور بيض و دجاج,Egg & Chicken Breakfast,31,True,True,False,active,637,"ابدأ صباحك بمنيو تصبيحة كودو واستمتع بوجبة فاخرة وشهية من بيض العيون مع قطع الدجاج و الهاش براون المقرمش تأتي مع التوست المحمص ، طماطم شيري ، خيار ، زبدة ، مربى. بالأضافة الى قهوة و مشروب من اختيارك ( عصير برتقال او عصير تفاح)
","The finest breakfast with eggs and Chicken slices. Served with cucumber, cherry tomatoes, hash brown+ toasted bread, butter, jam, coffee & juice on the side.","[""MILK_OR_LACTOSE"",""EGG"",""GLUTEN"",""SOYA"",""SESAME_SEEDS""]","{""physical_activity_to_burn"":{""value"":""165"",""unit"":""min""},""cholesterol"":{""value"":""1033"",""unit"":""mg""},""fiber"":{""value"":""6"",""unit"":""g""},""full_fat"":{""value"":""0"",""unit"":""g""},""saturated_fat"":{""value"":""9"",""unit"":""g""},""trans_fat"":{""value"":""0"",""unit"":""g""},""salt"":{""value"":""0"",""unit"":""mg""},""added_suger"":{""value"":""0"",""unit"":""g""},""total_suger"":{""value"":""8"",""unit"":""g""},""carbohydrates"":{""value"":""53"",""unit"":""g""},""protein"":{""value"":""50"",""unit"":""g""},""sodium"":{""value"":""894"",""unit"":""mg""},""is_extra_salt"":{""value"":""0""},""calories"":{""value"":""637"",""unit"":""kcal""}}",[],https://d15pngy0ricipl.cloudfront.net/1778339234078_7W6CI.png,True,0,True,"[""639212b076d541ddec8cce5c"", ""66e6ea490929c1c4657e194a"", ""639212af76d541ddec8ccce6"", ""639212b076d541ddec8cced8"", ""639212af76d541ddec8cce06"", ""64f92548f2657e365f3bf4d1"", ""66bd8e81e36ac2ace2d0e008""]",0,
delivery,الافطار,Breakfast,8,63920b9fe16707ea9cdd95dd,104096,68e5ff657fc6b368d8c2095a,راب البيض,Egg Wrap,8,True,True,False,active,335,خبز الراب مع بيض مخفوق، هاش براون مقرمش، والجبن.,"A simple wrap with scrambled eggs, crispy hash brown, and melted cheese.",,"{""physical_activity_to_burn"":{""value"":""0"",""unit"":""min""},""cholesterol"":{""value"":""32.3"",""unit"":""mg""},""fiber"":{""value"":""2.3"",""unit"":""g""},""full_fat"":{""value"":""12.2"",""unit"":""g""},""saturated_fat"":{""value"":""3.8"",""unit"":""g""},""trans_fat"":{""value"":""0"",""unit"":""g""},""salt"":{""value"":""0"",""unit"":""mg""},""added_suger"":{""value"":""0"",""unit"":""g""},""total_suger"":{""value"":""2.4"",""unit"":""g""},""carbohydrates"":{""value"":""32.3"",""unit"":""g""},""protein"":{""value"":""12.1"",""unit"":""g""},""sodium"":{""value"":""535.6"",""unit"":""mg""},""is_extra_salt"":{""value"":""0""},""calories"":{""value"":""335.4"",""unit"":""kcal""}}",[],https://d15pngy0ricipl.cloudfront.net/1783413372766_wEu4p.webp,True,0,False,"[""639212ae76d541ddec8ccb4f"", ""639212ae76d541ddec8ccb65""]",,
delivery,الافطار,Breakfast,8,63920b9fe16707ea9cdd95dd,104099,68e5ff657fc6b368d8c20961,وجبة راب البيض,Egg Wrap Combo,13,True,True,False,active,335,ساندويتش راب محشو ببيض مخفوق، وهاش براون مقرمش، مع الجبن. الطعم المثالي مع فنجان قهوة ساخنة.,"A simple wrap with scrambled eggs, crispy hash brown, and melted cheese, pefectly paired with hot coffe.",,"{""physical_activity_to_burn"":{""value"":""0"",""unit"":""min""},""cholesterol"":{""value"":""32.3"",""unit"":""mg""},""fiber"":{""value"":""2.3"",""unit"":""g""},""full_fat"":{""value"":""12.2"",""unit"":""g""},""saturated_fat"":{""value"":""3.8"",""unit"":""g""},""trans_fat"":{""value"":""0"",""unit"":""g""},""salt"":{""value"":""0"",""unit"":""mg""},""added_suger"":{""value"":""0"",""unit"":""g""},""total_suger"":{""value"":""2.4"",""unit"":""g""},""carbohydrates"":{""value"":""32.3"",""unit"":""g""},""protein"":{""value"":""535.6"",""unit"":""g""},""sodium"":{""value"":""0"",""unit"":""mg""},""is_extra_salt"":{""value"":""0""},""calories"":{""value"":""335.4"",""unit"":""kcal""}}",[],https://d15pngy0ricipl.cloudfront.net/1783413386267_G0pLS.webp,True,0,True,"[""639212ae76d541ddec8ccb4f"", ""639212ae76d541ddec8ccb65"", ""639212ac76d541ddec8cca0f""]",0,
delivery,الافطار,Breakfast,8,63920b9fe16707ea9cdd95dd,104197,698795064100073eab485839,ساندويتش الدجاج بالبيض,Egg & Chicken Wrap,13,True,True,False,active,711,ساندويتش دجاج مقرمش مع بيض وجبن.,"Wrap with crispy breaded chicken, egg, and cheese.",,"{""physical_activity_to_burn"":{""value"":""0"",""unit"":""min""},""cholesterol"":{""value"":""0"",""unit"":""mg""},""fiber"":{""value"":""5.3"",""unit"":""g""},""full_fat"":{""value"":""36.1"",""unit"":""g""},""saturated_fat"":{""value"":""22.1"",""unit"":""g""},""trans_fat"":{""value"":""0"",""unit"":""g""},""salt"":{""value"":""0"",""unit"":""mg""},""added_suger"":{""value"":""0"",""unit"":""g""},""total_suger"":{""value"":""5.3"",""unit"":""g""},""carbohydrates"":{""value"":""49.2"",""unit"":""g""},""protein"":{""value"":""47.5"",""unit"":""g""},""sodium"":{""value"":""1406.4"",""unit"":""mg""},""is_extra_salt"":{""value"":""0""},""calories"":{""value"":""711"",""unit"":""kcal""}}",[],https://d15pngy0ricipl.cloudfront.net/1770528817595_uXfC3.webp,True,0,False,"[""6987948506ecef875aaeb729"", ""6987948506ecef875aaeb757""]",,
delivery,الافطار,Breakfast,8,63920b9fe16707ea9cdd95dd,104200,698795064100073eab485840,وجبة ساندويتش الدجاج بالبيض,Egg & Chicken Wrap Meal,17,True,True,False,active,939,ساندويتش دجاج مقرمش مع بيض وجبن، يُقدَّم مع قطعة هاش براون  واختيارك من القهوة أو عصير البرتقال.,"Wrap with crispy breaded chicken, egg, and cheese, served with one hash brown and your choice of coffee or orange juice.",,"{""physical_activity_to_burn"":{""value"":""0"",""unit"":""min""},""cholesterol"":{""value"":""0"",""unit"":""mg""},""fiber"":{""value"":""7.1"",""unit"":""g""},""full_fat"":{""value"":""43.5"",""unit"":""g""},""saturated_fat"":{""value"":""25"",""unit"":""g""},""trans_fat"":{""value"":""0.01"",""unit"":""g""},""salt"":{""value"":""0"",""unit"":""mg""},""added_suger"":{""value"":""0"",""unit"":""g""},""total_suger"":{""value"":""21"",""unit"":""g""},""carbohydrates"":{""value"":""85.3"",""unit"":""g""},""protein"":{""value"":""51"",""unit"":""g""},""sodium"":{""value"":""1848"",""unit"":""mg""},""is_extra_salt"":{""value"":""0""},""calories"":{""value"":""939"",""unit"":""kcal""}}",[],https://d15pngy0ricipl.cloudfront.net/1770528827638_EnO1W.webp,True,0,True,"[""6987948506ecef875aaeb729"", ""6987948506ecef875aaeb757"", ""639212ac76d541ddec8cca0f""]",0,
delivery,حلا,Dessert,21,63920b9fe16707bcfbdd95df,103032,63ce50f181a67a792690f06c,مافن شوكليت شيب,Chocolate Chip Muffin,6,True,True,False,active,387,خفيفة ورقيقة بنكهة الشوكولاتة الغنية ورقائق الشوكولاتة الممزوجة داخلها.,"Light and fluffy with rich, moist chocolate flavor and hidden chocolate chips inside.","[""MILK_OR_LACTOSE"",""EGG"",""GLUTEN"",""SOYA""]","{""physical_activity_to_burn"":{""value"":""149"",""unit"":""min""},""cholesterol"":{""value"":""69"",""unit"":""mg""},""fiber"":{""value"":""3"",""unit"":""g""},""full_fat"":{""value"":""31"",""unit"":""g""},""saturated_fat"":{""value"":""15"",""unit"":""g""},""trans_fat"":{""value"":""5.3"",""unit"":""g""},""salt"":{""value"":""0"",""unit"":""mg""},""added_suger"":{""value"":""0"",""unit"":""g""},""total_suger"":{""value"":""45"",""unit"":""g""},""carbohydrates"":{""value"":""65"",""unit"":""g""},""protein"":{""value"":""7"",""unit"":""g""},""sodium"":{""value"":""48"",""unit"":""mg""},""is_extra_salt"":{""value"":""0""},""calories"":{""value"":""387"",""unit"":""kcal""},""caffeine"":{""value"":""30"",""unit"":""g""}}",[],https://d15pngy0ricipl.cloudfront.net/1747747395604_rpWf5.webp,False,0,False,[],,
delivery,حلا,Dessert,21,63920b9fe16707bcfbdd95df,103844,66e6d13e90e82feee64460cd,تشيزكيك سان سباستيان,San Sebastian Cheesecake,16,True,True,False,active,299,تشيزكيك سان سباستيان كريمي بسطح مكرمل، مع صلصة فراولة أو شوكولاتة اختيارية.,Creamy San Sebastian cheesecake with caramelized top. Served with optional strawberry or chocolate sauce.,[],"{""physical_activity_to_burn"":{""value"":""78"",""unit"":""min""},""cholesterol"":{""value"":""0"",""unit"":""mg""},""fiber"":{""value"":""0"",""unit"":""g""},""full_fat"":{""value"":""19"",""unit"":""g""},""saturated_fat"":{""value"":""13"",""unit"":""g""},""trans_fat"":{""value"":""0"",""unit"":""g""},""salt"":{""value"":""0"",""unit"":""mg""},""added_suger"":{""value"":""0"",""unit"":""g""},""total_suger"":{""value"":""22"",""unit"":""g""},""carbohydrates"":{""value"":""26"",""unit"":""g""},""protein"":{""value"":""6"",""unit"":""g""},""sodium"":{""value"":""0.5"",""unit"":""mg""},""is_extra_salt"":{""value"":""0""},""calories"":{""value"":""299"",""unit"":""kcal""}}",[],https://d15pngy0ricipl.cloudfront.net/1747746377051_4pM7v.webp,True,0,False,"[""67483d9eacfb09939724d3bb""]",,
delivery,الوجبات,Combos,19,63920b9fe16707a6d7dd95da,103290,64be4a1254a9376e35ef123c,وجبة كودو دجاج,Kudu Chicken Combo,34,True,True,False,active,1000,كومبو دجاج مع خضار طازجة، صوص الصويا والمايونيز في خبز كودو. يقدّم مع بطاطس ومشروب غازي.,"Kudu Chicken Combo with fresh vegetables, soy sauce, and mayonnaise in Kudu bread. Served with fries and a soft drink.","[""MILK_OR_LACTOSE"",""EGG"",""GLUTEN"",""SOYA"",""SESAME_SEEDS""]","{""physical_activity_to_burn"":{""value"":""224"",""unit"":""min""},""cholesterol"":{""value"":""62.5"",""unit"":""mg""},""fiber"":{""value"":""9.6"",""unit"":""g""},""full_fat"":{""value"":""29.5"",""unit"":""g""},""saturated_fat"":{""value"":""9.9"",""unit"":""g""},""trans_fat"":{""value"":""0"",""unit"":""g""},""salt"":{""value"":""0"",""unit"":""mg""},""added_suger"":{""value"":""0"",""unit"":""g""},""total_suger"":{""value"":""38.2"",""unit"":""g""},""carbohydrates"":{""value"":""146.9"",""unit"":""g""},""protein"":{""value"":""38.2"",""unit"":""g""},""sodium"":{""value"":""1727"",""unit"":""mg""},""is_extra_salt"":{""value"":""0""},""calories"":{""value"":""1000"",""unit"":""kcal""}}","[{""name"": ""Dairy"", ""nameArabic"": ""الحليب ومشتقاته"", ""imageUrl"": ""https://d15pngy0ricipl.cloudfront.net/1678111258315.png"", ""_id"": ""6a8869af3df0cfe9cd9ac673""}, {""name"": ""Wheat"", ""nameArabic"": ""القمح"", ""imageUrl"": ""https://d15pngy0ricipl.cloudfront.net/1678186678592.png"", ""_id"": ""6a8869af3df0cfe9cd9ac674""}, {""name"": ""Egg"", ""nameArabic"": ""البيض"", ""imageUrl"": ""https://d15pngy0ricipl.cloudfront.net/1678186702746.png"", ""_id"": ""6a8869af3df0cfe9cd9ac675""}, {""name"": ""Soya Beans"", ""nameArabic"": ""الصويا"", ""imageUrl"": ""https://d15pngy0ricipl.cloudfront.net/1678186737657.png"", ""_id"": ""6a8869af3df0cfe9cd9ac676""}, {""name"": ""Sesame"", ""nameArabic"": ""السمسم"", ""imageUrl"": ""https://d15pngy0ricipl.cloudfront.net/1678186765733.png"", ""_id"": ""6a8869af3df0cfe9cd9ac677""}]",https://d15pngy0ricipl.cloudfront.net/1747747090264_f7QOY.webp,True,0,True,"[""64be3fde056c3c42a01f8a99"", ""6392129776d541ddec8cb128"", ""6392129776d541ddec8cb174"", ""6392129776d541ddec8cb189"", ""6392129576d541ddec8caf85"", ""6531f8af35c8d7ea8c72aa9a"", ""67e52bd49e443271eded0b30""]",0,
delivery,الوجبات,Combos,19,63920b9fe16707a6d7dd95da,103291,64be4a1254a93706b1ef123f,وجبة كودو لحم,Kudu Beef Combo,35,True,True,False,active,1106,كومبو لحم مع جبنة صفراء، خضار طازجة ومايونيز في خبز كودو الشهي. يقدّم مع بطاطس ومشروب غازي.,"Kudu Beef Combo with yellow cheese, fresh vegetables, and mayonnaise in Kudu bread. Served with fries and a soft drink.","[""MILK_OR_LACTOSE"",""EGG"",""GLUTEN"",""SOYA"",""SESAME_SEEDS""]","{""physical_activity_to_burn"":{""value"":""251"",""unit"":""min""},""cholesterol"":{""value"":""62.38"",""unit"":""mg""},""fiber"":{""value"":""6.62"",""unit"":""g""},""full_fat"":{""value"":""37.31"",""unit"":""g""},""saturated_fat"":{""value"":""14.46"",""unit"":""g""},""trans_fat"":{""value"":""0"",""unit"":""g""},""salt"":{""value"":""0"",""unit"":""mg""},""added_suger"":{""value"":""0"",""unit"":""g""},""total_suger"":{""value"":""45.51"",""unit"":""g""},""carbohydrates"":{""value"":""152.38"",""unit"":""g""},""protein"":{""value"":""41.8"",""unit"":""g""},""sodium"":{""value"":""1843.2"",""unit"":""mg""},""is_extra_salt"":{""value"":""0""},""calories"":{""value"":""1106"",""unit"":""kcal""}}","[{""name"": ""Dairy"", ""nameArabic"": ""الحليب ومشتقاته"", ""imageUrl"": ""https://d15pngy0ricipl.cloudfront.net/1678111258315.png"", ""_id"": ""681cb12c674a530be9319009""}, {""name"": ""Wheat"", ""nameArabic"": ""القمح"", ""imageUrl"": ""https://d15pngy0ricipl.cloudfront.net/1678186678592.png"", ""_id"": ""681cb12c674a530be931900a""}, {""name"": ""Egg"", ""nameArabic"": ""البيض"", ""imageUrl"": ""https://d15pngy0ricipl.cloudfront.net/1678186702746.png"", ""_id"": ""681cb12c674a530be931900b""}, {""name"": ""Soya Beans"", ""nameArabic"": ""الصويا"", ""imageUrl"": ""https://d15pngy0ricipl.cloudfront.net/1678186737657.png"", ""_id"": ""681cb12c674a530be931900c""}, {""name"": ""Sesame"", ""nameArabic"": ""السمسم"", ""imageUrl"": ""https://d15pngy0ricipl.cloudfront.net/1678186765733.png"", ""_id"": ""681cb12c674a530be931900d""}]",https://d15pngy0ricipl.cloudfront.net/1747747081132_1hDAF.webp,True,0,True,"[""64be3fde056c3c42a01f8a99"", ""6392129e76d541ddec8cb8fd"", ""6392129e76d541ddec8cb945"", ""6392129776d541ddec8cb189"", ""6392129576d541ddec8caf85"", ""6531f92e35c8d7ea8c734e3f"", ""67e52bd49e443271eded0b30""]",0,
delivery,الوجبات,Combos,19,63920b9fe16707a6d7dd95da,103293,64be4a1254a9373a3aef1242,وجبة برجر الدجاج,Chicken Burger Combo,29,True,True,False,active,990,كومبو برجر دجاج مع الخس والمايونيز بخبز البرجر بالسمسم، مع بطاطس ومشروب غازي.,Chicken Burger Combo with lettuce and mayonnaise in sesame bun. Served with fries and a soft drink.,"[""MILK_OR_LACTOSE"",""EGG"",""GLUTEN"",""SOYA"",""SESAME_SEEDS""]","{""physical_activity_to_burn"":{""value"":""221"",""unit"":""min""},""cholesterol"":{""value"":""21.4"",""unit"":""mg""},""fiber"":{""value"":""10.7"",""unit"":""g""},""full_fat"":{""value"":""39.5"",""unit"":""g""},""saturated_fat"":{""value"":""12.5"",""unit"":""g""},""trans_fat"":{""value"":""0"",""unit"":""g""},""salt"":{""value"":""0"",""unit"":""mg""},""added_suger"":{""value"":""0"",""unit"":""g""},""total_suger"":{""value"":""38.8"",""unit"":""g""},""carbohydrates"":{""value"":""136.8"",""unit"":""g""},""protein"":{""value"":""23.5"",""unit"":""g""},""sodium"":{""value"":""1440.1"",""unit"":""mg""},""is_extra_salt"":{""value"":""0""},""calories"":{""value"":""990"",""unit"":""kcal""}}","[{""name"": ""Dairy"", ""nameArabic"": ""الحليب ومشتقاته"", ""imageUrl"": ""https://d15pngy0ricipl.cloudfront.net/1678111258315.png"", ""_id"": ""681cb179f4807e4067a5575a""}, {""name"": ""Wheat"", ""nameArabic"": ""القمح"", ""imageUrl"": ""https://d15pngy0ricipl.cloudfront.net/1678186678592.png"", ""_id"": ""681cb179f4807e4067a5575b""}, {""name"": ""Egg"", ""nameArabic"": ""البيض"", ""imageUrl"": ""https://d15pngy0ricipl.cloudfront.net/1678186702746.png"", ""_id"": ""681cb179f4807e4067a5575c""}, {""name"": ""Soya Beans"", ""nameArabic"": ""الصويا"", ""imageUrl"": ""https://d15pngy0ricipl.cloudfront.net/1678186737657.png"", ""_id"": ""681cb179f4807e4067a5575d""}, {""name"": ""Sesame"", ""nameArabic"": ""السمسم"", ""imageUrl"": ""https://d15pngy0ricipl.cloudfront.net/1678186765733.png"", ""_id"": ""681cb179f4807e4067a5575e""}]",https://d15pngy0ricipl.cloudfront.net/1747746950721_unpjJ.webp,True,0,True,"[""64be3fde056c3c42a01f8a99"", ""6392129e76d541ddec8cba0f"", ""6392129f76d541ddec8cba38"", ""6531f92d35c8d7ea8c734413"", ""6392129576d541ddec8caf85"", ""67e52bd49e443271eded0b30""]",0,
delivery,الوجبات,Combos,19,63920b9fe16707a6d7dd95da,103294,64be4a1254a9374dd7ef1245,وجبة فيلي ستيك,Philly Steak Combo,35,True,True,False,active,1154,كومبو فيلي ستيك كومبو مع مشروم، بصل وجبنة بيضاء. يقدّم مع بطاطس ومشروب غازي.,"Philly Steak Combo with mushroom, onion, and white cheese. Served with fries and a soft drink.","[""MILK_OR_LACTOSE"",""EGG"",""GLUTEN"",""SOYA"",""SESAME_SEEDS""]","{""physical_activity_to_burn"":{""value"":""264"",""unit"":""min""},""cholesterol"":{""value"":""17.6"",""unit"":""mg""},""fiber"":{""value"":""11.2"",""unit"":""g""},""full_fat"":{""value"":""34.2"",""unit"":""g""},""saturated_fat"":{""value"":""16"",""unit"":""g""},""trans_fat"":{""value"":""0"",""unit"":""g""},""salt"":{""value"":""0"",""unit"":""mg""},""added_suger"":{""value"":""0"",""unit"":""g""},""total_suger"":{""value"":""36"",""unit"":""g""},""carbohydrates"":{""value"":""159.8"",""unit"":""g""},""protein"":{""value"":""53.3"",""unit"":""g""},""sodium"":{""value"":""1921.5"",""unit"":""mg""},""is_extra_salt"":{""value"":""0""},""calories"":{""value"":""1154"",""unit"":""kcal""}}","[{""name"": ""Dairy"", ""nameArabic"": ""الحليب ومشتقاته"", ""imageUrl"": ""https://d15pngy0ricipl.cloudfront.net/1678111258315.png"", ""_id"": ""6a843da93df0cfe9cd9aaa10""}, {""name"": ""Wheat"", ""nameArabic"": ""القمح"", ""imageUrl"": ""https://d15pngy0ricipl.cloudfront.net/1678186678592.png"", ""_id"": ""6a843da93df0cfe9cd9aaa11""}, {""name"": ""Egg"", ""nameArabic"": ""البيض"", ""imageUrl"": ""https://d15pngy0ricipl.cloudfront.net/1678186702746.png"", ""_id"": ""6a843da93df0cfe9cd9aaa12""}, {""name"": ""Soya Beans"", ""nameArabic"": ""الصويا"", ""imageUrl"": ""https://d15pngy0ricipl.cloudfront.net/1678186737657.png"", ""_id"": ""6a843da93df0cfe9cd9aaa13""}, {""name"": ""Sesame"", ""nameArabic"": ""السمسم"", ""imageUrl"": ""https://d15pngy0ricipl.cloudfront.net/1678186765733.png"", ""_id"": ""6a843da93df0cfe9cd9aaa14""}]",https://d15pngy0ricipl.cloudfront.net/1731221300145_TU8UP.png,True,0,True,"[""64be3fde056c3c42a01f8a99"", ""6392129676d541ddec8cb01d"", ""6392129676d541ddec8cb046"", ""64fdb67cf2657e365ffaf3ee"", ""6392129576d541ddec8caf85"", ""6531f92f35c8d7ea8c7356aa"", ""67e52bd49e443271eded0b30""]",0,
delivery,الوجبات,Combos,19,63920b9fe16707a6d7dd95da,103295,64be4a1254a937d39cef1248,وجبة كلوب ساندوتش,Club Sandwich Combo,35,True,True,False,active,1093,كومبو كلوب ساندويتش مكون من خبز التوست مع شرائح ديك رومي، مرتديلا لحم ودجاج، جبنة بيضاء وصفراء، بيض أومليت، طماطم، خس، مخلل ومايونيز، مع بطاطس ومشروب غازي.,"Large Club Sandwich combo with turkey slices, beef and chicken mortadella, white and yellow cheese, omelet, tomato, lettuce, pickles, and mayonnaise. Served with fries and a soft drink.","[""MILK_OR_LACTOSE"",""EGG"",""GLUTEN"",""SOYA""]","{""physical_activity_to_burn"":{""value"":""296"",""unit"":""min""},""cholesterol"":{""value"":""129.5"",""unit"":""mg""},""fiber"":{""value"":""8.2"",""unit"":""g""},""full_fat"":{""value"":""55.9"",""unit"":""g""},""saturated_fat"":{""value"":""17.4"",""unit"":""g""},""trans_fat"":{""value"":""0.01"",""unit"":""g""},""salt"":{""value"":""0"",""unit"":""mg""},""added_suger"":{""value"":""0"",""unit"":""g""},""total_suger"":{""value"":""22.4"",""unit"":""g""},""carbohydrates"":{""value"":""105"",""unit"":""g""},""protein"":{""value"":""42.7"",""unit"":""g""},""sodium"":{""value"":""2272"",""unit"":""mg""},""is_extra_salt"":{""value"":""0""},""calories"":{""value"":""1093"",""unit"":""kcal""}}","[{""name"": ""Dairy"", ""nameArabic"": ""الحليب ومشتقاته"", ""imageUrl"": ""https://d15pngy0ricipl.cloudfront.net/1678111258315.png"", ""_id"": ""69ff51daa6ce540336b21f8f""}, {""name"": ""Wheat"", ""nameArabic"": ""القمح"", ""imageUrl"": ""https://d15pngy0ricipl.cloudfront.net/1678186678592.png"", ""_id"": ""69ff51daa6ce540336b21f90""}, {""name"": ""Egg"", ""nameArabic"": ""البيض"", ""imageUrl"": ""https://d15pngy0ricipl.cloudfront.net/1678186702746.png"", ""_id"": ""69ff51daa6ce540336b21f91""}, {""name"": ""Soya Beans"", ""nameArabic"": ""الصويا"", ""imageUrl"": ""https://d15pngy0ricipl.cloudfront.net/1678186737657.png"", ""_id"": ""69ff51daa6ce540336b21f92""}]",https://d15pngy0ricipl.cloudfront.net/1778340311237_6A9yd.png,True,0,True,"[""6392129b76d541ddec8cb5fc"", ""6392129c76d541ddec8cb666"", ""64be3fde056c3c42a01f8a99"", ""6392129576d541ddec8caf85"", ""64f9265ef2657e365f3c864e"", ""67e52bd49e443271eded0b30""]",0,
delivery,الوجبات,Combos,19,63920b9fe16707a6d7dd95da,103296,64be4a1254a937270fef124b,وجبة لفينو دجاج,Lafino Chicken Combo,34,True,True,False,active,966,كومبو لفينو دجاج بخبز التورتيلا مع صوص البوريتو وجبنة صفراء وخضار طازجة. يقدّم مع بطاطس ومشروب غازي.,Lafino Chicken Combo burrito with yellow cheese and fresh vegetables in tortilla bread. Served with fries and a soft drink.,"[""MILK_OR_LACTOSE"",""EGG"",""GLUTEN"",""SOYA"",""SULFITES""]","{""physical_activity_to_burn"":{""value"":""215"",""unit"":""min""},""cholesterol"":{""value"":""59"",""unit"":""mg""},""fiber"":{""value"":""9.5"",""unit"":""g""},""full_fat"":{""value"":""30.7"",""unit"":""g""},""saturated_fat"":{""value"":""13.5"",""unit"":""g""},""trans_fat"":{""value"":""0"",""unit"":""g""},""salt"":{""value"":""0"",""unit"":""mg""},""added_suger"":{""value"":""0"",""unit"":""g""},""total_suger"":{""value"":""40.5"",""unit"":""g""},""carbohydrates"":{""value"":""137.5"",""unit"":""g""},""protein"":{""value"":""36.4"",""unit"":""g""},""sodium"":{""value"":""2041.9"",""unit"":""mg""},""is_extra_salt"":{""value"":""0""},""calories"":{""value"":""966"",""unit"":""kcal""}}","[{""name"": ""Dairy"", ""nameArabic"": ""الحليب ومشتقاته"", ""imageUrl"": ""https://d15pngy0ricipl.cloudfront.net/1678111258315.png"", ""_id"": ""6aa68d58a4d5a1d0c55006c0""}, {""name"": ""Wheat"", ""nameArabic"": ""القمح"", ""imageUrl"": ""https://d15pngy0ricipl.cloudfront.net/1678186678592.png"", ""_id"": ""6aa68d58a4d5a1d0c55006c1""}, {""name"": ""Egg"", ""nameArabic"": ""البيض"", ""imageUrl"": ""https://d15pngy0ricipl.cloudfront.net/1678186702746.png"", ""_id"": ""6aa68d58a4d5a1d0c55006c2""}, {""name"": ""Soya Beans"", ""nameArabic"": ""الصويا"", ""imageUrl"": ""https://d15pngy0ricipl.cloudfront.net/1678186737657.png"", ""_id"": ""6aa68d58a4d5a1d0c55006c3""}]",https://d15pngy0ricipl.cloudfront.net/1747746927235_LtQzA.webp,True,0,True,"[""639212a076d541ddec8cbc3e"", ""639212a076d541ddec8cbc87"", ""6392129576d541ddec8caf85"", ""64be3fde056c3c42a01f8a99"", ""67e52bd49e443271eded0b30""]",0,
delivery,الوجبات,Combos,19,63920b9fe16707a6d7dd95da,103298,64be4a1254a93760a2ef1251,وجبة كواترو دجاج,Quattro Chicken Combo,33,True,True,False,active,1088,كومبو كواترو سبايسي تشيكن، دجاج فيليه حار مع خس ومايونيز وصوص ثاوزند آيلاند. يقدّم مع بطاطس ومشروب غازي.,"Quattro Spicy Chicken combo fillet filled with lettuce, mayonnaise, and Thousand Island sauce. Served with fries and a soft drink.","[""MILK_OR_LACTOSE"",""EGG"",""GLUTEN"",""SOYA"",""SESAME_SEEDS""]","{""physical_activity_to_burn"":{""value"":""247"",""unit"":""min""},""cholesterol"":{""value"":""15.3"",""unit"":""mg""},""fiber"":{""value"":""11.2"",""unit"":""g""},""full_fat"":{""value"":""44.5"",""unit"":""g""},""saturated_fat"":{""value"":""14"",""unit"":""g""},""trans_fat"":{""value"":""0"",""unit"":""g""},""salt"":{""value"":""0"",""unit"":""mg""},""added_suger"":{""value"":""0"",""unit"":""g""},""total_suger"":{""value"":""36"",""unit"":""g""},""carbohydrates"":{""value"":""139"",""unit"":""g""},""protein"":{""value"":""34.3"",""unit"":""g""},""sodium"":{""value"":""2529"",""unit"":""mg""},""is_extra_salt"":{""value"":""1""},""calories"":{""value"":""1088"",""unit"":""kcal""}}","[{""name"": ""Dairy"", ""nameArabic"": ""الحليب ومشتقاته"", ""imageUrl"": ""https://d15pngy0ricipl.cloudfront.net/1678111258315.png"", ""_id"": ""6964fcb6602deed9312a93eb""}, {""name"": ""Wheat"", ""nameArabic"": ""القمح"", ""imageUrl"": ""https://d15pngy0ricipl.cloudfront.net/1678186678592.png"", ""_id"": ""6964fcb6602deed9312a93ec""}, {""name"": ""Egg"", ""nameArabic"": ""البيض"", ""imageUrl"": ""https://d15pngy0ricipl.cloudfront.net/1678186702746.png"", ""_id"": ""6964fcb6602deed9312a93ed""}, {""name"": ""Soya Beans"", ""nameArabic"": ""الصويا"", ""imageUrl"": ""https://d15pngy0ricipl.cloudfront.net/1678186737657.png"", ""_id"": ""6964fcb6602deed9312a93ee""}, {""name"": ""Sesame"", ""nameArabic"": ""السمسم"", ""imageUrl"": ""https://d15pngy0ricipl.cloudfront.net/1678186765733.png"", ""_id"": ""6964fcb6602deed9312a93ef""}]",https://d15pngy0ricipl.cloudfront.net/1747746910868_gweCi.webp,True,0,True,"[""6392129a76d541ddec8cb4b0"", ""6392129a76d541ddec8cb4e1"", ""64be3fde056c3c42a01f8a99"", ""6392129576d541ddec8caf85"", ""6531f92c35c8d7ea8c733fa7"", ""67e52bd49e443271eded0b30""]",0,
delivery,الوجبات,Combos,19,63920b9fe16707a6d7dd95da,103299,64be4a1254a937bc1def1254,وجبة كودو الدجاج الحار,Kudu Spicy Chicken Combo,35,True,True,False,active,1081,كودو كومبو دجاج حار مع جبنة بيضاء وصوص الداينمايت. يقدّم مع بطاطس ومشروب غازي.,Kudu Spicy Chicken Combo with white cheese and dynamite sauce. Served with fries and a soft drink.,"[""MILK_OR_LACTOSE"",""EGG"",""GLUTEN"",""SOYA"",""SESAME_SEEDS""]","{""physical_activity_to_burn"":{""value"":""245"",""unit"":""min""},""cholesterol"":{""value"":""34.9"",""unit"":""mg""},""fiber"":{""value"":""12.9"",""unit"":""g""},""full_fat"":{""value"":""33.5"",""unit"":""g""},""saturated_fat"":{""value"":""11.1"",""unit"":""g""},""trans_fat"":{""value"":""0"",""unit"":""g""},""salt"":{""value"":""0"",""unit"":""mg""},""added_suger"":{""value"":""0"",""unit"":""g""},""total_suger"":{""value"":""39.4"",""unit"":""g""},""carbohydrates"":{""value"":""155.3"",""unit"":""g""},""protein"":{""value"":""41.1"",""unit"":""g""},""sodium"":{""value"":""2531.4"",""unit"":""mg""},""is_extra_salt"":{""value"":""0""},""calories"":{""value"":""1081"",""unit"":""kcal""}}","[{""name"": ""Dairy"", ""nameArabic"": ""الحليب ومشتقاته"", ""imageUrl"": ""https://d15pngy0ricipl.cloudfront.net/1678111258315.png"", ""_id"": ""681cb1bf674a530be931915e""}, {""name"": ""Wheat"", ""nameArabic"": ""القمح"", ""imageUrl"": ""https://d15pngy0ricipl.cloudfront.net/1678186678592.png"", ""_id"": ""681cb1bf674a530be931915f""}, {""name"": ""Egg"", ""nameArabic"": ""البيض"", ""imageUrl"": ""https://d15pngy0ricipl.cloudfront.net/1678186702746.png"", ""_id"": ""681cb1bf674a530be9319160""}, {""name"": ""Soya Beans"", ""nameArabic"": ""الصويا"", ""imageUrl"": ""https://d15pngy0ricipl.cloudfront.net/1678186737657.png"", ""_id"": ""681cb1bf674a530be9319161""}, {""name"": ""Sesame"", ""nameArabic"": ""السمسم"", ""imageUrl"": ""https://d15pngy0ricipl.cloudfront.net/1678186765733.png"", ""_id"": ""681cb1bf674a530be9319162""}]",https://d15pngy0ricipl.cloudfront.net/1747746902038_pKElf.webp,True,0,True,"[""6392129776d541ddec8cb128"", ""6392129776d541ddec8cb174"", ""6392129776d541ddec8cb189"", ""6392129576d541ddec8caf85"", ""64be3fde056c3c42a01f8a99"", ""6531f92c35c8d7ea8c733ed0"", ""67e52bd49e443271eded0b30""]",0,
delivery,الوجبات,Combos,19,63920b9fe16707a6d7dd95da,103302,64be4a1254a9378508ef125d,وجبة لفينو فيلي ستيك,Lafino Philly Steak Combo,35,True,True,False,active,1732,كومبو لفينو فيلي ستيك كومبو بخبز التورتيلا مع جبنة صفراء وصوص مايونيز. يقدّم مع مع بطاطس ومشروب غازي.,Lafino Philly Steak Combo burrito with yellow cheese and mayonnaise sauce. Served with fries and a soft drink.,"[""MILK_OR_LACTOSE"",""EGG"",""GLUTEN"",""SOYA"",""SESAME_SEEDS""]","{""physical_activity_to_burn"":{""value"":""450"",""unit"":""min""},""cholesterol"":{""value"":""174.5"",""unit"":""mg""},""fiber"":{""value"":""13"",""unit"":""g""},""full_fat"":{""value"":""72.96"",""unit"":""g""},""saturated_fat"":{""value"":""23"",""unit"":""g""},""trans_fat"":{""value"":""0"",""unit"":""g""},""salt"":{""value"":""0"",""unit"":""mg""},""added_suger"":{""value"":""0"",""unit"":""g""},""total_suger"":{""value"":""79"",""unit"":""g""},""carbohydrates"":{""value"":""202.6"",""unit"":""g""},""protein"":{""value"":""67.4"",""unit"":""g""},""sodium"":{""value"":""2250.96"",""unit"":""mg""},""is_extra_salt"":{""value"":""0""},""calories"":{""value"":""1732"",""unit"":""kcal""}}","[{""name"": ""Dairy"", ""nameArabic"": ""الحليب ومشتقاته"", ""imageUrl"": ""https://d15pngy0ricipl.cloudfront.net/1678111258315.png"", ""_id"": ""68c123411098c8e2dc79a2e9""}, {""name"": ""Wheat"", ""nameArabic"": ""القمح"", ""imageUrl"": ""https://d15pngy0ricipl.cloudfront.net/1678186678592.png"", ""_id"": ""68c123411098c8e2dc79a2ea""}, {""name"": ""Egg"", ""nameArabic"": ""البيض"", ""imageUrl"": ""https://d15pngy0ricipl.cloudfront.net/1678186702746.png"", ""_id"": ""68c123411098c8e2dc79a2eb""}, {""name"": ""Soya Beans"", ""nameArabic"": ""الصويا"", ""imageUrl"": ""https://d15pngy0ricipl.cloudfront.net/1678186737657.png"", ""_id"": ""68c123411098c8e2dc79a2ec""}, {""name"": ""Sesame"", ""nameArabic"": ""السمسم"", ""imageUrl"": ""https://d15pngy0ricipl.cloudfront.net/1678186765733.png"", ""_id"": ""68c123411098c8e2dc79a2ed""}]",https://d15pngy0ricipl.cloudfront.net/1731221312520_qm7MS.png,True,0,True,"[""6392129d76d541ddec8cb804"", ""6392129d76d541ddec8cb826"", ""64be3fde056c3c42a01f8a99"", ""6392129576d541ddec8caf85"", ""67e52bd49e443271eded0b30""]",0,
delivery,الوجبات,Combos,19,63920b9fe16707a6d7dd95da,103303,64be4a1254a9376487ef1260,وجبة تورتيلا كودو,Tortilla Kudu Combo,33,True,False,False,active,1238,اكتشف مذاق التورتيلا  الأصلي مع قطع من الدجاج الحار الذهبي والمقرمش  مغطاة بصوص التورتيلا اللذيذ  وشرائح الطماطم والخس.بالأضافة الى الكولا و البطاطس ,"The soft Tortilla you love with crunchy breaded chicken and our special Tortilla sauce, fresh tomato and crisp lettuce. Served with fries and Coke on the side.",,"{""physical_activity_to_burn"":{""value"":""0"",""unit"":""min""},""cholesterol"":{""value"":""38.5"",""unit"":""mg""},""fiber"":{""value"":""12.2"",""unit"":""g""},""full_fat"":{""value"":""55.6"",""unit"":""g""},""saturated_fat"":{""value"":""24.2"",""unit"":""g""},""trans_fat"":{""value"":""0"",""unit"":""g""},""salt"":{""value"":""0"",""unit"":""mg""},""added_suger"":{""value"":""0"",""unit"":""g""},""total_suger"":{""value"":""36"",""unit"":""g""},""carbohydrates"":{""value"":""160.6"",""unit"":""g""},""protein"":{""value"":""25.5"",""unit"":""g""},""sodium"":{""value"":""2965.5"",""unit"":""mg""},""is_extra_salt"":{""value"":""0""},""calories"":{""value"":""1238.4"",""unit"":""kcal""}}","[{""name"": ""Dairy"", ""nameArabic"": ""الحليب ومشتقاته"", ""imageUrl"": ""https://d15pngy0ricipl.cloudfront.net/1678111258315.png"", ""_id"": ""695f415412574ce2b9742b5d""}, {""name"": ""Wheat"", ""nameArabic"": ""القمح"", ""imageUrl"": ""https://d15pngy0ricipl.cloudfront.net/1678186678592.png"", ""_id"": ""695f415412574ce2b9742b5e""}, {""name"": ""Egg"", ""nameArabic"": ""البيض"", ""imageUrl"": ""https://d15pngy0ricipl.cloudfront.net/1678186702746.png"", ""_id"": ""695f415412574ce2b9742b5f""}, {""name"": ""Soya Beans"", ""nameArabic"": ""الصويا"", ""imageUrl"": ""https://d15pngy0ricipl.cloudfront.net/1678186737657.png"", ""_id"": ""695f415412574ce2b9742b60""}, {""name"": ""Sulphites"", ""nameArabic"": ""الكبريتات"", ""imageUrl"": ""https://d15pngy0ricipl.cloudfront.net/1678186859208.png"", ""_id"": ""695f415412574ce2b9742b61""}, {""name"": ""Celery"", ""nameArabic"": ""كرفس"", ""imageUrl"": ""https://d15pngy0ricipl.cloudfront.net/1678186913455.png"", ""_id"": ""695f415412574ce2b9742b62""}, {""name"": ""Mustard"", ""nameArabic"": ""خردل"", ""imageUrl"": ""https://d15pngy0ricipl.cloudfront.net/1678186957790.png"", ""_id"": ""695f415412574ce2b9742b63""}]",https://d15pngy0ricipl.cloudfront.net/1713876959998_saZ2J.png,True,0,True,"[""6392129c76d541ddec8cb719"", ""6392129c76d541ddec8cb738"", ""6392129576d541ddec8caf85"", ""64be3fde056c3c42a01f8a99""]",0,
delivery,الوجبات,Combos,19,63920b9fe16707a6d7dd95da,103635,65a38e5005d8a25c819de523,وجبة المثلثة,Muthalatha Combo,35,True,True,False,active,1189,كومبو المثلثة تحتوي على خبز التورتيلا محشوة دجاج، موزاريلا، إمنتال، بصل مكرمل وصوص سيراتشا. يقدّم مع بطاطس ومشروب غازي.,"Muthalatha Combo contains tortilla stuffed with chicken, mozzarella, Emmental, caramelized onion, and sriracha sauce. Served with fries and a soft drink.","[""MILK_OR_LACTOSE"",""EGG"",""GLUTEN"",""SOYA"",""MUSTARD""]","{""physical_activity_to_burn"":{""value"":""309"",""unit"":""min""},""cholesterol"":{""value"":""76.3"",""unit"":""mg""},""fiber"":{""value"":""9"",""unit"":""g""},""full_fat"":{""value"":""54.5"",""unit"":""g""},""saturated_fat"":{""value"":""21"",""unit"":""g""},""trans_fat"":{""value"":""0"",""unit"":""g""},""salt"":{""value"":""0"",""unit"":""mg""},""added_suger"":{""value"":""0"",""unit"":""g""},""total_suger"":{""value"":""41"",""unit"":""g""},""carbohydrates"":{""value"":""130.3"",""unit"":""g""},""protein"":{""value"":""46.7"",""unit"":""g""},""sodium"":{""value"":""1778.5"",""unit"":""mg""},""is_extra_salt"":{""value"":""0""},""calories"":{""value"":""1189"",""unit"":""kcal""}}",[],https://d15pngy0ricipl.cloudfront.net/1747746723158_9aYue.webp,True,0,True,"[""64be3fde056c3c42a01f8a99"", ""6392129576d541ddec8caf85"", ""65c4c6793b3c46c719024090"", ""65c4c6793b3c46c7190240e8"", ""67e52bd49e443271eded0b30""]",0,
delivery,الوجبات,Combos,19,63920b9fe16707a6d7dd95da,103746,6628f55dfe84e4e003b8a75d,وجبة سموكي,Smokey Combo,36,True,True,False,active,1350,كومبو سموكي بريميوم بخبز البطاطس مع فيلي مدخن، موزاريلا وصوص مدخن.,"Smokey Combo premium sandwich in potato bread with smoked Philly, mozzarella, and smoky sauce.","[""MILK_OR_LACTOSE"",""EGG"",""GLUTEN"",""SOYA"",""MUSTARD""]","{""physical_activity_to_burn"":{""value"":""351"",""unit"":""min""},""cholesterol"":{""value"":""101.3"",""unit"":""mg""},""fiber"":{""value"":""11"",""unit"":""g""},""full_fat"":{""value"":""53.5"",""unit"":""g""},""saturated_fat"":{""value"":""25"",""unit"":""g""},""trans_fat"":{""value"":""0"",""unit"":""g""},""salt"":{""value"":""0"",""unit"":""mg""},""added_suger"":{""value"":""0"",""unit"":""g""},""total_suger"":{""value"":""49"",""unit"":""g""},""carbohydrates"":{""value"":""157.9"",""unit"":""g""},""protein"":{""value"":""60.7"",""unit"":""g""},""sodium"":{""value"":""2193.5"",""unit"":""mg""},""is_extra_salt"":{""value"":""0""},""calories"":{""value"":""1350"",""unit"":""kcal""}}",[],https://d15pngy0ricipl.cloudfront.net/1731221334583_AdszP.png,True,0,True,"[""6628f52548e8f8a20096f878"", ""6628f52548e8f8a20096f8a0"", ""64be3fde056c3c42a01f8a99"", ""6392129576d541ddec8caf85"", ""67e52bd49e443271eded0b30""]",0,
delivery,الوجبات,Combos,19,63920b9fe16707a6d7dd95da,104163,69536017341c606cafce8e5c,وجبة كواترو - مو حار,Quattro Non-Spicy Combo,33,True,True,False,active,1302,وجبة فيليه دجاج مقرمش بخبزة طرية، خس، مايونيز، وصوص آيلاند، مع بطاطس مقرمش و مشروب بارد,"Crispy chicken fillet on a soft bun with lettuce, mayo, and island sauce. Served with crispy fries and a cold drink.",,"{""physical_activity_to_burn"":{""value"":""0"",""unit"":""min""},""cholesterol"":{""value"":""159.3"",""unit"":""mg""},""fiber"":{""value"":""10.6"",""unit"":""g""},""full_fat"":{""value"":""53"",""unit"":""g""},""saturated_fat"":{""value"":""14"",""unit"":""g""},""trans_fat"":{""value"":""0"",""unit"":""g""},""salt"":{""value"":""0"",""unit"":""mg""},""added_suger"":{""value"":""0"",""unit"":""g""},""total_suger"":{""value"":""45.4"",""unit"":""g""},""carbohydrates"":{""value"":""172"",""unit"":""g""},""protein"":{""value"":""36.3"",""unit"":""g""},""sodium"":{""value"":""2349.5"",""unit"":""mg""},""is_extra_salt"":{""value"":""0""},""calories"":{""value"":""1302.2"",""unit"":""kcal""}}",[],https://d15pngy0ricipl.cloudfront.net/1767875870048_mynyZ.webp,True,0,True,"[""6392129a76d541ddec8cb4b0"", ""6392129a76d541ddec8cb4e1"", ""69ba49786ee74776c7879e8c"", ""69535f396c89d5bf2bbae1e9"", ""64be3fde056c3c42a01f8a99"", ""6392129576d541ddec8caf85"", ""67e52bd49e443271eded0b30""]",0,
delivery,الوجبات,Combos,19,63920b9fe16707a6d7dd95da,104169,69536018341c606cafce8e63,وجبة كواترو - حار نار,Quattro Extra Spicy Combo,34,True,True,False,active,1111,فيليه دجاج مقرمش حار جدًا مع خس، صوص تشيبوتلي وشرائح الهالبينو. مع بطاطس مقرمشة ومشروب بارد,"Extra spicy crispy chicken fillet with lettuce, chipotle sauce and jalapeno slices. Served with crispy fries and a cold drink.",,"{""physical_activity_to_burn"":{""value"":""0"",""unit"":""min""},""cholesterol"":{""value"":""188"",""unit"":""mg""},""fiber"":{""value"":""10.6"",""unit"":""g""},""full_fat"":{""value"":""45.2"",""unit"":""g""},""saturated_fat"":{""value"":""14"",""unit"":""g""},""trans_fat"":{""value"":""0"",""unit"":""g""},""salt"":{""value"":""0"",""unit"":""mg""},""added_suger"":{""value"":""0"",""unit"":""g""},""total_suger"":{""value"":""42"",""unit"":""g""},""carbohydrates"":{""value"":""133.1"",""unit"":""g""},""protein"":{""value"":""36.3"",""unit"":""g""},""sodium"":{""value"":""1908"",""unit"":""mg""},""is_extra_salt"":{""value"":""0""},""calories"":{""value"":""1111"",""unit"":""kcal""}}",[],https://d15pngy0ricipl.cloudfront.net/1767875892155_3xire.webp,True,0,True,"[""69535f396c89d5bf2bbae749"", ""69535f396c89d5bf2bbae7bd"", ""6531f92c35c8d7ea8c733fa7"", ""64be3fde056c3c42a01f8a99"", ""6392129576d541ddec8caf85"", ""67e52bd49e443271eded0b30""]",0,
delivery,الوجبات,Combos,19,63920b9fe16707a6d7dd95da,104250,6a193938ba9ff8d385a5b67a,كومبو المربعة,Muraba'a Combo,35,True,True,False,active,1423,قطع لحم فيلي مع فلفل أحمر مشوي، ومزيج من جبنة الموزاريلا والجبن الذائب، مغطاة بصوص البوريتو الغني داخل خبز تورتيلا الأبيض. تُقدّم مع صوص الكزبرة المميز على الجنب.,"Savory Philly beef with grilled red peppers, melted mozzarella and yellow cheese, drizzled with burrito sauce and wrapped in a soft white tortilla. Served with crispy fries, a refreshing drink, and a flavorful cilantro dip on the side.",,"{""physical_activity_to_burn"":{""value"":""0"",""unit"":""min""},""cholesterol"":{""value"":""77.3"",""unit"":""mg""},""fiber"":{""value"":""10.7"",""unit"":""g""},""full_fat"":{""value"":""67"",""unit"":""g""},""saturated_fat"":{""value"":""31.5"",""unit"":""g""},""trans_fat"":{""value"":""0"",""unit"":""g""},""salt"":{""value"":""0"",""unit"":""mg""},""added_suger"":{""value"":""0"",""unit"":""g""},""total_suger"":{""value"":""36"",""unit"":""g""},""carbohydrates"":{""value"":""147.1"",""unit"":""g""},""protein"":{""value"":""60"",""unit"":""g""},""sodium"":{""value"":""2761.7"",""unit"":""mg""},""is_extra_salt"":{""value"":""0""},""calories"":{""value"":""1423.5"",""unit"":""kcal""}}",[],https://d15pngy0ricipl.cloudfront.net/1780049666680_netgM.webp,True,0,True,"[""6a1938cd478d9a0a2e45c4be"", ""6a1938cd478d9a0a2e45c4c1"", ""64be3fde056c3c42a01f8a99"", ""6392129576d541ddec8caf85"", ""67e52bd49e443271eded0b30""]",0,
delivery,الوجبات,Combos,19,63920b9fe16707a6d7dd95da,104267,6a4e4ddd9e6aae9ae3f54fc0,وجبة تشكن راب بلس,Chicken Wrap Plus Combo,32,True,False,False,active,1432,دجاج كرسبي مقرمش مع الصوص الخاص وجبنة الشيدر وأعواد البطاطس المقرمشة، ملفوف داخل خبز التورتيلا. يُقدم مع البطاطس المقلية ومشروب.,"Breaded crispy chicken with cheddar cheese sauce, special sauce, potato sticks, in a tortilla orange wrap with fires and a drink",,"{""physical_activity_to_burn"":{""value"":""0"",""unit"":""min""},""cholesterol"":{""value"":""44.34"",""unit"":""mg""},""fiber"":{""value"":""7.1"",""unit"":""g""},""full_fat"":{""value"":""74.8"",""unit"":""g""},""saturated_fat"":{""value"":""17.3"",""unit"":""g""},""trans_fat"":{""value"":""0.03"",""unit"":""g""},""salt"":{""value"":""0"",""unit"":""mg""},""added_suger"":{""value"":""0"",""unit"":""g""},""total_suger"":{""value"":""70.4"",""unit"":""g""},""carbohydrates"":{""value"":""177.3"",""unit"":""g""},""protein"":{""value"":""27.6"",""unit"":""g""},""sodium"":{""value"":""2219.9"",""unit"":""mg""},""is_extra_salt"":{""value"":""0""},""calories"":{""value"":""1432.3"",""unit"":""kcal""}}",[],https://d15pngy0ricipl.cloudfront.net/1783517185285_erKNS.webp,True,0,True,"[""64be3fde056c3c42a01f8a99"", ""6392129576d541ddec8caf85"", ""67e52bd49e443271eded0b30""]",0,
delivery,مشروبات باردة,Cold Drinks,18,63920b9fe167073b01dd95e0,100371,63920ba4e16707604fdd9662,عصير برتقال,Orange Juice,8,True,True,False,active,101,عصير برتقال بدون سكر مضاف.,Orange juice with no added sugar.,[],"{""physical_activity_to_burn"":{""value"":""26"",""unit"":""min""},""cholesterol"":{""value"":""0"",""unit"":""mg""},""fiber"":{""value"":""0.22"",""unit"":""g""},""full_fat"":{""value"":""0"",""unit"":""g""},""saturated_fat"":{""value"":""0"",""unit"":""g""},""trans_fat"":{""value"":""0"",""unit"":""g""},""salt"":{""value"":""0"",""unit"":""mg""},""added_suger"":{""value"":""0"",""unit"":""g""},""total_suger"":{""value"":""11.25"",""unit"":""g""},""carbohydrates"":{""value"":""23"",""unit"":""g""},""protein"":{""value"":""2.4"",""unit"":""g""},""sodium"":{""value"":""26"",""unit"":""mg""},""is_extra_salt"":{""value"":""0""},""calories"":{""value"":""101"",""unit"":""kcal""}}",[],https://d15pngy0ricipl.cloudfront.net/1747748265688_hZqpA.webp,True,0,False,"[""64f92733f2657e365f3cd634""]",,
delivery,مشروبات باردة,Cold Drinks,18,63920b9fe167073b01dd95e0,100376,63920ba4e1670729d3dd9664,عصير تفاح,Apple Juice,8,True,True,False,active,88,عصير تفاح بدون سكر مضاف,Apple juice with no added sugar.,[],"{""physical_activity_to_burn"":{""value"":""53"",""unit"":""min""},""cholesterol"":{""value"":""0"",""unit"":""mg""},""fiber"":{""value"":""0"",""unit"":""g""},""full_fat"":{""value"":""0"",""unit"":""g""},""saturated_fat"":{""value"":""0"",""unit"":""g""},""trans_fat"":{""value"":""0"",""unit"":""g""},""salt"":{""value"":""0"",""unit"":""mg""},""added_suger"":{""value"":""0"",""unit"":""g""},""total_suger"":{""value"":""16.16"",""unit"":""g""},""carbohydrates"":{""value"":""20.81"",""unit"":""g""},""protein"":{""value"":""0"",""unit"":""g""},""sodium"":{""value"":""0"",""unit"":""mg""},""is_extra_salt"":{""value"":""0""},""calories"":{""value"":""88.88"",""unit"":""kcal""}}",[],https://d15pngy0ricipl.cloudfront.net/1747745377406_47Rd2.webp,True,0,False,"[""64f92733f2657e365f3cd661""]",,
delivery,مشروبات باردة,Cold Drinks,18,63920b9fe167073b01dd95e0,103215,647d22d29d10daefd0abaf7a,علبة بيبسي,Pepsi Can,6,True,True,False,active,151,علبة بيبسي,Pepsi Can,[],"{""physical_activity_to_burn"":{""value"":""0"",""unit"":""min""},""cholesterol"":{""value"":""0"",""unit"":""mg""},""fiber"":{""value"":""0"",""unit"":""g""},""full_fat"":{""value"":""0"",""unit"":""g""},""saturated_fat"":{""value"":""0"",""unit"":""g""},""trans_fat"":{""value"":""0"",""unit"":""g""},""salt"":{""value"":""0"",""unit"":""mg""},""added_suger"":{""value"":""0"",""unit"":""g""},""total_suger"":{""value"":""40"",""unit"":""g""},""carbohydrates"":{""value"":""40"",""unit"":""g""},""protein"":{""value"":""0"",""unit"":""g""},""sodium"":{""value"":""36"",""unit"":""mg""},""is_extra_salt"":{""value"":""0""},""calories"":{""value"":""151"",""unit"":""kcal""},""caffeine"":{""value"":""10"",""unit"":""g""}}",[],https://d15pngy0ricipl.cloudfront.net/1747747257174_J8saU.webp,False,0,False,[],,
delivery,مشروبات باردة,Cold Drinks,18,63920b9fe167073b01dd95e0,103216,647d22d29d10da5a61abaf6e,علبة سفن أب,7 Up Can,6,True,True,False,active,158,علبة سفن أب,7 Up Can,[],"{""physical_activity_to_burn"":{""value"":""0"",""unit"":""min""},""cholesterol"":{""value"":""0"",""unit"":""mg""},""fiber"":{""value"":""0"",""unit"":""g""},""full_fat"":{""value"":""0"",""unit"":""g""},""saturated_fat"":{""value"":""0"",""unit"":""g""},""trans_fat"":{""value"":""0"",""unit"":""g""},""salt"":{""value"":""0"",""unit"":""mg""},""added_suger"":{""value"":""0"",""unit"":""g""},""total_suger"":{""value"":""40"",""unit"":""g""},""carbohydrates"":{""value"":""40"",""unit"":""g""},""protein"":{""value"":""0"",""unit"":""g""},""sodium"":{""value"":""83"",""unit"":""mg""},""is_extra_salt"":{""value"":""0""},""calories"":{""value"":""158"",""unit"":""kcal""},""caffeine"":{""value"":""10"",""unit"":""g""}}",[],https://d15pngy0ricipl.cloudfront.net/1747747244990_iqctT.webp,False,0,False,[],,
delivery,مشروبات باردة,Cold Drinks,18,63920b9fe167073b01dd95e0,103217,647d22d29d10da98a9abaf71,علبة ميرندا برتقال,Merinda  Orange Can,6,True,True,False,active,191,علبة ميرندا برتقال,Merinda  Orange Can,[],"{""physical_activity_to_burn"":{""value"":""0"",""unit"":""min""},""cholesterol"":{""value"":""0"",""unit"":""mg""},""fiber"":{""value"":""0"",""unit"":""g""},""full_fat"":{""value"":""0"",""unit"":""g""},""saturated_fat"":{""value"":""0"",""unit"":""g""},""trans_fat"":{""value"":""0"",""unit"":""g""},""salt"":{""value"":""0"",""unit"":""mg""},""added_suger"":{""value"":""0"",""unit"":""g""},""total_suger"":{""value"":""50"",""unit"":""g""},""carbohydrates"":{""value"":""50"",""unit"":""g""},""protein"":{""value"":""0"",""unit"":""g""},""sodium"":{""value"":""47"",""unit"":""mg""},""is_extra_salt"":{""value"":""0""},""calories"":{""value"":""191"",""unit"":""kcal""},""caffeine"":{""value"":""10"",""unit"":""g""}}",[],https://d15pngy0ricipl.cloudfront.net/1747747234740_LZ0Jj.webp,False,0,False,[],,
delivery,مشروبات باردة,Cold Drinks,18,63920b9fe167073b01dd95e0,103218,647d22d29d10da70ddabaf74,علبة بيبسي زيرو,Pepsi Zero Can,6,True,True,False,active,0,علبة بيبسي زيرو,Pepsi Zero Can,[],"{""physical_activity_to_burn"":{""value"":0,""unit"":""min""},""cholesterol"":{""value"":0,""unit"":""mg""},""fiber"":{""value"":0,""unit"":""g""},""full_fat"":{""value"":0,""unit"":""g""},""saturated_fat"":{""value"":0,""unit"":""g""},""trans_fat"":{""value"":0,""unit"":""g""},""salt"":{""value"":0,""unit"":""mg""},""added_suger"":{""value"":0,""unit"":""g""},""total_suger"":{""value"":0,""unit"":""g""},""carbohydrates"":{""value"":0,""unit"":""g""},""protein"":{""value"":0,""unit"":""g""},""sodium"":{""value"":72,""unit"":""mg""},""caffeine"":{""value"":10,""unit"":""g""},""is_extra_salt"":{""value"":false}}",[],https://d15pngy0ricipl.cloudfront.net/1747747224469_kJIgu.webp,False,0,False,[],,
delivery,مشروبات باردة,Cold Drinks,18,63920b9fe167073b01dd95e0,103219,647d22d29d10da116dabaf77,علبة ماونت ديو,Mountain Dew Can,6,True,True,False,active,173,علبة ماونت ديو,Mountain Dew Can,[],"{""physical_activity_to_burn"":{""value"":""0"",""unit"":""min""},""cholesterol"":{""value"":""0"",""unit"":""mg""},""fiber"":{""value"":""0"",""unit"":""g""},""full_fat"":{""value"":""0"",""unit"":""g""},""saturated_fat"":{""value"":""0"",""unit"":""g""},""trans_fat"":{""value"":""0"",""unit"":""g""},""salt"":{""value"":""0"",""unit"":""mg""},""added_suger"":{""value"":""0"",""unit"":""g""},""total_suger"":{""value"":""43"",""unit"":""g""},""carbohydrates"":{""value"":""43"",""unit"":""g""},""protein"":{""value"":""0"",""unit"":""g""},""sodium"":{""value"":""54"",""unit"":""mg""},""is_extra_salt"":{""value"":""0""},""calories"":{""value"":""173"",""unit"":""kcal""},""caffeine"":{""value"":""10"",""unit"":""g""}}",[],https://d15pngy0ricipl.cloudfront.net/1747747214465_xZEhN.webp,False,0,False,[],,
delivery,مشروبات باردة,Cold Drinks,18,63920b9fe167073b01dd95e0,103235,64944e2ce931bf1cbe1bcf32,مياه,Water,2,True,True,False,active,0,علبة ماء نقي.,Pure water bottle.,[],"{""physical_activity_to_burn"":{""value"":""0"",""unit"":""min""},""cholesterol"":{""value"":""0"",""unit"":""mg""},""fiber"":{""value"":""0"",""unit"":""g""},""full_fat"":{""value"":""0"",""unit"":""g""},""saturated_fat"":{""value"":""0"",""unit"":""g""},""trans_fat"":{""value"":""0"",""unit"":""g""},""salt"":{""value"":""0"",""unit"":""mg""},""added_suger"":{""value"":""0"",""unit"":""g""},""total_suger"":{""value"":""0"",""unit"":""g""},""carbohydrates"":{""value"":""0"",""unit"":""g""},""protein"":{""value"":""0"",""unit"":""g""},""sodium"":{""value"":""2"",""unit"":""mg""},""is_extra_salt"":{""value"":""0""},""calories"":{""value"":""0"",""unit"":""kcal""}}",[],https://d15pngy0ricipl.cloudfront.net/1747747202162_tLYO6.webp,False,0,False,[],,
delivery,مشروبات باردة,Cold Drinks,18,63920b9fe167073b01dd95e0,103241,65141aebc07a2652dbefa4c7,امريكانو مثلج,Iced Americano,9,True,False,False,active,58,كوب أمريكانو مثلج محضّر من حبوب بن أرابيكا 100%.,Iced Americano made from 100% Arabica beans.,[],"{""physical_activity_to_burn"":{""value"":""0"",""unit"":""min""},""cholesterol"":{""value"":""0"",""unit"":""mg""},""fiber"":{""value"":""0"",""unit"":""g""},""full_fat"":{""value"":""0"",""unit"":""g""},""saturated_fat"":{""value"":""0"",""unit"":""g""},""trans_fat"":{""value"":""0"",""unit"":""g""},""salt"":{""value"":""0"",""unit"":""mg""},""added_suger"":{""value"":""0"",""unit"":""g""},""total_suger"":{""value"":""0"",""unit"":""g""},""carbohydrates"":{""value"":""10"",""unit"":""g""},""protein"":{""value"":""4"",""unit"":""g""},""sodium"":{""value"":""38"",""unit"":""mg""},""is_extra_salt"":{""value"":""0""},""calories"":{""value"":""58"",""unit"":""kcal""},""caffeine"":{""value"":""40"",""unit"":""g""}}",[],https://d15pngy0ricipl.cloudfront.net/1747747183915_qlp0Z.webp,False,0,False,[],,
delivery,مشروبات باردة,Cold Drinks,18,63920b9fe167073b01dd95e0,103246,64f9228b68c1218293b58f87,شاي مثلج بالخوخ من ليبتون,Lipton Ice Tea Peach,6,True,True,False,active,1,شاي مثلج بالخوخ من ليبتون - زيرو.,Lipton iced tea with peach flavor.,[],"{""physical_activity_to_burn"":{""value"":""0"",""unit"":""min""},""cholesterol"":{""value"":""0"",""unit"":""mg""},""fiber"":{""value"":""0"",""unit"":""g""},""full_fat"":{""value"":""0"",""unit"":""g""},""saturated_fat"":{""value"":""0"",""unit"":""g""},""trans_fat"":{""value"":""0"",""unit"":""g""},""salt"":{""value"":""0"",""unit"":""mg""},""added_suger"":{""value"":""0"",""unit"":""g""},""total_suger"":{""value"":""0.1"",""unit"":""g""},""carbohydrates"":{""value"":""0.1"",""unit"":""g""},""protein"":{""value"":""0"",""unit"":""g""},""sodium"":{""value"":""15"",""unit"":""mg""},""is_extra_salt"":{""value"":""0""},""calories"":{""value"":""1"",""unit"":""kcal""}}",[],https://d15pngy0ricipl.cloudfront.net/1747747172354_w8BRQ.webp,False,0,False,[],,
delivery,مشروبات باردة,Cold Drinks,18,63920b9fe167073b01dd95e0,103251,64f9228b68c121403cb58f8a,شاي مثلج بالفواكه الحمراء من ليبتون,Lipton Ice Tea Red Fruits,6,True,True,False,active,1,شاي مثلج منعش بالفواكه الحمراء من ليبتون - زيرو.,Lipton iced tea with red fruits flavor.,[],"{""physical_activity_to_burn"":{""value"":""0"",""unit"":""min""},""cholesterol"":{""value"":""0"",""unit"":""mg""},""fiber"":{""value"":""0"",""unit"":""g""},""full_fat"":{""value"":""0"",""unit"":""g""},""saturated_fat"":{""value"":""0"",""unit"":""g""},""trans_fat"":{""value"":""0"",""unit"":""g""},""salt"":{""value"":""0"",""unit"":""mg""},""added_suger"":{""value"":""0"",""unit"":""g""},""total_suger"":{""value"":""0"",""unit"":""g""},""carbohydrates"":{""value"":""0.1"",""unit"":""g""},""protein"":{""value"":""0"",""unit"":""g""},""sodium"":{""value"":""13"",""unit"":""mg""},""is_extra_salt"":{""value"":""0""},""calories"":{""value"":""1"",""unit"":""kcal""}}",[],https://d15pngy0ricipl.cloudfront.net/1747747164502_ssFZv.webp,False,0,False,[],,
delivery,مشروبات باردة,Cold Drinks,18,63920b9fe167073b01dd95e0,103737,66086e888bbd1cfcf5984aa9,كركديه مثلّج,Iced Karkade,11,True,True,False,active,262,عيش اللّذة مع مشروبنا الجديد والمنعش الكركديه المثلّج! مشروب منعش مكون من شاي الكركديه بنسبة 100? مع الصودا والثلج لزيادة الإنتعاش والسرسحة. لازم تجربه!!,"Dive into paradise with our new Iced Karkade Refresher! This vibrant drink is crafted from 100 % hibiscus tea, bubbly soda, and packed with ice for a refreshingly cool escape. Must Try!!","[""MILK_OR_LACTOSE"",""EGG"",""GLUTEN"",""SOYA""]","{""physical_activity_to_burn"":{""value"":""68"",""unit"":""min""},""cholesterol"":{""value"":""0"",""unit"":""mg""},""fiber"":{""value"":""0.03"",""unit"":""g""},""full_fat"":{""value"":""0"",""unit"":""g""},""saturated_fat"":{""value"":""0"",""unit"":""g""},""trans_fat"":{""value"":""0"",""unit"":""g""},""salt"":{""value"":""0"",""unit"":""mg""},""added_suger"":{""value"":""0"",""unit"":""g""},""total_suger"":{""value"":""36.24"",""unit"":""g""},""carbohydrates"":{""value"":""36.24"",""unit"":""g""},""protein"":{""value"":""0"",""unit"":""g""},""sodium"":{""value"":""74.73"",""unit"":""mg""},""is_extra_salt"":{""value"":""0""},""calories"":{""value"":""262.8"",""unit"":""kcal""}}",[],https://d15pngy0ricipl.cloudfront.net/1747746532332_3vyMf.webp,False,0,False,[],,
delivery,مشروبات باردة,Cold Drinks,18,63920b9fe167073b01dd95e0,103990,68295f861fc1c9713fa6215c,كاراميل لاتيه مثلج,Iced Caramel Latte,11,True,False,False,active,190,تبحث عن مشروب صيفي  جديد؟جرب كراميل لاتيه المثلج المكون من الاسبريسو الممزوج مع الحلييب ونكهة الكراميل اللذيذة,"Looking for a drink to enjoy?Give Iced Caramel Latte a try.With espresso shots, milk, caramel syrup, and ice cubes all mixed to perfection.",[],"{""physical_activity_to_burn"":{""value"":""0"",""unit"":""min""},""cholesterol"":{""value"":""5.2"",""unit"":""mg""},""fiber"":{""value"":""1.12"",""unit"":""g""},""full_fat"":{""value"":""5.4"",""unit"":""g""},""saturated_fat"":{""value"":""4.6"",""unit"":""g""},""trans_fat"":{""value"":""0"",""unit"":""g""},""salt"":{""value"":""0"",""unit"":""mg""},""added_suger"":{""value"":""0"",""unit"":""g""},""total_suger"":{""value"":""24.8"",""unit"":""g""},""carbohydrates"":{""value"":""29.4"",""unit"":""g""},""protein"":{""value"":""5.2"",""unit"":""g""},""sodium"":{""value"":""42"",""unit"":""mg""},""is_extra_salt"":{""value"":""0""},""calories"":{""value"":""190"",""unit"":""kcal""},""caffeine"":{""value"":""30"",""unit"":""g""}}",[],https://d15pngy0ricipl.cloudfront.net/1747746016893_vfDag.webp,False,0,False,[],,
delivery,مشروبات باردة,Cold Drinks,18,63920b9fe167073b01dd95e0,103991,68295f861fc1c9713fa62168,امريكانو مثلج,Iced Americano,11,True,False,False,active,58,برّد يومك بالقهوة السوداء المثلجة محضرة من حبوب الارابيكا الاصلية 100%,"A Classic refreshing Iced drink. Made with 100% freshly grounded Arabica espresso beans, cold water, and Ice cubes.",[],"{""physical_activity_to_burn"":{""value"":""0"",""unit"":""min""},""cholesterol"":{""value"":""0"",""unit"":""mg""},""fiber"":{""value"":""0"",""unit"":""g""},""full_fat"":{""value"":""0"",""unit"":""g""},""saturated_fat"":{""value"":""0"",""unit"":""g""},""trans_fat"":{""value"":""0"",""unit"":""g""},""salt"":{""value"":""0"",""unit"":""mg""},""added_suger"":{""value"":""0"",""unit"":""g""},""total_suger"":{""value"":""0"",""unit"":""g""},""carbohydrates"":{""value"":""10"",""unit"":""g""},""protein"":{""value"":""4"",""unit"":""g""},""sodium"":{""value"":""38"",""unit"":""mg""},""is_extra_salt"":{""value"":""0""},""calories"":{""value"":""58"",""unit"":""kcal""},""caffeine"":{""value"":""40"",""unit"":""g""}}",[],https://d15pngy0ricipl.cloudfront.net/1747746004640_0g0Mo.webp,False,0,False,[],,
delivery,مشروبات باردة,Cold Drinks,18,63920b9fe167073b01dd95e0,103998,68295f861fc1c9713fa62162,كودو باشن فروت,KUDU Passion,11,True,True,False,active,88,برّد صيفك  مع كودو باشن فروت، طعم ياخذك من حر الصيف وينعشك.,A refreshing mix of passion fruit and fizzy citrus.,"[""MILK_OR_LACTOSE"",""EGG"",""GLUTEN"",""SOYA"",""SESAME_SEEDS"",""MUSTARD""]","{""physical_activity_to_burn"":{""value"":""23"",""unit"":""min""},""cholesterol"":{""value"":""0"",""unit"":""mg""},""fiber"":{""value"":""0"",""unit"":""g""},""full_fat"":{""value"":""0"",""unit"":""g""},""saturated_fat"":{""value"":""0"",""unit"":""g""},""trans_fat"":{""value"":""0"",""unit"":""g""},""salt"":{""value"":""0"",""unit"":""mg""},""added_suger"":{""value"":""0"",""unit"":""g""},""total_suger"":{""value"":""20.6"",""unit"":""g""},""carbohydrates"":{""value"":""20.6"",""unit"":""g""},""protein"":{""value"":""0"",""unit"":""g""},""sodium"":{""value"":""84.72"",""unit"":""mg""},""is_extra_salt"":{""value"":""0""},""calories"":{""value"":""88.8"",""unit"":""kcal""}}",[],https://d15pngy0ricipl.cloudfront.net/1747745776803_2ZSko.webp,False,0,False,[],,
delivery,مشروبات باردة,Cold Drinks,18,63920b9fe167073b01dd95e0,104235,69e4a4dbbd3c86c5543496cb,سانسِت بنش,Sunset Punch,11,True,True,False,active,95,سانسِت بنش مشروب يجمع بين الكركديه والباشن فروت بنكهة منعشة ومثالية لحرارة  الصيف.,"Sunset Punch is a refreshing summer drink blending hibiscus and passion fruit for a tangy, floral, and naturally sweet taste. perfect for cooling down in the sun.",,"{""physical_activity_to_burn"":{""value"":""0"",""unit"":""min""},""cholesterol"":{""value"":""0"",""unit"":""mg""},""fiber"":{""value"":""0"",""unit"":""g""},""full_fat"":{""value"":""0"",""unit"":""g""},""saturated_fat"":{""value"":""0"",""unit"":""g""},""trans_fat"":{""value"":""0"",""unit"":""g""},""salt"":{""value"":""0"",""unit"":""mg""},""added_suger"":{""value"":""0"",""unit"":""g""},""total_suger"":{""value"":""23.7"",""unit"":""g""},""carbohydrates"":{""value"":""24"",""unit"":""g""},""protein"":{""value"":""0"",""unit"":""g""},""sodium"":{""value"":""326.4"",""unit"":""mg""},""is_extra_salt"":{""value"":""0""},""calories"":{""value"":""95.5"",""unit"":""kcal""}}",[],https://d15pngy0ricipl.cloudfront.net/1776662415671_gy9zu.webp,False,0,False,[],,
delivery,ساندويتشات,Sandwiches,20,63920b9fe167073458dd95db,102606,63920ba1e1670726f3dd9615,كلوب ساندوتش ,Club Sandwich,29,True,True,False,active,885,"لذيذ ويشبع , كلوب ساندوتش بخبز التوست محمص ، مرتديلا دجاج ، مرتديلا لحم بقري ،  شريحة ديك رومي ، جبنة شيدر ، جبنة سويسرية ،  بيض اومليت ، طماطم ، خس، مع مايونيز و مخلل ","Our signature club filled with omlete eggs, slices of smoked chicken, beef & turkey with pickles, yellow and white cheese. All Layered into a fresh toast. ","[""MILK_OR_LACTOSE"",""EGG"",""GLUTEN"",""SOYA""]","{""physical_activity_to_burn"":{""value"":""230"",""unit"":""min""},""cholesterol"":{""value"":""129.46"",""unit"":""mg""},""fiber"":{""value"":""6.32"",""unit"":""g""},""full_fat"":{""value"":""48.47"",""unit"":""g""},""saturated_fat"":{""value"":""14.62"",""unit"":""g""},""trans_fat"":{""value"":""0"",""unit"":""g""},""salt"":{""value"":""0"",""unit"":""mg""},""added_suger"":{""value"":""0"",""unit"":""g""},""total_suger"":{""value"":""10.86"",""unit"":""g""},""carbohydrates"":{""value"":""72.84"",""unit"":""g""},""protein"":{""value"":""39.36"",""unit"":""g""},""sodium"":{""value"":""1980.57"",""unit"":""mg""},""is_extra_salt"":{""value"":""0""},""calories"":{""value"":""885"",""unit"":""kcal""}}","[{""name"": ""Dairy"", ""nameArabic"": ""الحليب ومشتقاته"", ""imageUrl"": ""https://d15pngy0ricipl.cloudfront.net/1678111258315.png"", ""_id"": ""68caa17bbe139c1ee76dbb3b""}, {""name"": ""Wheat"", ""nameArabic"": ""القمح"", ""imageUrl"": ""https://d15pngy0ricipl.cloudfront.net/1678186678592.png"", ""_id"": ""68caa17bbe139c1ee76dbb3c""}, {""name"": ""Egg"", ""nameArabic"": ""البيض"", ""imageUrl"": ""https://d15pngy0ricipl.cloudfront.net/1678186702746.png"", ""_id"": ""68caa17bbe139c1ee76dbb3d""}, {""name"": ""Soya Beans"", ""nameArabic"": ""الصويا"", ""imageUrl"": ""https://d15pngy0ricipl.cloudfront.net/1678186737657.png"", ""_id"": ""68caa17bbe139c1ee76dbb3e""}]",https://d15pngy0ricipl.cloudfront.net/1747747960849_1oKJQ.webp,True,0,False,"[""6392129b76d541ddec8cb5fc"", ""6392129c76d541ddec8cb666"", ""639212a276d541ddec8cbef0"", ""64f9265ef2657e365f3c864e""]",,
delivery,ساندويتشات,Sandwiches,20,63920b9fe167073458dd95db,102608,63920ba1e16707663edd961b,ساندوتش فيلي ستيك,Philly Steak Sandwich,29,True,True,False,active,763, قطع فيلي ستيك بداخل خبز كودو  الذيذ مع المشروم والبصل المشكل ممزوجة مع الجبنة البيضاء و الزبدة. ,"The famous philly grilled beef fillet, sauteed mushroom & onions with melted white cheese . Served in a freshly baked Kudu soft bread.","[""MILK_OR_LACTOSE"",""EGG"",""GLUTEN"",""SOYA"",""SESAME_SEEDS""]","{""physical_activity_to_burn"":{""value"":""198"",""unit"":""min""},""cholesterol"":{""value"":""10.3"",""unit"":""mg""},""fiber"":{""value"":""7.15"",""unit"":""g""},""full_fat"":{""value"":""24.73"",""unit"":""g""},""saturated_fat"":{""value"":""12.04"",""unit"":""g""},""trans_fat"":{""value"":""0"",""unit"":""g""},""salt"":{""value"":""0"",""unit"":""mg""},""added_suger"":{""value"":""0"",""unit"":""g""},""total_suger"":{""value"":""0"",""unit"":""g""},""carbohydrates"":{""value"":""85.49"",""unit"":""g""},""protein"":{""value"":""49.59"",""unit"":""g""},""sodium"":{""value"":""1461.06"",""unit"":""mg""},""is_extra_salt"":{""value"":""0""},""calories"":{""value"":""763"",""unit"":""kcal""}}","[{""name"": ""Dairy"", ""nameArabic"": ""الحليب ومشتقاته"", ""imageUrl"": ""https://d15pngy0ricipl.cloudfront.net/1678111258315.png"", ""_id"": ""69843b7ee768f0589fc82de5""}, {""name"": ""Wheat"", ""nameArabic"": ""القمح"", ""imageUrl"": ""https://d15pngy0ricipl.cloudfront.net/1678186678592.png"", ""_id"": ""69843b7ee768f0589fc82de6""}, {""name"": ""Egg"", ""nameArabic"": ""البيض"", ""imageUrl"": ""https://d15pngy0ricipl.cloudfront.net/1678186702746.png"", ""_id"": ""69843b7ee768f0589fc82de7""}, {""name"": ""Soya Beans"", ""nameArabic"": ""الصويا"", ""imageUrl"": ""https://d15pngy0ricipl.cloudfront.net/1678186737657.png"", ""_id"": ""69843b7ee768f0589fc82de8""}, {""name"": ""Sesame"", ""nameArabic"": ""السمسم"", ""imageUrl"": ""https://d15pngy0ricipl.cloudfront.net/1678186765733.png"", ""_id"": ""69843b7ee768f0589fc82de9""}]",https://d15pngy0ricipl.cloudfront.net/1770273660614_typ65.webp,True,0,False,"[""6392129676d541ddec8cb01d"", ""6392129676d541ddec8cb046"", ""64fdb67cf2657e365ffaf3ee"", ""6531f92f35c8d7ea8c7356aa""]",,
delivery,ساندويتشات,Sandwiches,20,63920b9fe167073458dd95db,102609,63920ba1e16707a160dd9617,ساندوتش كودو لحم,Kudu Beef Sandwich,29,True,True,False,active,715,أصل المذاق ، ببساطة  قطع اللحم اللذيذة مع الطماطم ، الخس ، الجبنة الصفراء ، البصل ، الفلفل أخضر مع المايونيز  في خبز كودو الشهي. ,"Our bestselling original starring grilled beef, melted yellow cheese, fresh tomato slice, crisp lettuce, grilled onion and bell pepper and topped with mayo.","[""MILK_OR_LACTOSE"",""EGG"",""GLUTEN"",""SOYA"",""SESAME_SEEDS""]","{""physical_activity_to_burn"":{""value"":""186"",""unit"":""min""},""cholesterol"":{""value"":""55.1"",""unit"":""mg""},""fiber"":{""value"":""2.62"",""unit"":""g""},""full_fat"":{""value"":""27.85"",""unit"":""g""},""saturated_fat"":{""value"":""10.46"",""unit"":""g""},""trans_fat"":{""value"":""0"",""unit"":""g""},""salt"":{""value"":""0"",""unit"":""mg""},""added_suger"":{""value"":""0"",""unit"":""g""},""total_suger"":{""value"":""9.51"",""unit"":""g""},""carbohydrates"":{""value"":""78.1"",""unit"":""g""},""protein"":{""value"":""38.08"",""unit"":""g""},""sodium"":{""value"":""1382.74"",""unit"":""mg""},""is_extra_salt"":{""value"":""0""},""calories"":{""value"":""715"",""unit"":""kcal""}}","[{""name"": ""Dairy"", ""nameArabic"": ""الحليب ومشتقاته"", ""imageUrl"": ""https://d15pngy0ricipl.cloudfront.net/1678111258315.png"", ""_id"": ""681cb504674a530be93196a3""}, {""name"": ""Wheat"", ""nameArabic"": ""القمح"", ""imageUrl"": ""https://d15pngy0ricipl.cloudfront.net/1678186678592.png"", ""_id"": ""681cb504674a530be93196a4""}, {""name"": ""Egg"", ""nameArabic"": ""البيض"", ""imageUrl"": ""https://d15pngy0ricipl.cloudfront.net/1678186702746.png"", ""_id"": ""681cb504674a530be93196a5""}, {""name"": ""Soya Beans"", ""nameArabic"": ""الصويا"", ""imageUrl"": ""https://d15pngy0ricipl.cloudfront.net/1678186737657.png"", ""_id"": ""681cb504674a530be93196a6""}, {""name"": ""Sesame"", ""nameArabic"": ""السمسم"", ""imageUrl"": ""https://d15pngy0ricipl.cloudfront.net/1678186765733.png"", ""_id"": ""681cb504674a530be93196a7""}]",https://d15pngy0ricipl.cloudfront.net/1747747951881_B9o5V.webp,True,0,False,"[""6392129e76d541ddec8cb8fd"", ""6392129e76d541ddec8cb945"", ""6392129e76d541ddec8cb95a"", ""639212a476d541ddec8cc0df"", ""6531f92e35c8d7ea8c734e3f""]",,
delivery,ساندويتشات,Sandwiches,20,63920b9fe167073458dd95db,102611,63920ba1e16707345cdd9620,ساندوتش كودو دجاج ,Kudu Chicken Sandwich,28,True,True,False,active,609,أصل المذاق ، ببساطة قطع الدجاج اللذيذة مع الطماطم، الخس،  الفلفل الاخضر ، البصل مع  صوص الصويا والمايونيز  في خبز كودو الشهي.,"Our bestselling original starring grilled chicken pieces, fresh tomato slice, crisp lettuce, grilled onion and bell pepper, topped with Soya and Mayo sauce. Served in a freshly baked Kudu soft bread","[""MILK_OR_LACTOSE"",""EGG"",""GLUTEN"",""SOYA"",""SESAME_SEEDS""]","{""physical_activity_to_burn"":{""value"":""158"",""unit"":""min""},""cholesterol"":{""value"":""55.26"",""unit"":""mg""},""fiber"":{""value"":""5.59"",""unit"":""g""},""full_fat"":{""value"":""20.08"",""unit"":""g""},""saturated_fat"":{""value"":""5.89"",""unit"":""g""},""trans_fat"":{""value"":""0"",""unit"":""g""},""salt"":{""value"":""0"",""unit"":""mg""},""added_suger"":{""value"":""0"",""unit"":""g""},""total_suger"":{""value"":""2.21"",""unit"":""g""},""carbohydrates"":{""value"":""72.61"",""unit"":""g""},""protein"":{""value"":""34.51"",""unit"":""g""},""sodium"":{""value"":""1266.65"",""unit"":""mg""},""is_extra_salt"":{""value"":""0""},""calories"":{""value"":""609"",""unit"":""kcal""}}","[{""name"": ""Dairy"", ""nameArabic"": ""الحليب ومشتقاته"", ""imageUrl"": ""https://d15pngy0ricipl.cloudfront.net/1678111258315.png"", ""_id"": ""681cb56d674a530be93197b2""}, {""name"": ""Wheat"", ""nameArabic"": ""القمح"", ""imageUrl"": ""https://d15pngy0ricipl.cloudfront.net/1678186678592.png"", ""_id"": ""681cb56d674a530be93197b3""}, {""name"": ""Egg"", ""nameArabic"": ""البيض"", ""imageUrl"": ""https://d15pngy0ricipl.cloudfront.net/1678186702746.png"", ""_id"": ""681cb56d674a530be93197b4""}, {""name"": ""Soya Beans"", ""nameArabic"": ""الصويا"", ""imageUrl"": ""https://d15pngy0ricipl.cloudfront.net/1678186737657.png"", ""_id"": ""681cb56d674a530be93197b5""}, {""name"": ""Sesame"", ""nameArabic"": ""السمسم"", ""imageUrl"": ""https://d15pngy0ricipl.cloudfront.net/1678186765733.png"", ""_id"": ""681cb56d674a530be93197b6""}]",https://d15pngy0ricipl.cloudfront.net/1747747941680_ZOEZg.webp,True,0,False,"[""6392129776d541ddec8cb128"", ""6392129776d541ddec8cb174"", ""6531f8af35c8d7ea8c72aa9a"", ""6392129776d541ddec8cb189""]",,
delivery,ساندويتشات,Sandwiches,20,63920b9fe167073458dd95db,102612,63920ba1e16707c7eadd961f,ساندوتش كودو الدجاج الحار,Kudu Spicy Chicken Sandwich,29,True,True,False,active,690,حضر نفسك للمذاق الشهي مع قطع الدجاج الحارة ، الطماطم ، الخس ، الفلفل اخضر والبصل مغطاة بالجبنة البيضاء وصوص الداينمايت الحار ,"Grilled spicy chicken pieces topped with green pepper, onion, melted white cheese, fresh tomato slice, crisp lettuce and our dynamite spicy sauce. Served in a freshly baked Kudu soft bread.","[""MILK_OR_LACTOSE"",""EGG"",""GLUTEN"",""SOYA"",""SESAME_SEEDS""]","{""physical_activity_to_burn"":{""value"":""179"",""unit"":""min""},""cholesterol"":{""value"":""27.62"",""unit"":""mg""},""fiber"":{""value"":""8.87"",""unit"":""g""},""full_fat"":{""value"":""24.07"",""unit"":""g""},""saturated_fat"":{""value"":""7.06"",""unit"":""g""},""trans_fat"":{""value"":""0"",""unit"":""g""},""salt"":{""value"":""0"",""unit"":""mg""},""added_suger"":{""value"":""0"",""unit"":""g""},""total_suger"":{""value"":""3.44"",""unit"":""g""},""carbohydrates"":{""value"":""80.99"",""unit"":""g""},""protein"":{""value"":""37.37"",""unit"":""g""},""sodium"":{""value"":""2070.93"",""unit"":""mg""},""is_extra_salt"":{""value"":""0""},""calories"":{""value"":""690"",""unit"":""kcal""}}","[{""name"": ""Dairy"", ""nameArabic"": ""الحليب ومشتقاته"", ""imageUrl"": ""https://d15pngy0ricipl.cloudfront.net/1678111258315.png"", ""_id"": ""681cb573674a530be93197ce""}, {""name"": ""Wheat"", ""nameArabic"": ""القمح"", ""imageUrl"": ""https://d15pngy0ricipl.cloudfront.net/1678186678592.png"", ""_id"": ""681cb573674a530be93197cf""}, {""name"": ""Egg"", ""nameArabic"": ""البيض"", ""imageUrl"": ""https://d15pngy0ricipl.cloudfront.net/1678186702746.png"", ""_id"": ""681cb573674a530be93197d0""}, {""name"": ""Soya Beans"", ""nameArabic"": ""الصويا"", ""imageUrl"": ""https://d15pngy0ricipl.cloudfront.net/1678186737657.png"", ""_id"": ""681cb573674a530be93197d1""}, {""name"": ""Sesame"", ""nameArabic"": ""السمسم"", ""imageUrl"": ""https://d15pngy0ricipl.cloudfront.net/1678186765733.png"", ""_id"": ""681cb573674a530be93197d2""}]",https://d15pngy0ricipl.cloudfront.net/1747747931277_EtJTZ.webp,True,0,False,"[""639212a776d541ddec8cc4d1"", ""6392129776d541ddec8cb174"", ""6531f92c35c8d7ea8c733ed0"", ""6392129776d541ddec8cb189""]",,
delivery,ساندويتشات,Sandwiches,20,63920b9fe167073458dd95db,102614,63920ba1e167072de9dd9619, ساندوتش لفينو دجاج ,Lafino Chicken Sandwich ,28,True,True,False,active,575,قطع الدجاج الشهي مغموسة بصوص البوريتو يغطيها قطع الطماطم والخس الطازج مع  الفلفل الأخضر ،البصل والجبنة الصفراء الذائبة داخل خبر التورتيلا  الطري.,"A mix of grilled chicken comes in tortilla bread , topped with yellow cheese slices, fresh tomato, crisp lettuce, green pepper, onions and burrito sauce.","[""MILK_OR_LACTOSE"",""EGG"",""GLUTEN"",""SOYA""]","{""physical_activity_to_burn"": {""value"": 149, ""unit"": ""min""}, ""cholesterol"": {""value"": 51.73, ""unit"": ""mg""}, ""fiber"": {""value"": 5.5, ""unit"": ""g""}, ""full_fat"": {""value"": 21.23, ""unit"": ""g""}, ""saturated_fat"": {""value"": 9.51, ""unit"": ""g""}, ""trans_fat"": {""value"": 0, ""unit"": ""g""}, ""salt"": {""value"": 0, ""unit"": ""mg""}, ""added_suger"": {""value"": 0, ""unit"": ""g""}, ""total_suger"": {""value"": 4.49, ""unit"": ""g""}, ""carbohydrates"": {""value"": 63.18, ""unit"": ""g""}, ""protein"": {""value"": 32.71, ""unit"": ""g""}, ""sodium"": {""value"": 1581.45, ""unit"": ""mg""}, ""is_extra_salt"": {""value"": false}, ""calories"": {""value"": 575, ""unit"": ""kcal""}}","[{""name"": ""Dairy"", ""nameArabic"": ""الحليب ومشتقاته"", ""imageUrl"": ""https://d15pngy0ricipl.cloudfront.net/1678111258315.png"", ""_id"": ""68caa19bf6a3ed7692cb6aae""}, {""name"": ""Wheat"", ""nameArabic"": ""القمح"", ""imageUrl"": ""https://d15pngy0ricipl.cloudfront.net/1678186678592.png"", ""_id"": ""68caa19bf6a3ed7692cb6aaf""}, {""name"": ""Egg"", ""nameArabic"": ""البيض"", ""imageUrl"": ""https://d15pngy0ricipl.cloudfront.net/1678186702746.png"", ""_id"": ""68caa19bf6a3ed7692cb6ab0""}, {""name"": ""Soya Beans"", ""nameArabic"": ""الصويا"", ""imageUrl"": ""https://d15pngy0ricipl.cloudfront.net/1678186737657.png"", ""_id"": ""68caa19bf6a3ed7692cb6ab1""}]",https://d15pngy0ricipl.cloudfront.net/1747747923617_ASStz.webp,True,0,False,"[""639212a076d541ddec8cbc3e"", ""639212a076d541ddec8cbc87""]",,
delivery,ساندويتشات,Sandwiches,20,63920b9fe167073458dd95db,102615,63920ba1e16707b2e0dd961a,ساندوتش برجر الدجاج,Chicken Burger Sandwich,23,True,True,False,active,599,البساطة بذاتها لذة، اليكم برجر الدجاج المغطى بطبقة البسقماط مع الخس وصوص المايونيز بخبز البرجر بالسمسم.,Crunchy breaded chicken patty topped with crisp lettuce and mayo in soft burger bun.,"[""MILK_OR_LACTOSE"",""EGG"",""GLUTEN"",""SOYA"",""SESAME_SEEDS""]","{""physical_activity_to_burn"": {""value"": 156, ""unit"": ""min""}, ""cholesterol"": {""value"": 14.07, ""unit"": ""mg""}, ""fiber"": {""value"": 6.71, ""unit"": ""g""}, ""full_fat"": {""value"": 30.01, ""unit"": ""g""}, ""saturated_fat"": {""value"": 8.52, ""unit"": ""g""}, ""trans_fat"": {""value"": 0, ""unit"": ""g""}, ""salt"": {""value"": 0, ""unit"": ""mg""}, ""added_suger"": {""value"": 0, ""unit"": ""g""}, ""total_suger"": {""value"": 2.81, ""unit"": ""g""}, ""carbohydrates"": {""value"": 62.55, ""unit"": ""g""}, ""protein"": {""value"": 19.78, ""unit"": ""g""}, ""sodium"": {""value"": 979.68, ""unit"": ""mg""}, ""is_extra_salt"": {""value"": false}, ""calories"": {""value"": 599, ""unit"": ""kcal""}}","[{""name"": ""Dairy"", ""nameArabic"": ""الحليب ومشتقاته"", ""imageUrl"": ""https://d15pngy0ricipl.cloudfront.net/1678111258315.png"", ""_id"": ""681cb54d674a530be9319778""}, {""name"": ""Wheat"", ""nameArabic"": ""القمح"", ""imageUrl"": ""https://d15pngy0ricipl.cloudfront.net/1678186678592.png"", ""_id"": ""681cb54d674a530be9319779""}, {""name"": ""Egg"", ""nameArabic"": ""البيض"", ""imageUrl"": ""https://d15pngy0ricipl.cloudfront.net/1678186702746.png"", ""_id"": ""681cb54d674a530be931977a""}, {""name"": ""Soya Beans"", ""nameArabic"": ""الصويا"", ""imageUrl"": ""https://d15pngy0ricipl.cloudfront.net/1678186737657.png"", ""_id"": ""681cb54d674a530be931977b""}, {""name"": ""Sesame"", ""nameArabic"": ""السمسم"", ""imageUrl"": ""https://d15pngy0ricipl.cloudfront.net/1678186765733.png"", ""_id"": ""681cb54d674a530be931977c""}]",https://d15pngy0ricipl.cloudfront.net/1747747915841_mz7GX.webp,True,0,False,"[""6392129e76d541ddec8cba0f"", ""6392129f76d541ddec8cba38"", ""6531f92d35c8d7ea8c734413""]",,
delivery,ساندويتشات,Sandwiches,20,63920b9fe167073458dd95db,102616,63920ba1e16707131bdd961c,ساندوتش كواترو الدجاج,Quattro Chicken Sandwich,28,True,True,False,active,697,ساندويتش كواترو بدجاج فيليه الحار مع خس، مايونيز وصوص ثاوزند آيلاند.,"Quattro Spicy Chicken Sandwich fillet filled with lettuce, mayonnaise, and Thousand Island sauce.","[""MILK_OR_LACTOSE"",""EGG"",""GLUTEN"",""SOYA"",""SESAME_SEEDS""]","{""physical_activity_to_burn"":{""value"":""181"",""unit"":""min""},""cholesterol"":{""value"":""8.03"",""unit"":""mg""},""fiber"":{""value"":""7.23"",""unit"":""g""},""full_fat"":{""value"":""35.04"",""unit"":""g""},""saturated_fat"":{""value"":""9.99"",""unit"":""g""},""trans_fat"":{""value"":""0"",""unit"":""g""},""salt"":{""value"":""0"",""unit"":""mg""},""added_suger"":{""value"":""0"",""unit"":""g""},""total_suger"":{""value"":""0"",""unit"":""g""},""carbohydrates"":{""value"":""64.73"",""unit"":""g""},""protein"":{""value"":""30.57"",""unit"":""g""},""sodium"":{""value"":""2068.64"",""unit"":""mg""},""is_extra_salt"":{""value"":""0""},""calories"":{""value"":""697"",""unit"":""kcal""}}","[{""name"": ""Dairy"", ""nameArabic"": ""الحليب ومشتقاته"", ""imageUrl"": ""https://d15pngy0ricipl.cloudfront.net/1678111258315.png"", ""_id"": ""6964fcde7d956c9a85311607""}, {""name"": ""Wheat"", ""nameArabic"": ""القمح"", ""imageUrl"": ""https://d15pngy0ricipl.cloudfront.net/1678186678592.png"", ""_id"": ""6964fcde7d956c9a85311608""}, {""name"": ""Egg"", ""nameArabic"": ""البيض"", ""imageUrl"": ""https://d15pngy0ricipl.cloudfront.net/1678186702746.png"", ""_id"": ""6964fcde7d956c9a85311609""}, {""name"": ""Soya Beans"", ""nameArabic"": ""الصويا"", ""imageUrl"": ""https://d15pngy0ricipl.cloudfront.net/1678186737657.png"", ""_id"": ""6964fcde7d956c9a8531160a""}, {""name"": ""Sesame"", ""nameArabic"": ""السمسم"", ""imageUrl"": ""https://d15pngy0ricipl.cloudfront.net/1678186765733.png"", ""_id"": ""6964fcde7d956c9a8531160b""}]",https://d15pngy0ricipl.cloudfront.net/1747747907993_X3Og6.webp,True,0,False,"[""6392129a76d541ddec8cb4b0"", ""6392129a76d541ddec8cb4e1"", ""69ba49786ee74776c7879e8c"", ""6531f92c35c8d7ea8c733fa7""]",,
delivery,ساندويتشات,Sandwiches,20,63920b9fe167073458dd95db,102930,63920ba1e16707615bdd961e,ساندوتش لفينو فيلي ستيك,Lafino Philly Steak Sandwich,29,True,True,False,active,1042,قطع فيلي ستيك الشهي مغمسة بصوص المايونيز مع الفلفل الأخضر ،البصل والجبنة الصفراء الذائبة داخل خبر التورتيلا  الطري.,"A mix of grilled philly steak comes in tortilla bread with melted yellow cheese, grilled green pepper, onions & mayo. ","[""MILK_OR_LACTOSE"",""EGG"",""GLUTEN"",""SOYA"",""SESAME_SEEDS""]","{""physical_activity_to_burn"": {""value"": 198, ""unit"": ""min""}, ""cholesterol"": {""value"": 10.3, ""unit"": ""mg""}, ""fiber"": {""value"": 7.15, ""unit"": ""g""}, ""full_fat"": {""value"": 24.73, ""unit"": ""g""}, ""saturated_fat"": {""value"": 12.04, ""unit"": ""g""}, ""trans_fat"": {""value"": 0, ""unit"": ""g""}, ""salt"": {""value"": 0, ""unit"": ""mg""}, ""added_suger"": {""value"": 0, ""unit"": ""g""}, ""total_suger"": {""value"": 0, ""unit"": ""g""}, ""carbohydrates"": {""value"": 85.49, ""unit"": ""g""}, ""protein"": {""value"": 49.59, ""unit"": ""g""}, ""sodium"": {""value"": 1461.06, ""unit"": ""mg""}, ""is_extra_salt"": {""value"": false}, ""calories"": {""value"": 1042, ""unit"": ""kcal""}}","[{""name"": ""Dairy"", ""nameArabic"": ""الحليب ومشتقاته"", ""imageUrl"": ""https://d15pngy0ricipl.cloudfront.net/1678111258315.png"", ""_id"": ""68caa190527a1c7fcf6c2de1""}, {""name"": ""Wheat"", ""nameArabic"": ""القمح"", ""imageUrl"": ""https://d15pngy0ricipl.cloudfront.net/1678186678592.png"", ""_id"": ""68caa190527a1c7fcf6c2de2""}, {""name"": ""Egg"", ""nameArabic"": ""البيض"", ""imageUrl"": ""https://d15pngy0ricipl.cloudfront.net/1678186702746.png"", ""_id"": ""68caa190527a1c7fcf6c2de3""}, {""name"": ""Soya Beans"", ""nameArabic"": ""الصويا"", ""imageUrl"": ""https://d15pngy0ricipl.cloudfront.net/1678186737657.png"", ""_id"": ""68caa190527a1c7fcf6c2de4""}, {""name"": ""Sesame"", ""nameArabic"": ""السمسم"", ""imageUrl"": ""https://d15pngy0ricipl.cloudfront.net/1678186765733.png"", ""_id"": ""68caa190527a1c7fcf6c2de5""}]",https://d15pngy0ricipl.cloudfront.net/1731219352310_Dq9JO.png,True,0,False,"[""6392129d76d541ddec8cb804"", ""6392129d76d541ddec8cb826""]",,
delivery,ساندويتشات,Sandwiches,20,63920b9fe167073458dd95db,102997,63920ba1e167073fdfdd961d,ساندوتش تورتيلا كودو,Tortilla Kudu Sandwich,17,True,True,False,active,847,اكتشف مذاق التورتيلا الأصلي مع قطع من الدجاج الحار الذهبي والمقرمش  مغطاة بصوص التورتيلا اللذيذ وشرائح الطماطم والخس.,"The soft Tortilla you love with crunchy breaded chicken and our special Tortilla sauce, fresh tomato and crisp lettuce. ",,"{""physical_activity_to_burn"":{""value"":""0"",""unit"":""min""},""cholesterol"":{""value"":""0"",""unit"":""mg""},""fiber"":{""value"":""8.2"",""unit"":""g""},""full_fat"":{""value"":""46.1"",""unit"":""g""},""saturated_fat"":{""value"":""20.2"",""unit"":""g""},""trans_fat"":{""value"":""31.2"",""unit"":""g""},""salt"":{""value"":""0"",""unit"":""mg""},""added_suger"":{""value"":""0"",""unit"":""g""},""total_suger"":{""value"":""0"",""unit"":""g""},""carbohydrates"":{""value"":""86.3"",""unit"":""g""},""protein"":{""value"":""21.8"",""unit"":""g""},""sodium"":{""value"":""2505"",""unit"":""mg""},""is_extra_salt"":{""value"":""0""},""calories"":{""value"":""847.4"",""unit"":""kcal""}}","[{""name"": ""Dairy"", ""nameArabic"": ""الحليب ومشتقاته"", ""imageUrl"": ""https://d15pngy0ricipl.cloudfront.net/1678111258315.png"", ""_id"": ""69562903befc252fc279ddd2""}, {""name"": ""Wheat"", ""nameArabic"": ""القمح"", ""imageUrl"": ""https://d15pngy0ricipl.cloudfront.net/1678186678592.png"", ""_id"": ""69562903befc252fc279ddd3""}, {""name"": ""Egg"", ""nameArabic"": ""البيض"", ""imageUrl"": ""https://d15pngy0ricipl.cloudfront.net/1678186702746.png"", ""_id"": ""69562903befc252fc279ddd4""}, {""name"": ""Soya Beans"", ""nameArabic"": ""الصويا"", ""imageUrl"": ""https://d15pngy0ricipl.cloudfront.net/1678186737657.png"", ""_id"": ""69562903befc252fc279ddd5""}, {""name"": ""Sulphites"", ""nameArabic"": ""الكبريتات"", ""imageUrl"": ""https://d15pngy0ricipl.cloudfront.net/1678186859208.png"", ""_id"": ""69562903befc252fc279ddd6""}, {""name"": ""Celery"", ""nameArabic"": ""كرفس"", ""imageUrl"": ""https://d15pngy0ricipl.cloudfront.net/1678186913455.png"", ""_id"": ""69562903befc252fc279ddd7""}, {""name"": ""Mustard"", ""nameArabic"": ""خردل"", ""imageUrl"": ""https://d15pngy0ricipl.cloudfront.net/1678186957790.png"", ""_id"": ""69562903befc252fc279ddd8""}]",https://d15pngy0ricipl.cloudfront.net/1767254270180_OCwEs.webp,True,0,False,"[""6392129c76d541ddec8cb719"", ""6392129c76d541ddec8cb738""]",,
delivery,ساندويتشات,Sandwiches,20,63920b9fe167073458dd95db,103633,65a38e5005d8a21a8d9de530,ساندوتش المثلثة,Muthalatha Sandwich,29,True,True,False,active,798,"المثلثة اخر ابدعاتنا بطعم من عالم ثاني، المثلثة تحتوي على خبز التورتيلا محشو بالدجاج والموزاريلا الذائبة وجبن الإيمنتال الغني, بصل  مكرمل وصلصة سيراتشا ومايونيز لذيذة لتعطي لذة وحرارة متوسطة تناسب جميع الاذواق. اطلبها مع بيبسي وبطاطس لتكتمل اللذة","Explore the taste of excitement with Muthalatha. Loaded with chicken, melted mozzarella-rich Emmental cheese, caramelized peppers, and topped with Tabasco Sriracha and mayo sauce, all embraced in a spicy wrap. Comes with Cilantro Sauce on the side.","[""MILK_OR_LACTOSE"",""EGG"",""GLUTEN"",""SOYA"",""MUSTARD""]","{""physical_activity_to_burn"":{""value"":""207"",""unit"":""min""},""cholesterol"":{""value"":""69"",""unit"":""mg""},""fiber"":{""value"":""5"",""unit"":""g""},""full_fat"":{""value"":""45"",""unit"":""g""},""saturated_fat"":{""value"":""17"",""unit"":""g""},""trans_fat"":{""value"":""0"",""unit"":""g""},""salt"":{""value"":""0"",""unit"":""mg""},""added_suger"":{""value"":""0"",""unit"":""g""},""total_suger"":{""value"":""0"",""unit"":""g""},""carbohydrates"":{""value"":""56"",""unit"":""g""},""protein"":{""value"":""43"",""unit"":""g""},""sodium"":{""value"":""1318"",""unit"":""mg""},""is_extra_salt"":{""value"":""0""},""calories"":{""value"":""798"",""unit"":""kcal""}}",[],https://d15pngy0ricipl.cloudfront.net/1747746743841_tLAi0.webp,True,0,False,"[""65c4c6793b3c46c719024090"", ""65c4c6793b3c46c7190240e8""]",,
delivery,ساندويتشات,Sandwiches,20,63920b9fe167073458dd95db,103743,6628f55dfe84e42c9db8a777,سموكي ساندويتش,Smokey Sandwich,31,True,True,False,active,959,بريميوم ساندويتش مخبوزة بخبز البطاطس وغنية بشرائح لحم الفيلي المدخن محضرة بقطع البصل والفلفل المكرمل، مع جبنة الموزيريلا الذائبة التي تعطيها طعم كريمي غني، ويمّزيها الصوص المدخن الذيذ، لذة في كل قضمة.,"A Premium Taste Sensation: Tender, premium Philly steak sizzles on a pillowy potato sub, layered with the sweetness of caramelized peppers and onions. Melty mozzarella and Emmental cheese create a creamy dream, all topped with a smokey kick from our new Smokey sauce. Its a taste masterpiece in every bite!","[""MILK_OR_LACTOSE"",""EGG"",""GLUTEN"",""SOYA"",""MUSTARD""]","{""physical_activity_to_burn"":{""value"":""249"",""unit"":""min""},""cholesterol"":{""value"":""94"",""unit"":""mg""},""fiber"":{""value"":""7"",""unit"":""g""},""full_fat"":{""value"":""44"",""unit"":""g""},""saturated_fat"":{""value"":""21"",""unit"":""g""},""trans_fat"":{""value"":""0"",""unit"":""g""},""salt"":{""value"":""0"",""unit"":""mg""},""added_suger"":{""value"":""0"",""unit"":""g""},""total_suger"":{""value"":""13"",""unit"":""g""},""carbohydrates"":{""value"":""83"",""unit"":""g""},""protein"":{""value"":""57"",""unit"":""g""},""sodium"":{""value"":""1733"",""unit"":""mg""},""is_extra_salt"":{""value"":""0""},""calories"":{""value"":""959"",""unit"":""kcal""}}",[],https://d15pngy0ricipl.cloudfront.net/1731219388634_9V9fo.png,True,3,False,"[""6628f52548e8f8a20096f878"", ""6628f52548e8f8a20096f8a0""]",,
delivery,ساندويتشات,Sandwiches,20,63920b9fe167073458dd95db,104160,69536018341c606cafce8e9c,كواترو - مو حار,Quattro Non-Spicy Sandwich,28,True,True,False,active,911,فيليه دجاج مقرمش بخبزة طرية، خس، مايونيز، وصوص آيلاند.,"Crispy chicken fillet on a soft bun with lettuce, mayo, and island sauce.",,"{""physical_activity_to_burn"":{""value"":""0"",""unit"":""min""},""cholesterol"":{""value"":""152"",""unit"":""mg""},""fiber"":{""value"":""6.6"",""unit"":""g""},""full_fat"":{""value"":""43.5"",""unit"":""g""},""saturated_fat"":{""value"":""10"",""unit"":""g""},""trans_fat"":{""value"":""0"",""unit"":""g""},""salt"":{""value"":""0"",""unit"":""mg""},""added_suger"":{""value"":""0"",""unit"":""g""},""total_suger"":{""value"":""9.4"",""unit"":""g""},""carbohydrates"":{""value"":""97.5"",""unit"":""g""},""protein"":{""value"":""32.6"",""unit"":""g""},""sodium"":{""value"":""1889"",""unit"":""mg""},""is_extra_salt"":{""value"":""0""},""calories"":{""value"":""911.2"",""unit"":""kcal""}}",[],https://d15pngy0ricipl.cloudfront.net/1768199818206_4VGjM.webp,True,0,False,"[""6392129a76d541ddec8cb4b0"", ""6392129a76d541ddec8cb4e1"", ""69ba49786ee74776c7879e8c"", ""69535f396c89d5bf2bbae1e9""]",,
delivery,ساندويتشات,Sandwiches,20,63920b9fe167073458dd95db,104166,69536018341c606cafce8ea3,كواترو - حار نار,Quattro Extra Spicy,29,True,True,False,active,720,فيليه دجاج مقرمش اكسترا سبايسي مع خس، مايونيز، صوص آيلاند، وشرائح هلابينو.,"Extra spicy crispy chicken fillet with lettuce, chipotle sauce and jalapeno slices.",,"{""physical_activity_to_burn"":{""value"":""0"",""unit"":""min""},""cholesterol"":{""value"":""180.6"",""unit"":""mg""},""fiber"":{""value"":""7.8"",""unit"":""g""},""full_fat"":{""value"":""35.7"",""unit"":""g""},""saturated_fat"":{""value"":""10.5"",""unit"":""g""},""trans_fat"":{""value"":""0"",""unit"":""g""},""salt"":{""value"":""0"",""unit"":""mg""},""added_suger"":{""value"":""0"",""unit"":""g""},""total_suger"":{""value"":""6.6"",""unit"":""g""},""carbohydrates"":{""value"":""58.8"",""unit"":""g""},""protein"":{""value"":""41.1"",""unit"":""g""},""sodium"":{""value"":""1447.5"",""unit"":""mg""},""is_extra_salt"":{""value"":""0""},""calories"":{""value"":""720"",""unit"":""kcal""}}",[],https://d15pngy0ricipl.cloudfront.net/1768199828472_DVsP9.webp,True,0,False,"[""69535f396c89d5bf2bbae749"", ""69535f396c89d5bf2bbae7bd"", ""69ba49786ee74776c7879e8c"", ""6531f92c35c8d7ea8c733fa7""]",,
delivery,ساندويتشات,Sandwiches,20,63920b9fe167073458dd95db,104247,6a193939ba9ff8d385a5b6ea,ساندويتش المربعة,Muraba'a Sandwich,29,True,True,False,active,1032,قطع لحم فيلي مع فلفل أحمر مشوي، ومزيج من جبنة الموزاريلا والجبن الذائب، مغطاة بصوص البوريتو الغني داخل خبز تورتيلا الأبيض. تُقدّم مع صوص الكزبرة المميز على الجنب.,"Savory Philly beef with grilled red peppers, melted mozzarella and yellow cheese, drizzled with burrito sauce and wrapped in a soft white tortilla. Served with a flavorful cilantro dip on the side.",,"{""physical_activity_to_burn"":{""value"":""0"",""unit"":""min""},""cholesterol"":{""value"":""70"",""unit"":""mg""},""fiber"":{""value"":""6.7"",""unit"":""g""},""full_fat"":{""value"":""57.5"",""unit"":""g""},""saturated_fat"":{""value"":""27.5"",""unit"":""g""},""trans_fat"":{""value"":""0"",""unit"":""g""},""salt"":{""value"":""0"",""unit"":""mg""},""added_suger"":{""value"":""0"",""unit"":""g""},""total_suger"":{""value"":""0"",""unit"":""g""},""carbohydrates"":{""value"":""72.8"",""unit"":""g""},""protein"":{""value"":""56.3"",""unit"":""g""},""sodium"":{""value"":""2301.2"",""unit"":""mg""},""is_extra_salt"":{""value"":""0""},""calories"":{""value"":""1032.5"",""unit"":""kcal""}}",[],https://d15pngy0ricipl.cloudfront.net/1780049698609_tXj3I.webp,True,0,False,"[""6a1938cd478d9a0a2e45c4be"", ""6a1938cd478d9a0a2e45c4c1""]",,
delivery,ساندويتشات,Sandwiches,20,63920b9fe167073458dd95db,104264,6a4e4dde9e6aae9ae3f54ff4,تشكن راب بلس,Chicken Wrap Plus Sandwich,26,True,False,False,active,0,دجاج كرسبي مقرمش مع الصوص الخاص وجبنة الشيدر، وأعواد البطاطس المقرمشة، ملفوف داخل خبز التورتيلا.,"Breaded crispy chicken with cheddar cheese sauce, special sauce, potato sticks, in a tortilla orange wrap.",,,[],https://d15pngy0ricipl.cloudfront.net/1783517424262_RezqX.webp,False,0,False,[],,
delivery,كودو فيت,Kudu Fit,2,63920b9fe167072874dd95dc,102730,63d7941fd166e8144eba6ff1,سلطة كودو,Kudu Salad,20,True,True,False,active,50,"خلك صحي واختار سلطة كودو مزيج من قطع الخس الطازجة , طماطم شيري , خيار, فلفل اسود وملح مغطاة بصوص كودو الأشهر.","Salad , Cherry Tomato , Cucumber , Dressing , Crouton Bread , Salt , Pepper",[],"{""physical_activity_to_burn"":{""value"":""13"",""unit"":""min""},""cholesterol"":{""value"":""0"",""unit"":""mg""},""fiber"":{""value"":""2.19"",""unit"":""g""},""full_fat"":{""value"":""0"",""unit"":""g""},""saturated_fat"":{""value"":""0.12"",""unit"":""g""},""trans_fat"":{""value"":""0"",""unit"":""g""},""salt"":{""value"":""0"",""unit"":""mg""},""added_suger"":{""value"":""0"",""unit"":""g""},""total_suger"":{""value"":""6.67"",""unit"":""g""},""carbohydrates"":{""value"":""8.88"",""unit"":""g""},""protein"":{""value"":""2.83"",""unit"":""g""},""sodium"":{""value"":""62.95"",""unit"":""mg""},""is_extra_salt"":{""value"":""0""},""calories"":{""value"":""50"",""unit"":""kcal""}}",[],https://d15pngy0ricipl.cloudfront.net/1747747619367_rSPHQ.webp,True,0,False,"[""667ac99f7d56596cbaec6671"", ""639212bc76d541ddec8cdc52"", ""653f5834088b04bf81da6cb2""]",,
delivery,كودو فيت,Kudu Fit,2,63920b9fe167072874dd95dc,102827,63d7941fd166e83054ba6fee,سلطة دجاج,Kudu Chicken Salad,26,True,True,False,active,178,"مزيج من الخس الطازج والمقرمش مغطى بصدر الدجاج المشوي ، الطماطم الكرزية، الخيار وقطع الخبز المحمص بالأعشاب تقدم مع صلصة كودو الشهيرة الخاصة بنا.
","A mix of fresh & crisp iceberg lettuce topped with grilled chicken breast ,cherry tomato, cucumber and herb croutons. Served with our famous Kudu dressing on the side.","[""SOYA""]","{""physical_activity_to_burn"":{""value"":""46"",""unit"":""min""},""cholesterol"":{""value"":""14.26"",""unit"":""mg""},""fiber"":{""value"":""2.85"",""unit"":""g""},""full_fat"":{""value"":""3.79"",""unit"":""g""},""saturated_fat"":{""value"":""1.43"",""unit"":""g""},""trans_fat"":{""value"":""0"",""unit"":""g""},""salt"":{""value"":""0"",""unit"":""mg""},""added_suger"":{""value"":""0"",""unit"":""g""},""total_suger"":{""value"":""5.31"",""unit"":""g""},""carbohydrates"":{""value"":""8.26"",""unit"":""g""},""protein"":{""value"":""27.83"",""unit"":""g""},""sodium"":{""value"":""306.98"",""unit"":""mg""},""is_extra_salt"":{""value"":""0""},""calories"":{""value"":""178"",""unit"":""kcal""}}","[{""name"": ""Soya Beans"", ""nameArabic"": ""الصويا"", ""imageUrl"": ""https://d15pngy0ricipl.cloudfront.net/1678186737657.png"", ""_id"": ""6a7cfcaf6e0fb7b72e383b28""}]",https://d15pngy0ricipl.cloudfront.net/1747747611145_5alK8.webp,True,0,False,"[""667ac99f7d56596cbaec6671"", ""6392129776d541ddec8cb128"", ""6392129776d541ddec8cb174"", ""639212bc76d541ddec8cdc52"", ""639212bc76d541ddec8cdc68"", ""653f5834088b04bf81da6cb2""]",,
delivery,كودو فيت,Kudu Fit,2,63920b9fe167072874dd95dc,103288,64be4a86bfbd0e3e84843c6d,وجبة الدجاج المشوي,Grilled Chicken Meal,35,True,True,False,active,587,تذوق قطع الخس الطازجة مع شرائح الدجاج المشوية مع البطاطس المقلية المقرمشة والطماطم الكرزية والخيار والبصل الأخضر ومكعبات الطماطم وخليط الفطر والبصل والجبن الأصفر مع الصلصة الإيطالية مع الخبز المحمص. بالإضافة إلى المشروبات الغازية,"Crisp iceberg lettuce topped with grilled chicken, cherry tomato, cucumber, sauteed mushroom, diced tomato & onion mixed with yellow cheese sprinkles. Served with Italian dressing, toasted bread, crispy potato and diet soft drinks on the side.","[""MILK_OR_LACTOSE"",""EGG"",""GLUTEN"",""SOYA"",""SESAME_SEEDS""]","{""physical_activity_to_burn"":{""value"":""212"",""unit"":""min""},""cholesterol"":{""value"":""117.45"",""unit"":""mg""},""fiber"":{""value"":""11.99"",""unit"":""g""},""full_fat"":{""value"":""22.74"",""unit"":""g""},""saturated_fat"":{""value"":""9.71"",""unit"":""g""},""trans_fat"":{""value"":""0"",""unit"":""g""},""salt"":{""value"":""0"",""unit"":""mg""},""added_suger"":{""value"":""0"",""unit"":""g""},""total_suger"":{""value"":""0"",""unit"":""g""},""carbohydrates"":{""value"":""11.99"",""unit"":""g""},""protein"":{""value"":""41.17"",""unit"":""g""},""sodium"":{""value"":""1363.96"",""unit"":""mg""},""is_extra_salt"":{""value"":""0""},""calories"":{""value"":""587"",""unit"":""kcal""}}","[{""name"": ""Dairy"", ""nameArabic"": ""الحليب ومشتقاته"", ""imageUrl"": ""https://d15pngy0ricipl.cloudfront.net/1678111258315.png"", ""_id"": ""6a7cfccc9de4b81c62e2ed14""}, {""name"": ""Wheat"", ""nameArabic"": ""القمح"", ""imageUrl"": ""https://d15pngy0ricipl.cloudfront.net/1678186678592.png"", ""_id"": ""6a7cfccc9de4b81c62e2ed15""}, {""name"": ""Egg"", ""nameArabic"": ""البيض"", ""imageUrl"": ""https://d15pngy0ricipl.cloudfront.net/1678186702746.png"", ""_id"": ""6a7cfccc9de4b81c62e2ed16""}, {""name"": ""Soya Beans"", ""nameArabic"": ""الصويا"", ""imageUrl"": ""https://d15pngy0ricipl.cloudfront.net/1678186737657.png"", ""_id"": ""6a7cfccc9de4b81c62e2ed17""}, {""name"": ""Sesame"", ""nameArabic"": ""السمسم"", ""imageUrl"": ""https://d15pngy0ricipl.cloudfront.net/1678186765733.png"", ""_id"": ""6a7cfccc9de4b81c62e2ed18""}]",https://d15pngy0ricipl.cloudfront.net/1747747108287_zu980.webp,True,0,True,"[""639212a976d541ddec8cc6d9"", ""639212a976d541ddec8cc717"", ""639212aa76d541ddec8cc82c"", ""64be3fde056c3c42a01f8a99"", ""639212aa76d541ddec8cc77d"", ""67e52bd49e443271eded0b30""]",0,
delivery,كودو فيت,Kudu Fit,2,63920b9fe167072874dd95dc,103289,64be4a86bfbd0ed79e843c70,وجبة الدجاج المشوي دايت,Diet Grilled Chicken Meal,35,True,True,False,active,333,تذوق قطع الخس الطازجة مع شرائح الدجاج المشوية مع الطماطم الكرزية والخيار وجبنة الشيدر والبصل والفطر ومكعبات الطماطم والبصل الأخضر مع الصلصة الإيطالية مع الخبز المحمص والشاي المثلج,"Crisp iceberg lettuce topped with grilled chicken, cherry tomato ، cucumber, sauteed mushroom, diced tomato & onion mixed with yellow cheese sprinkles, served with Italian dressing, toasted brown bread, and iced tea on the side.","[""MILK_OR_LACTOSE"",""EGG"",""GLUTEN"",""SOYA""]","{""physical_activity_to_burn"":{""value"":""146"",""unit"":""min""},""cholesterol"":{""value"":""83.54"",""unit"":""mg""},""fiber"":{""value"":""6.18"",""unit"":""g""},""full_fat"":{""value"":""6.73"",""unit"":""g""},""saturated_fat"":{""value"":""3.09"",""unit"":""g""},""trans_fat"":{""value"":""0"",""unit"":""g""},""salt"":{""value"":""0"",""unit"":""mg""},""added_suger"":{""value"":""0"",""unit"":""g""},""total_suger"":{""value"":""4.67"",""unit"":""g""},""carbohydrates"":{""value"":""26.13"",""unit"":""g""},""protein"":{""value"":""41.95"",""unit"":""g""},""sodium"":{""value"":""952.94"",""unit"":""mg""},""is_extra_salt"":{""value"":""0""},""calories"":{""value"":""333"",""unit"":""kcal""}}","[{""name"": ""Dairy"", ""nameArabic"": ""الحليب ومشتقاته"", ""imageUrl"": ""https://d15pngy0ricipl.cloudfront.net/1678111258315.png"", ""_id"": ""6a7cfce4cb0194043d6e1a24""}, {""name"": ""Wheat"", ""nameArabic"": ""القمح"", ""imageUrl"": ""https://d15pngy0ricipl.cloudfront.net/1678186678592.png"", ""_id"": ""6a7cfce4cb0194043d6e1a25""}, {""name"": ""Egg"", ""nameArabic"": ""البيض"", ""imageUrl"": ""https://d15pngy0ricipl.cloudfront.net/1678186702746.png"", ""_id"": ""6a7cfce4cb0194043d6e1a26""}, {""name"": ""Soya Beans"", ""nameArabic"": ""الصويا"", ""imageUrl"": ""https://d15pngy0ricipl.cloudfront.net/1678186737657.png"", ""_id"": ""6a7cfce4cb0194043d6e1a27""}, {""name"": ""Sesame"", ""nameArabic"": ""السمسم"", ""imageUrl"": ""https://d15pngy0ricipl.cloudfront.net/1678186765733.png"", ""_id"": ""6a7cfce4cb0194043d6e1a28""}]",https://d15pngy0ricipl.cloudfront.net/1747747099395_SONA0.webp,True,0,True,"[""64be3fde056c3c42a01f8a99"", ""639212a976d541ddec8cc6d9"", ""639212a976d541ddec8cc717"", ""639212aa76d541ddec8cc77d""]",0,
delivery,كودو فيت,Kudu Fit,2,63920b9fe167072874dd95dc,103789,667ac9b7724c86fe6f8a96a3,سلطة سيزر دجاج,Chicken Caesar Salad,27,True,True,False,active,571,سلطة سيزر اللذيذة بالدجاج المشوي مع الخس الطازج، تُقدّم مع صوص السيزر الكريمي، وقطع الخبز المحمصة، وجبن البارميزان المبشور. مثالية كوجبة غداء خفيفة أو كطبق جانبي.,"Our Caesar Salad features grilled chicken with fresh mixed lettuce, creamy Caesar dressing, crunchy croutons, and grated Parmesan, Perfect as a light lunch or side dish.",[],"{""physical_activity_to_burn"":{""value"":""0"",""unit"":""min""},""cholesterol"":{""value"":""116"",""unit"":""mg""},""fiber"":{""value"":""4"",""unit"":""g""},""full_fat"":{""value"":""40"",""unit"":""g""},""saturated_fat"":{""value"":""9"",""unit"":""g""},""trans_fat"":{""value"":""0"",""unit"":""g""},""salt"":{""value"":""0"",""unit"":""mg""},""added_suger"":{""value"":""0"",""unit"":""g""},""total_suger"":{""value"":""14"",""unit"":""g""},""carbohydrates"":{""value"":""26"",""unit"":""g""},""protein"":{""value"":""26"",""unit"":""g""},""sodium"":{""value"":""514"",""unit"":""mg""},""is_extra_salt"":{""value"":""0""},""calories"":{""value"":""571"",""unit"":""kcal""}}",[],https://d15pngy0ricipl.cloudfront.net/1747746406321_40sw8.webp,True,0,False,"[""667ac99f7d56596cbaec6671"", ""639212bc76d541ddec8cdc68"", ""667ac99f7d56596cbaec66a6"", ""667ac99f7d56596cbaec66c1""]",,
delivery,العروض الخاصة,Special Offers,44,63920b9fe167070c73dd95e1,104275,6a67012b28e10bf5b08d34f3,كومبو كواترو + 6 ناجتس مجانًا,Quattro Combo + FREE 6 Nuggets,33,True,True,False,active,1322,كومبو كواترو مع بطاطس متوسطة ومشروب، بالإضافة إلى 6 قطع تشكن ناجتس مجانًا.,"Quattro Combo with Medium Fries & Drink, plus FREE 6 pcs Chicken Nuggets.",,"{""physical_activity_to_burn"":{""value"":""0"",""unit"":""min""},""cholesterol"":{""value"":""0"",""unit"":""mg""},""fiber"":{""value"":""0"",""unit"":""g""},""full_fat"":{""value"":""0"",""unit"":""g""},""saturated_fat"":{""value"":""0"",""unit"":""g""},""trans_fat"":{""value"":""0"",""unit"":""g""},""salt"":{""value"":""0"",""unit"":""mg""},""added_suger"":{""value"":""0"",""unit"":""g""},""total_suger"":{""value"":""0"",""unit"":""g""},""carbohydrates"":{""value"":""0"",""unit"":""g""},""protein"":{""value"":""0"",""unit"":""g""},""sodium"":{""value"":""0"",""unit"":""mg""},""is_extra_salt"":{""value"":""0""},""calories"":{""value"":""1322"",""unit"":""kcal""}}",[],https://d15pngy0ricipl.cloudfront.net/1785160222336_GYAzh.webp,True,0,False,"[""66bb3734374a7dedc1ebb5e8"", ""69f03c483e6cd1cfac91cd58"", ""66ba0fe8ed8fa516ee67f71e"", ""6392129a76d541ddec8cb4e1""]",,
delivery,العروض الخاصة,Special Offers,44,63920b9fe167070c73dd95e1,104324,6aa91bcfd984b1b140e7cea5,كوري لاسع كومبو + ناتشوز,Korean Kick + Nachos,40,True,True,False,active,0,وجبة كوري لاسع مع ناتشوز بالجبن لمذاق شهي ومشبع.,"Korean Kick Combo with cheesy nachos for a bold, satisfying bite.",,,[],https://d15pngy0ricipl.cloudfront.net/1789478812811_bXDgt.webp,True,0,False,"[""6aa91ba77d5400989abee478"", ""6a6b3c6f217d91cd5b52dc66"", ""66bb3734374a7dedc1ebb5e8"", ""6a2a34f72a01ff0840010e6e"", ""67e52bd49e443271eded0b30""]",,
delivery,العروض الخاصة,Special Offers,44,63920b9fe167070c73dd95e1,104325,6aa91bcfd984b1b140e7ce9e,اسطوري كومبو + ناتشوز,Legend Combo + Nachos,40,True,True,False,active,0,وجبة اسطوري مع ناتشوز بالجبن لوجبة لذيذة ومشبعة.,"Legend Combo with cheesy nachos for a delicious, satisfying meal.",,,[],https://d15pngy0ricipl.cloudfront.net/1789478770211_IerXe.webp,True,0,False,"[""6aa88e7b7d5400989abeace2"", ""6a6b3c70217d91cd5b52dc70"", ""66bb3734374a7dedc1ebb5e8"", ""69f03c483e6cd1cfac91cd58"", ""67e52bd49e443271eded0b30""]",,
delivery,خفايف,Khafayef,50,64f9228a68c1214140b58eeb,102617,66a1f87f90639575bc3aaf5c,ساندوتش فيجي,Veggie Sandwich,15,True,True,False,active,563, شريحة الخضار المقلية المميزة مع الخس المقرمش وصلصة ثاوزند آيلاند. ,Our exclusive veggie spicy fried patty topped with crisp lettuce and thousand island sauce.,,"{""physical_activity_to_burn"":{""value"":""0"",""unit"":""min""},""cholesterol"":{""value"":""0"",""unit"":""mg""},""fiber"":{""value"":""6.50"",""unit"":""g""},""full_fat"":{""value"":""21"",""unit"":""g""},""saturated_fat"":{""value"":""8.02"",""unit"":""g""},""trans_fat"":{""value"":""0"",""unit"":""g""},""salt"":{""value"":""0"",""unit"":""mg""},""added_suger"":{""value"":""0"",""unit"":""g""},""total_suger"":{""value"":""12.02"",""unit"":""g""},""carbohydrates"":{""value"":""82"",""unit"":""g""},""protein"":{""value"":""12"",""unit"":""g""},""sodium"":{""value"":""1,122"",""unit"":""mg""},""is_extra_salt"":{""value"":""0""},""calories"":{""value"":""563"",""unit"":""kcal""}}",[],https://d15pngy0ricipl.cloudfront.net/1747747899269_cjIYf.webp,True,0,False,"[""639212a976d541ddec8cc640"", ""639212a176d541ddec8cbd28"", ""639212a176d541ddec8cbd5b""]",,
delivery,خفايف,Khafayef,50,64f9228a68c1214140b58eeb,103050,64f9228b68c1217cacb58fac,كودوليشز دجاج ساندوتش,Kudulicious Chicken Sandwich,15,True,True,False,active,423,قطع الدجاج اللذيذة مع سوتيه البصل والفلفل الأخضر ، خس ، شرائح طماطم طازجة مغطاة بصلصة الصويا والجارلك برميزان في خبز كودو الطازج.,"Juicy grilled chicken, sauteed fresh onions and green pepper, crisp lettuce, fresh tomato slices topped with soya & garlic parmesan sauce layered in a freshly baked Kudu bread.","[""MILK_OR_LACTOSE"",""EGG"",""GLUTEN"",""SOYA"",""SESAME_SEEDS"",""MUSTARD""]","{""physical_activity_to_burn"":{""value"":""110"",""unit"":""min""},""cholesterol"":{""value"":""94"",""unit"":""mg""},""fiber"":{""value"":""8"",""unit"":""g""},""full_fat"":{""value"":""17"",""unit"":""g""},""saturated_fat"":{""value"":""4"",""unit"":""g""},""trans_fat"":{""value"":""0"",""unit"":""g""},""salt"":{""value"":""0"",""unit"":""mg""},""added_suger"":{""value"":""0"",""unit"":""g""},""total_suger"":{""value"":""7"",""unit"":""g""},""carbohydrates"":{""value"":""46"",""unit"":""g""},""protein"":{""value"":""21"",""unit"":""g""},""sodium"":{""value"":""696"",""unit"":""mg""},""is_extra_salt"":{""value"":""0""},""calories"":{""value"":""423"",""unit"":""kcal""}}",[],https://d15pngy0ricipl.cloudfront.net/1747747360640_qArhM.webp,True,0,False,"[""6392129776d541ddec8cb128"", ""6392129776d541ddec8cb174""]",,
delivery,خفايف,Khafayef,50,64f9228a68c1214140b58eeb,103297,66a1f87f906395d2113aaf59,وجبة فيجي,Veggie Combo,21,True,True,False,active,954,كومبو فيجي تحتوي على شريحة خضار مقرمشة حارة مع خس وصلصة ثاوزند آيلاند. يقدّم مع مع بطاطس ومشروب غازي.,Spicy veggie patty combo with lettuce and Thousand Island sauce. Served with fries and a soft drink.,,"{""physical_activity_to_burn"":{""value"":""0"",""unit"":""min""},""cholesterol"":{""value"":""7.3"",""unit"":""mg""},""fiber"":{""value"":""10.5"",""unit"":""g""},""full_fat"":{""value"":""30"",""unit"":""g""},""saturated_fat"":{""value"":""12"",""unit"":""g""},""trans_fat"":{""value"":""0"",""unit"":""g""},""salt"":{""value"":""0"",""unit"":""mg""},""added_suger"":{""value"":""0"",""unit"":""g""},""total_suger"":{""value"":""48"",""unit"":""g""},""carbohydrates"":{""value"":""156.5"",""unit"":""g""},""protein"":{""value"":""16"",""unit"":""g""},""sodium"":{""value"":""1582"",""unit"":""mg""},""is_extra_salt"":{""value"":""0""},""calories"":{""value"":""954"",""unit"":""kcal""}}",[],https://d15pngy0ricipl.cloudfront.net/1747746919435_6cdq1.webp,True,0,True,"[""639212a976d541ddec8cc640"", ""639212a176d541ddec8cbd28"", ""64be3fde056c3c42a01f8a99"", ""6392129576d541ddec8caf85""]",0,
delivery,خفايف,Khafayef,50,64f9228a68c1214140b58eeb,103304,64f9228b68c1218264b58fb2,كودوليشز دجاج,Kudulicious Chicken Combo,21,True,True,False,active,814,كودوليشز دجاج كومبو يتكوّن من قطع دجاج مع سوتيه البصل والفلفل الأخضر وصوص الصويا وجبن برميزان في خبز كودو. يقدّم مع مع بطاطس وبيبسي.,"Kudulicious Chicken Combo with sauteed onion, green pepper, soy sauce, and parmesan cheese in Kudu bread. Served with fries and Pepsi.",[],"{""physical_activity_to_burn"":{""value"":""0"",""unit"":""min""},""cholesterol"":{""value"":""101.3"",""unit"":""mg""},""fiber"":{""value"":""12"",""unit"":""g""},""full_fat"":{""value"":""26.5"",""unit"":""g""},""saturated_fat"":{""value"":""8"",""unit"":""g""},""trans_fat"":{""value"":""0"",""unit"":""g""},""salt"":{""value"":""0"",""unit"":""mg""},""added_suger"":{""value"":""0"",""unit"":""g""},""total_suger"":{""value"":""43"",""unit"":""g""},""carbohydrates"":{""value"":""120.3"",""unit"":""g""},""protein"":{""value"":""24.7"",""unit"":""g""},""sodium"":{""value"":""1156.5"",""unit"":""mg""},""is_extra_salt"":{""value"":""0""},""calories"":{""value"":""814"",""unit"":""kcal""}}",[],https://d15pngy0ricipl.cloudfront.net/1747746892100_jblb6.webp,True,0,True,"[""6392129776d541ddec8cb128"", ""6392129776d541ddec8cb174"", ""64be3fde056c3c42a01f8a99""]",0,
delivery,خفايف,Khafayef,50,64f9228a68c1214140b58eeb,103306,64f9228b68c1210c29b58fbb,وجبة هالابينو تشيز ميلت,Jalapeno Cheese Melt  Combo,23,True,True,False,active,659,كومبو هالابينو تشيز ميلت تحتوي على 2 برجر دجاج بالبقسماط مع الجبن والهالبينو. يقدّم مع مع بطاطس ومشروب.,Jalapeno Cheese Melt Combo contains 2 breaded chicken burgers with cheese and jalape?os. Served with fries and a soft drink.,"[""MILK_OR_LACTOSE"",""EGG"",""GLUTEN"",""SOYA""]","{""physical_activity_to_burn"":{""value"":""171"",""unit"":""min""},""cholesterol"":{""value"":""7.3"",""unit"":""mg""},""fiber"":{""value"":""4"",""unit"":""g""},""full_fat"":{""value"":""21.3"",""unit"":""g""},""saturated_fat"":{""value"":""4"",""unit"":""g""},""trans_fat"":{""value"":""0"",""unit"":""g""},""salt"":{""value"":""0"",""unit"":""mg""},""added_suger"":{""value"":""0"",""unit"":""g""},""total_suger"":{""value"":""36"",""unit"":""g""},""carbohydrates"":{""value"":""74.3"",""unit"":""g""},""protein"":{""value"":""3.7"",""unit"":""g""},""sodium"":{""value"":""460.5"",""unit"":""mg""},""is_extra_salt"":{""value"":""0""},""calories"":{""value"":""659"",""unit"":""kcal""}}",[],https://d15pngy0ricipl.cloudfront.net/1747746880617_yg3vM.webp,True,0,True,"[""63e8809392b345b657137b6a"", ""63e8809392b345b657137b81"", ""6392129576d541ddec8caf85"", ""64be3fde056c3c42a01f8a99""]",0,
delivery,خفايف,Khafayef,50,64f9228a68c1214140b58eeb,104185,69707d930246a66970d8fabe,جونيور برجر,Junior Burger,6,True,True,False,active,311,برجر جونيور بخبز طري، مع فيليه دجاج مقرمش، خس طازج ومايونيز كريمي.,"Junior Burger made with a soft bun, crispy chicken patty, fresh lettuce, and creamy mayonnaise.",,"{""physical_activity_to_burn"":{""value"":""0"",""unit"":""min""},""cholesterol"":{""value"":""0"",""unit"":""mg""},""fiber"":{""value"":""0"",""unit"":""g""},""full_fat"":{""value"":""0"",""unit"":""g""},""saturated_fat"":{""value"":""0"",""unit"":""g""},""trans_fat"":{""value"":""0"",""unit"":""g""},""salt"":{""value"":""0"",""unit"":""mg""},""added_suger"":{""value"":""0"",""unit"":""g""},""total_suger"":{""value"":""0"",""unit"":""g""},""carbohydrates"":{""value"":""0"",""unit"":""g""},""protein"":{""value"":""0"",""unit"":""g""},""sodium"":{""value"":""0"",""unit"":""mg""},""is_extra_salt"":{""value"":""0""},""calories"":{""value"":""311"",""unit"":""kcal""}}",[],https://d15pngy0ricipl.cloudfront.net/1770276121035_dhdRS.webp,True,0,False,"[""6392129e76d541ddec8cba0f"", ""6392129f76d541ddec8cba38""]",,
delivery,خفايف,Khafayef,50,64f9228a68c1214140b58eeb,104187,69707d930246a66970d8fa8a,وجبة جونيور برجر,Junior Burger Combo,16,True,True,False,active,666,برجر جونيور بخبز طري، مع فيليه دجاج مقرمش، خس طازج ومايونيز كريمي، ويجي معه بطاطس ومشروب غازي.,"Junior Burger made with a soft bun, crispy chicken patty, fresh lettuce, and creamy mayonnaise, served with fries and a soft drink.",,"{""physical_activity_to_burn"":{""value"":""0"",""unit"":""min""},""cholesterol"":{""value"":""0"",""unit"":""mg""},""fiber"":{""value"":""0"",""unit"":""g""},""full_fat"":{""value"":""0"",""unit"":""g""},""saturated_fat"":{""value"":""0"",""unit"":""g""},""trans_fat"":{""value"":""0"",""unit"":""g""},""salt"":{""value"":""0"",""unit"":""mg""},""added_suger"":{""value"":""0"",""unit"":""g""},""total_suger"":{""value"":""0"",""unit"":""g""},""carbohydrates"":{""value"":""0"",""unit"":""g""},""protein"":{""value"":""0"",""unit"":""g""},""sodium"":{""value"":""0"",""unit"":""mg""},""is_extra_salt"":{""value"":""0""},""calories"":{""value"":""666"",""unit"":""kcal""}}",[],https://d15pngy0ricipl.cloudfront.net/1769003081775_GatZU.png,True,0,True,"[""6392129e76d541ddec8cba0f"", ""6392129f76d541ddec8cba38"", ""64be3fde056c3c42a01f8a99"", ""6392129576d541ddec8caf85"", ""67e52bd49e443271eded0b30""]",0,
delivery,جمعات كودو,Gathering,53,65d5e8cdbfd41c83954b03fc,103687,65d5e8cfbfd41cc2ee4b04cb,سطل ناتشوز بالجبن,Cheese Nacho Bucket,43,True,True,False,active,1900,سطل ناتشوزبالجبن يحتوي على 12 حبة ناتشوز مغطى بالجبنة الذائبة اللذيذة مع صوصات: الداينامايت، وكودو المميز.,"12 nachos topped with melted cheese, served with dynamite, and Kudu special sauces.","[""MILK_OR_LACTOSE"",""GLUTEN"",""SOYA"",""CELERY""]","{""physical_activity_to_burn"":{""value"":""494"",""unit"":""min""},""cholesterol"":{""value"":""59.7"",""unit"":""mg""},""fiber"":{""value"":""11.7"",""unit"":""g""},""full_fat"":{""value"":""119"",""unit"":""g""},""saturated_fat"":{""value"":""38.1"",""unit"":""g""},""trans_fat"":{""value"":""0.64"",""unit"":""g""},""salt"":{""value"":""0"",""unit"":""mg""},""added_suger"":{""value"":""0"",""unit"":""g""},""total_suger"":{""value"":""58"",""unit"":""g""},""carbohydrates"":{""value"":""177.2"",""unit"":""g""},""protein"":{""value"":""33.3"",""unit"":""g""},""sodium"":{""value"":""5336"",""unit"":""mg""},""is_extra_salt"":{""value"":""0""},""calories"":{""value"":""1900"",""unit"":""kcal""}}",[],https://d15pngy0ricipl.cloudfront.net/1747746696370_dKJwu.webp,True,0,False,"[""65d5e8e29b070ca3ed389343""]",,
delivery,جمعات كودو,Gathering,53,65d5e8cdbfd41c83954b03fc,103690,65d5e8cfbfd41c40de4b04ce,سطل ستريبس دجاج,Chicken Strips Bucket,49,True,True,False,active,1656,10 قطع ستريبس دجاج مقرمشة مع تشكيلة صوصات,10pcs. chicken strips and assorted sauces.,[],"{""physical_activity_to_burn"":{""value"":""430"",""unit"":""min""},""cholesterol"":{""value"":""134.6"",""unit"":""mg""},""fiber"":{""value"":""2.4"",""unit"":""g""},""full_fat"":{""value"":""105.6"",""unit"":""g""},""saturated_fat"":{""value"":""29.3"",""unit"":""g""},""trans_fat"":{""value"":""0"",""unit"":""g""},""salt"":{""value"":""0"",""unit"":""mg""},""added_suger"":{""value"":""0"",""unit"":""g""},""total_suger"":{""value"":""51.5"",""unit"":""g""},""carbohydrates"":{""value"":""109.1"",""unit"":""g""},""protein"":{""value"":""70.4"",""unit"":""g""},""sodium"":{""value"":""2654.2"",""unit"":""mg""},""is_extra_salt"":{""value"":""1""},""calories"":{""value"":""1656"",""unit"":""kcal""}}",[],https://d15pngy0ricipl.cloudfront.net/1747746678033_Ae94j.webp,True,0,False,"[""65d5e8e29b070ca3ed389343""]",,
delivery,جمعات كودو,Gathering,53,65d5e8cdbfd41c83954b03fc,103712,65e44b02dbee650aff0ec761,بوكس كودو دجاج,KUDU Chicken Box,107,True,True,False,active,1214,"بوكس مصمم عشان يكمل جمعاتكم مع الاهل والاصدقاء, جمعة سريعة او طلعة ويكند, بوكس كودو اكيد بيكون نجم الليلة في اي مناسبة, فيه 4 ساندويتشات كودو دجاج, بطاطس كرسبي بحجم عائلي, بطاطس مقلية بحجم عائلي, و4 صوصات لذيذة: جارلك برميزان, صوص كودو الخاص, صوص الدينامايت الحلو, وصوص الباربيكيو.","Designed to bring joy to your gatherings with family and friends, whether its a casual get-together or a night out, our Gathering Box is sure to be the highlight of any occasion. Packed with 4 Signature Kudu Chicken Sandwiches, Family Fries, Crisp Fries, and 4 tantalizing sauces: Garlic Parmesan, Special Kudu Sauce, Sweet Dynamite, and BBQ","[""MILK_OR_LACTOSE"",""EGG"",""GLUTEN"",""SOYA"",""SESAME_SEEDS"",""MUSTARD""]","{""physical_activity_to_burn"":{""value"":""315"",""unit"":""min""},""cholesterol"":{""value"":""130"",""unit"":""mg""},""fiber"":{""value"":""12.85"",""unit"":""g""},""full_fat"":{""value"":""47"",""unit"":""g""},""saturated_fat"":{""value"":""15.52"",""unit"":""g""},""trans_fat"":{""value"":""0.03"",""unit"":""g""},""salt"":{""value"":""0"",""unit"":""mg""},""added_suger"":{""value"":""0"",""unit"":""g""},""total_suger"":{""value"":""4.42"",""unit"":""g""},""carbohydrates"":{""value"":""147"",""unit"":""g""},""protein"":{""value"":""51"",""unit"":""g""},""sodium"":{""value"":""2270"",""unit"":""mg""},""is_extra_salt"":{""value"":""1""},""calories"":{""value"":""1214.67"",""unit"":""kcal""}}",[],https://d15pngy0ricipl.cloudfront.net/1747746623334_RRUac.webp,True,0,False,"[""65e44ae8ef3d8f8bfb3010ae"", ""65d5e8e29b070ca3ed389343""]",,
delivery,جمعات كودو,Gathering,53,65d5e8cdbfd41c83954b03fc,104144,6937c5b1b7fe583335c15d94,بوكس الكشتة,KUDU Burger Box,79,True,True,False,active,7453,? جونيور برجر، مع ? بطاطس وسط و? شرائح بطاطس وسط ، يقدم مع ? صوصات مميزة: صوص التشيبوتلي، سويت داينامايت، آيلاند درِسنغ، وصوص كودو الخاص,"8 Junior Burgers, paired with 2 Medium Fries and 2 Medium Potato Crisps for the perfect mix of sides.  with 4 signature sauces: Chipotle Sauce, Sweet Dynamite, Island Dressing, and KUDU Special Sauce.",,"{""physical_activity_to_burn"":{""value"":""0"",""unit"":""min""},""cholesterol"":{""value"":""87.5"",""unit"":""mg""},""fiber"":{""value"":""91.1"",""unit"":""g""},""full_fat"":{""value"":""405.3"",""unit"":""g""},""saturated_fat"":{""value"":""130.2"",""unit"":""g""},""trans_fat"":{""value"":""0.08"",""unit"":""g""},""salt"":{""value"":""0"",""unit"":""mg""},""added_suger"":{""value"":""66"",""unit"":""g""},""total_suger"":{""value"":""66"",""unit"":""g""},""carbohydrates"":{""value"":""800"",""unit"":""g""},""protein"":{""value"":""147.3"",""unit"":""g""},""sodium"":{""value"":""12007.2"",""unit"":""mg""},""is_extra_salt"":{""value"":""0""},""calories"":{""value"":""7453.6"",""unit"":""kcal""}}",[],https://d15pngy0ricipl.cloudfront.net/1765704090158_SKJvp.webp,False,0,False,[],,
delivery,إي-قيمرز,E-Gamers,55,670e584d5fbf63d00a7bf3f1,103853,670e58535fbf63d00a7bf6e0,باقة راب إي-قيمرز,E-Gamers Wrap Bundle,37,True,False,False,active,1581,استمتع بألذ باقة راب إي-قيمرز,Enjoy the perfect E-Gamers Wrap Bundle,"[""MILK_OR_LACTOSE"",""EGG"",""PEANUT"",""TREE_NUTS"",""GLUTEN"",""SOYA"",""SESAME_SEEDS"",""CELERY"",""MUSTARD"",""SULFITES"",""LUPINS""]","{""physical_activity_to_burn"":{""value"":""411"",""unit"":""min""},""cholesterol"":{""value"":""103.2"",""unit"":""mg""},""fiber"":{""value"":""10.5"",""unit"":""g""},""full_fat"":{""value"":""72.2"",""unit"":""g""},""saturated_fat"":{""value"":""23"",""unit"":""g""},""trans_fat"":{""value"":""0.03"",""unit"":""g""},""salt"":{""value"":""0"",""unit"":""mg""},""added_suger"":{""value"":""0"",""unit"":""g""},""total_suger"":{""value"":""68"",""unit"":""g""},""carbohydrates"":{""value"":""188"",""unit"":""g""},""protein"":{""value"":""48.3"",""unit"":""g""},""sodium"":{""value"":""3062"",""unit"":""mg""},""is_extra_salt"":{""value"":""0""},""calories"":{""value"":""1581"",""unit"":""kcal""}}",[],https://d15pngy0ricipl.cloudfront.net/1784526229805_HvzGe.webp,True,0,True,"[""670e5879b4b10ff51667d600"", ""639212a076d541ddec8cbc3e"", ""639212a076d541ddec8cbc87"", ""668e3b9217b191977bfd6de2""]",0,
delivery,إي-قيمرز,E-Gamers,55,670e584d5fbf63d00a7bf3f1,103856,670e58535fbf63d00a7bf6e6,باقة المثلثة إي-قيمرز,E-Gamers Muthalatha Bundle,38,True,True,False,active,2141,استمتع بألذ باقة المثلثة إي-قيمرز,Enjoy the perfect E-Gamers Muthalatha Bundle,"[""MILK_OR_LACTOSE"",""EGG"",""GLUTEN"",""SOYA"",""MUSTARD""]","{""physical_activity_to_burn"": {""value"": 472, ""unit"": ""min""}, ""cholesterol"": {""value"": 191.3, ""unit"": ""mg""}, ""fiber"": {""value"": 9.7, ""unit"": ""g""}, ""full_fat"": {""value"": 124.01, ""unit"": ""g""}, ""saturated_fat"": {""value"": 35.3, ""unit"": ""g""}, ""trans_fat"": {""value"": 0.03, ""unit"": ""g""}, ""salt"": {""value"": 0, ""unit"": ""mg""}, ""added_suger"": {""value"": 0, ""unit"": ""g""}, ""total_suger"": {""value"": 56.1, ""unit"": ""g""}, ""carbohydrates"": {""value"": 160, ""unit"": ""g""}, ""protein"": {""value"": 77.1, ""unit"": ""g""}, ""sodium"": {""value"": 3546.3, ""unit"": ""mg""}, ""is_extra_salt"": {""value"": false}, ""calories"": {""value"": 2141, ""unit"": ""kcal""}}",[],https://d15pngy0ricipl.cloudfront.net/1784526278202_BpsIy.webp,True,0,True,"[""670e5879b4b10ff51667d600"", ""65c4c6793b3c46c719024090"", ""65c4c6793b3c46c7190240e8"", ""668e3b9217b191977bfd6de2""]",0,
delivery,إي-قيمرز,E-Gamers,55,670e584d5fbf63d00a7bf3f1,104194,6984149392c71b60717827a8,باقة برجر أو-جي إي-قيمرز,E-Gamers  OG  Burger Bundle,33,True,True,False,active,1414,استمتع بألذ باقة برجر أو-جي إي-قيمرز,Enjoy the perfect E-Gamers OG Burger Bundle,,"{""physical_activity_to_burn"":{""value"":""0"",""unit"":""min""},""cholesterol"":{""value"":""56.5"",""unit"":""mg""},""fiber"":{""value"":""13.3"",""unit"":""g""},""full_fat"":{""value"":""54"",""unit"":""g""},""saturated_fat"":{""value"":""0"",""unit"":""g""},""trans_fat"":{""value"":""0"",""unit"":""g""},""salt"":{""value"":""0"",""unit"":""mg""},""added_suger"":{""value"":""0"",""unit"":""g""},""total_suger"":{""value"":""70.8"",""unit"":""g""},""carbohydrates"":{""value"":""198.6"",""unit"":""g""},""protein"":{""value"":""36.3"",""unit"":""g""},""sodium"":{""value"":""2662.8"",""unit"":""mg""},""is_extra_salt"":{""value"":""0""},""calories"":{""value"":""1414.4"",""unit"":""kcal""}}",[],https://d15pngy0ricipl.cloudfront.net/1784526315348_JhYJI.webp,True,0,False,"[""668e3bb517b191977bfd964f"", ""68736b868f624c0afc3564a8"", ""68736b868f624c0afc35652c"", ""668e3bb517b191977bfd96d8""]",,
delivery,كودو مقرمش,Kudu Chicken Krunchy,86,6a6b3dfc9956b1c885b93dc0,104279,6a6b3e5c9b57a6f0ed58c677,ساندويتش كوري لاسع,Korean Kick Sandwich,29,True,True,False,active,937,دجاج كرسبي مع صوص كوري، وجبن، وخس، وطماطم، في خبز البطاطس الطري.,"Crispy chicken with bold Korean inspired sauce, cheese, fresh lettuce, tomato, served on a soft potato bun.",,"{""physical_activity_to_burn"":{""value"":""0"",""unit"":""min""},""cholesterol"":{""value"":""0"",""unit"":""mg""},""fiber"":{""value"":""0"",""unit"":""g""},""full_fat"":{""value"":""0"",""unit"":""g""},""saturated_fat"":{""value"":""0"",""unit"":""g""},""trans_fat"":{""value"":""0"",""unit"":""g""},""salt"":{""value"":""0"",""unit"":""mg""},""added_suger"":{""value"":""0"",""unit"":""g""},""total_suger"":{""value"":""0"",""unit"":""g""},""carbohydrates"":{""value"":""0"",""unit"":""g""},""protein"":{""value"":""0"",""unit"":""g""},""sodium"":{""value"":""0"",""unit"":""mg""},""is_extra_salt"":{""value"":""0""},""calories"":{""value"":""937"",""unit"":""kcal""}}",[],https://d15pngy0ricipl.cloudfront.net/1786427152138_pP1PT.webp,True,0,False,"[""6a6b3c6f217d91cd5b52dc62"", ""6a6b3c6f217d91cd5b52dc66""]",,
delivery,كودو مقرمش,Kudu Chicken Krunchy,86,6a6b3dfc9956b1c885b93dc0,104282,6a6b3e5c9b57a6f0ed58c67e,وجبة كوري لاسع,Korean Kick Combo,34,True,True,False,active,1328,دجاج كرسبي مع صوص كوري الغني، وجبن، وخس طازج، وطماطم، في خبز البطاطس الطري، ويُقدم مع البطاطس المقلية ومشروب.,"Crispy chicken with bold Korean inspired sauce, cheese, fresh lettuce, tomato, served on soft potato bun with fries and drink.",,"{""physical_activity_to_burn"":{""value"":""0"",""unit"":""min""},""cholesterol"":{""value"":""0"",""unit"":""mg""},""fiber"":{""value"":""0"",""unit"":""g""},""full_fat"":{""value"":""0"",""unit"":""g""},""saturated_fat"":{""value"":""0"",""unit"":""g""},""trans_fat"":{""value"":""0"",""unit"":""g""},""salt"":{""value"":""0"",""unit"":""mg""},""added_suger"":{""value"":""0"",""unit"":""g""},""total_suger"":{""value"":""0"",""unit"":""g""},""carbohydrates"":{""value"":""0"",""unit"":""g""},""protein"":{""value"":""0"",""unit"":""g""},""sodium"":{""value"":""0"",""unit"":""mg""},""is_extra_salt"":{""value"":""0""},""calories"":{""value"":""1328"",""unit"":""kcal""}}",[],https://d15pngy0ricipl.cloudfront.net/1785417208712_Zp7ab.webp,True,0,True,"[""6a6b3c6f217d91cd5b52dc62"", ""6a6b3c6f217d91cd5b52dc66"", ""64be3fde056c3c42a01f8a99"", ""6392129576d541ddec8caf85"", ""67e52bd49e443271eded0b30""]",0,
delivery,كودو مقرمش,Kudu Chicken Krunchy,86,6a6b3dfc9956b1c885b93dc0,104285,6a6b3e5c9b57a6f0ed58c685,ساندويتش الأسطوري,Legend Sandwich,29,True,True,False,active,1191,دجاج كرسبي مع صوص كودو الشهير، وجبن، وخس طازج، وطماطم، في خبز البطاطس الطري.,"Crispy chicken with our famous KUDU sauce, cheese, fresh lettuce, tomato, served on a soft potato bun.",,"{""physical_activity_to_burn"":{""value"":""0"",""unit"":""min""},""cholesterol"":{""value"":""0"",""unit"":""mg""},""fiber"":{""value"":""0"",""unit"":""g""},""full_fat"":{""value"":""0"",""unit"":""g""},""saturated_fat"":{""value"":""0"",""unit"":""g""},""trans_fat"":{""value"":""0"",""unit"":""g""},""salt"":{""value"":""0"",""unit"":""mg""},""added_suger"":{""value"":""0"",""unit"":""g""},""total_suger"":{""value"":""0"",""unit"":""g""},""carbohydrates"":{""value"":""0"",""unit"":""g""},""protein"":{""value"":""0"",""unit"":""g""},""sodium"":{""value"":""0"",""unit"":""mg""},""is_extra_salt"":{""value"":""0""},""calories"":{""value"":""1191"",""unit"":""kcal""}}",[],https://d15pngy0ricipl.cloudfront.net/1786427168001_yJmvA.webp,True,0,False,"[""6a6b3c70217d91cd5b52dc6d"", ""6a6b3c70217d91cd5b52dc70""]",,
delivery,كودو مقرمش,Kudu Chicken Krunchy,86,6a6b3dfc9956b1c885b93dc0,104288,6a6b3e5c9b57a6f0ed58c68c,وجبة الأسطوري,Legend Combo,34,True,True,False,active,1582,دجاج كرسبي مع صوص كودو الشهير، وجبن، وخس طازج، وطماطم، في خبز البطاطس الطري، ويُقدم مع البطاطس المقلية ومشروب.,"Crispy chicken with our famous KUDU sauce, cheese, fresh lettuce, tomato, served on soft potato bun with fries and drink.",,"{""physical_activity_to_burn"":{""value"":""0"",""unit"":""min""},""cholesterol"":{""value"":""0"",""unit"":""mg""},""fiber"":{""value"":""0"",""unit"":""g""},""full_fat"":{""value"":""0"",""unit"":""g""},""saturated_fat"":{""value"":""0"",""unit"":""g""},""trans_fat"":{""value"":""0"",""unit"":""g""},""salt"":{""value"":""0"",""unit"":""mg""},""added_suger"":{""value"":""0"",""unit"":""g""},""total_suger"":{""value"":""0"",""unit"":""g""},""carbohydrates"":{""value"":""0"",""unit"":""g""},""protein"":{""value"":""0"",""unit"":""g""},""sodium"":{""value"":""0"",""unit"":""mg""},""is_extra_salt"":{""value"":""0""},""calories"":{""value"":""1582"",""unit"":""kcal""}}",[],https://d15pngy0ricipl.cloudfront.net/1785417269188_mYJvy.webp,True,0,True,"[""6a6b3c70217d91cd5b52dc6d"", ""6a6b3c70217d91cd5b52dc70"", ""64be3fde056c3c42a01f8a99"", ""6392129576d541ddec8caf85"", ""67e52bd49e443271eded0b30""]",0,
pickup,الوجبات,Combos,26,63920b9fe16707da61dd95e8,100053,63920c1111161f7312848c5f,وجبة كودو دجاج,Kudu Chicken Combo,23,True,True,False,active,1000,كومبو دجاج مع خضار طازجة، صوص الصويا والمايونيز في خبز كودو. يقدّم مع بطاطس ومشروب غازي.,"Kudu Chicken Combo with fresh vegetables, soy sauce, and mayonnaise in Kudu bread. Served with fries and a soft drink.","[""MILK_OR_LACTOSE"",""EGG"",""GLUTEN"",""SOYA"",""SESAME_SEEDS""]","{""physical_activity_to_burn"":{""value"":""224"",""unit"":""min""},""cholesterol"":{""value"":""62.5"",""unit"":""mg""},""fiber"":{""value"":""9.6"",""unit"":""g""},""full_fat"":{""value"":""29.5"",""unit"":""g""},""saturated_fat"":{""value"":""9.9"",""unit"":""g""},""trans_fat"":{""value"":""0"",""unit"":""g""},""salt"":{""value"":""0"",""unit"":""mg""},""added_suger"":{""value"":""0"",""unit"":""g""},""total_suger"":{""value"":""38.2"",""unit"":""g""},""carbohydrates"":{""value"":""146.9"",""unit"":""g""},""protein"":{""value"":""38.2"",""unit"":""g""},""sodium"":{""value"":""1727"",""unit"":""mg""},""is_extra_salt"":{""value"":""0""},""calories"":{""value"":""1000"",""unit"":""kcal""}}","[{""name"": ""Dairy"", ""nameArabic"": ""الحليب ومشتقاته"", ""imageUrl"": ""https://d15pngy0ricipl.cloudfront.net/1678111258315.png"", ""_id"": ""6a57188dd3eb7365d5d80f51""}, {""name"": ""Wheat"", ""nameArabic"": ""القمح"", ""imageUrl"": ""https://d15pngy0ricipl.cloudfront.net/1678186678592.png"", ""_id"": ""6a57188dd3eb7365d5d80f52""}, {""name"": ""Egg"", ""nameArabic"": ""البيض"", ""imageUrl"": ""https://d15pngy0ricipl.cloudfront.net/1678186702746.png"", ""_id"": ""6a57188dd3eb7365d5d80f53""}, {""name"": ""Soya Beans"", ""nameArabic"": ""الصويا"", ""imageUrl"": ""https://d15pngy0ricipl.cloudfront.net/1678186737657.png"", ""_id"": ""6a57188dd3eb7365d5d80f54""}, {""name"": ""Sesame"", ""nameArabic"": ""السمسم"", ""imageUrl"": ""https://d15pngy0ricipl.cloudfront.net/1678186765733.png"", ""_id"": ""6a57188dd3eb7365d5d80f55""}]",https://d15pngy0ricipl.cloudfront.net/1784092807955_Pme4y.jpg,True,0,True,"[""6392129776d541ddec8cb128"", ""6392129776d541ddec8cb174"", ""6392129776d541ddec8cb189"", ""6829683e32193ce4180f7c0e"", ""6829683e32193ce4180f7d46"", ""6531f8af35c8d7ea8c72aa9a"", ""67e52bd49e443271eded0b30""]",3,2
pickup,الوجبات,Combos,26,63920b9fe16707da61dd95e8,100054,63920c1111161fe0fd848c67,وجبة كودو لحم,Kudu Beef Combo,24,True,True,False,active,1106,كومبو لحم مع جبنة صفراء، خضار طازجة ومايونيز في خبز كودو الشهي. يقدّم مع بطاطس ومشروب غازي.,"Kudu Beef Combo with yellow cheese, fresh vegetables, and mayonnaise in Kudu bread. Served with fries and a soft drink.","[""MILK_OR_LACTOSE"",""EGG"",""GLUTEN"",""SOYA"",""SESAME_SEEDS""]","{""physical_activity_to_burn"":{""value"":""251"",""unit"":""min""},""cholesterol"":{""value"":""62.38"",""unit"":""mg""},""fiber"":{""value"":""6.62"",""unit"":""g""},""full_fat"":{""value"":""37.31"",""unit"":""g""},""saturated_fat"":{""value"":""14.46"",""unit"":""g""},""trans_fat"":{""value"":""0"",""unit"":""g""},""salt"":{""value"":""0"",""unit"":""mg""},""added_suger"":{""value"":""0"",""unit"":""g""},""total_suger"":{""value"":""45.51"",""unit"":""g""},""carbohydrates"":{""value"":""152.38"",""unit"":""g""},""protein"":{""value"":""41.8"",""unit"":""g""},""sodium"":{""value"":""1843.2"",""unit"":""mg""},""is_extra_salt"":{""value"":""0""},""calories"":{""value"":""1106"",""unit"":""kcal""}}","[{""name"": ""Dairy"", ""nameArabic"": ""الحليب ومشتقاته"", ""imageUrl"": ""https://d15pngy0ricipl.cloudfront.net/1678111258315.png"", ""_id"": ""687a3fcda22c2560cd34fe7c""}, {""name"": ""Wheat"", ""nameArabic"": ""القمح"", ""imageUrl"": ""https://d15pngy0ricipl.cloudfront.net/1678186678592.png"", ""_id"": ""687a3fcda22c2560cd34fe7d""}, {""name"": ""Egg"", ""nameArabic"": ""البيض"", ""imageUrl"": ""https://d15pngy0ricipl.cloudfront.net/1678186702746.png"", ""_id"": ""687a3fcda22c2560cd34fe7e""}, {""name"": ""Soya Beans"", ""nameArabic"": ""الصويا"", ""imageUrl"": ""https://d15pngy0ricipl.cloudfront.net/1678186737657.png"", ""_id"": ""687a3fcda22c2560cd34fe7f""}, {""name"": ""Sesame"", ""nameArabic"": ""السمسم"", ""imageUrl"": ""https://d15pngy0ricipl.cloudfront.net/1678186765733.png"", ""_id"": ""687a3fcda22c2560cd34fe80""}]",https://d15pngy0ricipl.cloudfront.net/1747748343670_rnMuh.webp,True,0,True,"[""6392129e76d541ddec8cb8fd"", ""6392129e76d541ddec8cb945"", ""6392129e76d541ddec8cb95a"", ""6829683e32193ce4180f7c0e"", ""6829683e32193ce4180f7d46"", ""6531f92e35c8d7ea8c734e3f"", ""67e52bd49e443271eded0b30""]",3,2
pickup,الوجبات,Combos,26,63920b9fe16707da61dd95e8,100057,63920c1111161fddb5848c64,وجبة برجر الدجاج,Chicken Burger Combo,20,True,True,False,active,990,كومبو برجر دجاج مع الخس والمايونيز بخبز البرجر بالسمسم، مع بطاطس ومشروب غازي.,Chicken Burger Combo with lettuce and mayonnaise in sesame bun. Served with fries and a soft drink.,"[""MILK_OR_LACTOSE"",""EGG"",""GLUTEN"",""SOYA"",""SESAME_SEEDS""]","{""physical_activity_to_burn"":{""value"":""221"",""unit"":""min""},""cholesterol"":{""value"":""21.4"",""unit"":""mg""},""fiber"":{""value"":""10.7"",""unit"":""g""},""full_fat"":{""value"":""39.5"",""unit"":""g""},""saturated_fat"":{""value"":""12.5"",""unit"":""g""},""trans_fat"":{""value"":""0"",""unit"":""g""},""salt"":{""value"":""0"",""unit"":""mg""},""added_suger"":{""value"":""0"",""unit"":""g""},""total_suger"":{""value"":""38.8"",""unit"":""g""},""carbohydrates"":{""value"":""136.8"",""unit"":""g""},""protein"":{""value"":""23.5"",""unit"":""g""},""sodium"":{""value"":""1440.1"",""unit"":""mg""},""is_extra_salt"":{""value"":""0""},""calories"":{""value"":""990"",""unit"":""kcal""}}","[{""name"": ""Dairy"", ""nameArabic"": ""الحليب ومشتقاته"", ""imageUrl"": ""https://d15pngy0ricipl.cloudfront.net/1678111258315.png"", ""_id"": ""69303de8e11b75082a3a9435""}, {""name"": ""Wheat"", ""nameArabic"": ""القمح"", ""imageUrl"": ""https://d15pngy0ricipl.cloudfront.net/1678186678592.png"", ""_id"": ""69303de8e11b75082a3a9436""}, {""name"": ""Egg"", ""nameArabic"": ""البيض"", ""imageUrl"": ""https://d15pngy0ricipl.cloudfront.net/1678186702746.png"", ""_id"": ""69303de8e11b75082a3a9437""}, {""name"": ""Soya Beans"", ""nameArabic"": ""الصويا"", ""imageUrl"": ""https://d15pngy0ricipl.cloudfront.net/1678186737657.png"", ""_id"": ""69303de8e11b75082a3a9438""}, {""name"": ""Sesame"", ""nameArabic"": ""السمسم"", ""imageUrl"": ""https://d15pngy0ricipl.cloudfront.net/1678186765733.png"", ""_id"": ""69303de8e11b75082a3a9439""}]",https://d15pngy0ricipl.cloudfront.net/1747748334969_xf8JK.webp,True,0,True,"[""6392129e76d541ddec8cba0f"", ""6392129f76d541ddec8cba38"", ""6829683e32193ce4180f7c0e"", ""6829683e32193ce4180f7d46"", ""6531f92d35c8d7ea8c734413"", ""67e52bd49e443271eded0b30""]",3,2
pickup,الوجبات,Combos,26,63920b9fe16707da61dd95e8,100060,63920c1111161f1161848c6b,وجبة فيلي ستيك,Philly Steak Combo,24,True,True,False,active,1154,كومبو فيلي ستيك كومبو مع مشروم، بصل وجبنة بيضاء. يقدّم مع بطاطس ومشروب غازي.,"Philly Steak Combo with mushroom, onion, and white cheese. Served with fries and a soft drink.","[""MILK_OR_LACTOSE"",""EGG"",""GLUTEN"",""SOYA"",""SESAME_SEEDS""]","{""physical_activity_to_burn"":{""value"":""264"",""unit"":""min""},""cholesterol"":{""value"":""17.6"",""unit"":""mg""},""fiber"":{""value"":""11.2"",""unit"":""g""},""full_fat"":{""value"":""34.2"",""unit"":""g""},""saturated_fat"":{""value"":""16"",""unit"":""g""},""trans_fat"":{""value"":""0"",""unit"":""g""},""salt"":{""value"":""0"",""unit"":""mg""},""added_suger"":{""value"":""0"",""unit"":""g""},""total_suger"":{""value"":""36"",""unit"":""g""},""carbohydrates"":{""value"":""159.8"",""unit"":""g""},""protein"":{""value"":""53.3"",""unit"":""g""},""sodium"":{""value"":""1921.5"",""unit"":""mg""},""is_extra_salt"":{""value"":""0""},""calories"":{""value"":""1154"",""unit"":""kcal""}}","[{""name"": ""Dairy"", ""nameArabic"": ""الحليب ومشتقاته"", ""imageUrl"": ""https://d15pngy0ricipl.cloudfront.net/1678111258315.png"", ""_id"": ""6979a0053b3fe6418c73fe36""}, {""name"": ""Wheat"", ""nameArabic"": ""القمح"", ""imageUrl"": ""https://d15pngy0ricipl.cloudfront.net/1678186678592.png"", ""_id"": ""6979a0053b3fe6418c73fe37""}, {""name"": ""Egg"", ""nameArabic"": ""البيض"", ""imageUrl"": ""https://d15pngy0ricipl.cloudfront.net/1678186702746.png"", ""_id"": ""6979a0053b3fe6418c73fe38""}, {""name"": ""Soya Beans"", ""nameArabic"": ""الصويا"", ""imageUrl"": ""https://d15pngy0ricipl.cloudfront.net/1678186737657.png"", ""_id"": ""6979a0053b3fe6418c73fe39""}, {""name"": ""Sesame"", ""nameArabic"": ""السمسم"", ""imageUrl"": ""https://d15pngy0ricipl.cloudfront.net/1678186765733.png"", ""_id"": ""6979a0053b3fe6418c73fe3a""}]",https://d15pngy0ricipl.cloudfront.net/1770273547206_vPFYA.webp,True,0,True,"[""6392129676d541ddec8cb01d"", ""6392129676d541ddec8cb046"", ""64fdb67cf2657e365ffaf3ee"", ""6829683e32193ce4180f7c0e"", ""6829683e32193ce4180f7d46"", ""6531f92f35c8d7ea8c7356aa"", ""67e52bd49e443271eded0b30""]",3,2
pickup,الوجبات,Combos,26,63920b9fe16707da61dd95e8,100274,63920c1111161fbc9a848c6a,وجبة لفينو دجاج,Lafino Chicken Combo,23,True,True,False,active,966,كومبو لفينو دجاج بخبز التورتيلا مع صوص البوريتو وجبنة صفراء وخضار طازجة. يقدّم مع بطاطس ومشروب غازي.,Lafino Chicken Combo burrito with yellow cheese and fresh vegetables in tortilla bread. Served with fries and a soft drink.,"[""MILK_OR_LACTOSE"",""EGG"",""GLUTEN"",""SOYA""]","{""physical_activity_to_burn"":{""value"":""215"",""unit"":""min""},""cholesterol"":{""value"":""59"",""unit"":""mg""},""fiber"":{""value"":""9.5"",""unit"":""g""},""full_fat"":{""value"":""30.7"",""unit"":""g""},""saturated_fat"":{""value"":""13.5"",""unit"":""g""},""trans_fat"":{""value"":""0"",""unit"":""g""},""salt"":{""value"":""0"",""unit"":""mg""},""added_suger"":{""value"":""0"",""unit"":""g""},""total_suger"":{""value"":""40.5"",""unit"":""g""},""carbohydrates"":{""value"":""137.5"",""unit"":""g""},""protein"":{""value"":""36.4"",""unit"":""g""},""sodium"":{""value"":""2041.9"",""unit"":""mg""},""is_extra_salt"":{""value"":""1""},""calories"":{""value"":""966"",""unit"":""kcal""}}","[{""name"": ""Dairy"", ""nameArabic"": ""الحليب ومشتقاته"", ""imageUrl"": ""https://d15pngy0ricipl.cloudfront.net/1678111258315.png"", ""_id"": ""6aa68d09a4d5a1d0c55006a2""}, {""name"": ""Wheat"", ""nameArabic"": ""القمح"", ""imageUrl"": ""https://d15pngy0ricipl.cloudfront.net/1678186678592.png"", ""_id"": ""6aa68d09a4d5a1d0c55006a3""}, {""name"": ""Egg"", ""nameArabic"": ""البيض"", ""imageUrl"": ""https://d15pngy0ricipl.cloudfront.net/1678186702746.png"", ""_id"": ""6aa68d09a4d5a1d0c55006a4""}, {""name"": ""Soya Beans"", ""nameArabic"": ""الصويا"", ""imageUrl"": ""https://d15pngy0ricipl.cloudfront.net/1678186737657.png"", ""_id"": ""6aa68d09a4d5a1d0c55006a5""}]",https://d15pngy0ricipl.cloudfront.net/1747748292374_RJ0Fb.webp,True,0,True,"[""639212a076d541ddec8cbc3e"", ""639212a076d541ddec8cbc87"", ""6829683e32193ce4180f7c0e"", ""6829683e32193ce4180f7d46"", ""67e52bd49e443271eded0b30""]",3,2
pickup,الوجبات,Combos,26,63920b9fe16707da61dd95e8,100294,63920c1111161fe301848c62,وجبة كواترو دجاج,Quattro Chicken Combo,23,True,True,False,active,1088,كومبو كواترو سبايسي تشيكن، دجاج فيليه حار مع خس ومايونيز وصوص ثاوزند آيلاند. يقدّم مع بطاطس ومشروب غازي.,"Quattro Spicy Chicken combo fillet filled with lettuce, mayonnaise, and Thousand Island sauce. Served with fries and a soft drink.","[""MILK_OR_LACTOSE"",""EGG"",""GLUTEN"",""SOYA"",""SESAME_SEEDS""]","{""physical_activity_to_burn"":{""value"":""247"",""unit"":""min""},""cholesterol"":{""value"":""15.3"",""unit"":""mg""},""fiber"":{""value"":""11.2"",""unit"":""g""},""full_fat"":{""value"":""44.5"",""unit"":""g""},""saturated_fat"":{""value"":""14"",""unit"":""g""},""trans_fat"":{""value"":""0"",""unit"":""g""},""salt"":{""value"":""0"",""unit"":""mg""},""added_suger"":{""value"":""0"",""unit"":""g""},""total_suger"":{""value"":""36"",""unit"":""g""},""carbohydrates"":{""value"":""139"",""unit"":""g""},""protein"":{""value"":""34.3"",""unit"":""g""},""sodium"":{""value"":""2529"",""unit"":""mg""},""is_extra_salt"":{""value"":""0""},""calories"":{""value"":""1088"",""unit"":""kcal""}}","[{""name"": ""Dairy"", ""nameArabic"": ""الحليب ومشتقاته"", ""imageUrl"": ""https://d15pngy0ricipl.cloudfront.net/1678111258315.png"", ""_id"": ""6a5718a59de1e5657230e984""}, {""name"": ""Wheat"", ""nameArabic"": ""القمح"", ""imageUrl"": ""https://d15pngy0ricipl.cloudfront.net/1678186678592.png"", ""_id"": ""6a5718a59de1e5657230e985""}, {""name"": ""Egg"", ""nameArabic"": ""البيض"", ""imageUrl"": ""https://d15pngy0ricipl.cloudfront.net/1678186702746.png"", ""_id"": ""6a5718a59de1e5657230e986""}, {""name"": ""Soya Beans"", ""nameArabic"": ""الصويا"", ""imageUrl"": ""https://d15pngy0ricipl.cloudfront.net/1678186737657.png"", ""_id"": ""6a5718a59de1e5657230e987""}, {""name"": ""Sesame"", ""nameArabic"": ""السمسم"", ""imageUrl"": ""https://d15pngy0ricipl.cloudfront.net/1678186765733.png"", ""_id"": ""6a5718a59de1e5657230e988""}]",https://d15pngy0ricipl.cloudfront.net/1784092835069_9WoXR.jpg,True,0,True,"[""6392129a76d541ddec8cb4b0"", ""6392129a76d541ddec8cb4e1"", ""6829683e32193ce4180f7c0e"", ""6829683e32193ce4180f7d46"", ""6531f92c35c8d7ea8c733fa7"", ""67e52bd49e443271eded0b30""]",3,2
pickup,الوجبات,Combos,26,63920b9fe16707da61dd95e8,100681,63920c1111161fae76848c61,وجبة كودو الدجاج الحار,Kudu Spicy Chicken Combo,24,True,True,False,active,1081,كودو كومبو دجاج حار مع جبنة بيضاء وصوص الداينمايت. يقدّم مع بطاطس ومشروب غازي.,Kudu Spicy Chicken Combo with white cheese and dynamite sauce. Served with fries and a soft drink.,"[""MILK_OR_LACTOSE"",""EGG"",""GLUTEN"",""SOYA"",""SESAME_SEEDS""]","{""physical_activity_to_burn"":{""value"":""245"",""unit"":""min""},""cholesterol"":{""value"":""34.9"",""unit"":""mg""},""fiber"":{""value"":""12.9"",""unit"":""g""},""full_fat"":{""value"":""33.5"",""unit"":""g""},""saturated_fat"":{""value"":""11.1"",""unit"":""g""},""trans_fat"":{""value"":""0"",""unit"":""g""},""salt"":{""value"":""0"",""unit"":""mg""},""added_suger"":{""value"":""0"",""unit"":""g""},""total_suger"":{""value"":""39.4"",""unit"":""g""},""carbohydrates"":{""value"":""155.3"",""unit"":""g""},""protein"":{""value"":""41.1"",""unit"":""g""},""sodium"":{""value"":""2531.4"",""unit"":""mg""},""is_extra_salt"":{""value"":""1""},""calories"":{""value"":""1081"",""unit"":""kcal""}}","[{""name"": ""Dairy"", ""nameArabic"": ""الحليب ومشتقاته"", ""imageUrl"": ""https://d15pngy0ricipl.cloudfront.net/1678111258315.png"", ""_id"": ""681cb03b674a530be9318e12""}, {""name"": ""Wheat"", ""nameArabic"": ""القمح"", ""imageUrl"": ""https://d15pngy0ricipl.cloudfront.net/1678186678592.png"", ""_id"": ""681cb03b674a530be9318e13""}, {""name"": ""Egg"", ""nameArabic"": ""البيض"", ""imageUrl"": ""https://d15pngy0ricipl.cloudfront.net/1678186702746.png"", ""_id"": ""681cb03b674a530be9318e14""}, {""name"": ""Soya Beans"", ""nameArabic"": ""الصويا"", ""imageUrl"": ""https://d15pngy0ricipl.cloudfront.net/1678186737657.png"", ""_id"": ""681cb03b674a530be9318e15""}, {""name"": ""Sesame"", ""nameArabic"": ""السمسم"", ""imageUrl"": ""https://d15pngy0ricipl.cloudfront.net/1678186765733.png"", ""_id"": ""681cb03b674a530be9318e16""}]",https://d15pngy0ricipl.cloudfront.net/1747748204995_t6wWy.webp,True,0,True,"[""639212a776d541ddec8cc4d1"", ""6392129776d541ddec8cb174"", ""6392129776d541ddec8cb189"", ""6829683e32193ce4180f7c0e"", ""6829683e32193ce4180f7d46"", ""6531f92c35c8d7ea8c733ed0"", ""67e52bd49e443271eded0b30""]",3,2
pickup,الوجبات,Combos,26,63920b9fe16707da61dd95e8,102929,63920c1111161f2f0d848c66,وجبة لفينو فيلي ستيك,Lafino Philly Steak Combo,24,True,True,False,active,1732,كومبو لفينو فيلي ستيك كومبو بخبز التورتيلا مع جبنة صفراء وصوص مايونيز. يقدّم مع مع بطاطس ومشروب غازي.,Lafino Philly Steak Combo burrito with yellow cheese and mayonnaise sauce. Served with fries and a soft drink.,"[""MILK_OR_LACTOSE"",""EGG"",""GLUTEN"",""SOYA"",""SESAME_SEEDS""]","{""physical_activity_to_burn"":{""value"":""450"",""unit"":""min""},""cholesterol"":{""value"":""174.5"",""unit"":""mg""},""fiber"":{""value"":""13"",""unit"":""g""},""full_fat"":{""value"":""72.96"",""unit"":""g""},""saturated_fat"":{""value"":""23"",""unit"":""g""},""trans_fat"":{""value"":""0"",""unit"":""g""},""salt"":{""value"":""0"",""unit"":""mg""},""added_suger"":{""value"":""0"",""unit"":""g""},""total_suger"":{""value"":""79"",""unit"":""g""},""carbohydrates"":{""value"":""202.6"",""unit"":""g""},""protein"":{""value"":""67.4"",""unit"":""g""},""sodium"":{""value"":""2250.96"",""unit"":""mg""},""is_extra_salt"":{""value"":""0""},""calories"":{""value"":""1732"",""unit"":""kcal""}}","[{""name"": ""Dairy"", ""nameArabic"": ""الحليب ومشتقاته"", ""imageUrl"": ""https://d15pngy0ricipl.cloudfront.net/1678111258315.png"", ""_id"": ""6906f51c3f8f34387565f3c1""}, {""name"": ""Wheat"", ""nameArabic"": ""القمح"", ""imageUrl"": ""https://d15pngy0ricipl.cloudfront.net/1678186678592.png"", ""_id"": ""6906f51c3f8f34387565f3c2""}, {""name"": ""Egg"", ""nameArabic"": ""البيض"", ""imageUrl"": ""https://d15pngy0ricipl.cloudfront.net/1678186702746.png"", ""_id"": ""6906f51c3f8f34387565f3c3""}, {""name"": ""Soya Beans"", ""nameArabic"": ""الصويا"", ""imageUrl"": ""https://d15pngy0ricipl.cloudfront.net/1678186737657.png"", ""_id"": ""6906f51c3f8f34387565f3c4""}, {""name"": ""Sesame"", ""nameArabic"": ""السمسم"", ""imageUrl"": ""https://d15pngy0ricipl.cloudfront.net/1678186765733.png"", ""_id"": ""6906f51c3f8f34387565f3c5""}]",https://d15pngy0ricipl.cloudfront.net/1770273450845_Z5Ixw.webp,True,0,True,"[""6392129d76d541ddec8cb804"", ""6392129d76d541ddec8cb826"", ""6829683e32193ce4180f7c0e"", ""6829683e32193ce4180f7d46"", ""67e52bd49e443271eded0b30""]",3,2
pickup,الوجبات,Combos,26,63920b9fe16707da61dd95e8,102996,63920c1111161f7ba9848c65,وجبة تورتيلا كودو,Tortilla Kudu Combo,14,True,True,False,active,1238,اكتشف مذاق التورتيلا  الأصلي مع قطع من الدجاج الحار الذهبي والمقرمش  مغطاة بصوص التورتيلا اللذيذ  وشرائح الطماطم والخس.بالأضافة الى البيبسي  و البطاطس ,"The soft Tortilla you love with crunchy breaded chicken and our special Tortilla sauce, fresh tomato and crisp lettuce. Served with fries and Pepsi  on the side.",[],"{""physical_activity_to_burn"":{""value"":""0"",""unit"":""min""},""cholesterol"":{""value"":""38.5"",""unit"":""mg""},""fiber"":{""value"":""12.2"",""unit"":""g""},""full_fat"":{""value"":""55.6"",""unit"":""g""},""saturated_fat"":{""value"":""24.2"",""unit"":""g""},""trans_fat"":{""value"":""0"",""unit"":""g""},""salt"":{""value"":""0"",""unit"":""mg""},""added_suger"":{""value"":""0"",""unit"":""g""},""total_suger"":{""value"":""36"",""unit"":""g""},""carbohydrates"":{""value"":""160.6"",""unit"":""g""},""protein"":{""value"":""25.5"",""unit"":""g""},""sodium"":{""value"":""2965.5"",""unit"":""mg""},""is_extra_salt"":{""value"":""0""},""calories"":{""value"":""1238.4"",""unit"":""kcal""}}","[{""name"": ""Dairy"", ""nameArabic"": ""الحليب ومشتقاته"", ""imageUrl"": ""https://d15pngy0ricipl.cloudfront.net/1678111258315.png"", ""_id"": ""6a9920520e8d6fde2a75c977""}, {""name"": ""Wheat"", ""nameArabic"": ""القمح"", ""imageUrl"": ""https://d15pngy0ricipl.cloudfront.net/1678186678592.png"", ""_id"": ""6a9920520e8d6fde2a75c978""}, {""name"": ""Egg"", ""nameArabic"": ""البيض"", ""imageUrl"": ""https://d15pngy0ricipl.cloudfront.net/1678186702746.png"", ""_id"": ""6a9920520e8d6fde2a75c979""}, {""name"": ""Soya Beans"", ""nameArabic"": ""الصويا"", ""imageUrl"": ""https://d15pngy0ricipl.cloudfront.net/1678186737657.png"", ""_id"": ""6a9920520e8d6fde2a75c97a""}, {""name"": ""Sulphites"", ""nameArabic"": ""الكبريتات"", ""imageUrl"": ""https://d15pngy0ricipl.cloudfront.net/1678186859208.png"", ""_id"": ""6a9920520e8d6fde2a75c97b""}, {""name"": ""Celery"", ""nameArabic"": ""كرفس"", ""imageUrl"": ""https://d15pngy0ricipl.cloudfront.net/1678186913455.png"", ""_id"": ""6a9920520e8d6fde2a75c97c""}, {""name"": ""Mustard"", ""nameArabic"": ""خردل"", ""imageUrl"": ""https://d15pngy0ricipl.cloudfront.net/1678186957790.png"", ""_id"": ""6a9920520e8d6fde2a75c97d""}]",https://d15pngy0ricipl.cloudfront.net/1767253778734_vMsBo.webp,True,0,True,"[""6392129c76d541ddec8cb719"", ""6392129c76d541ddec8cb738"", ""6829683e32193ce4180f7c0e"", ""6829683e32193ce4180f7d46"", ""67e52bd49e443271eded0b30""]",3,2
pickup,الوجبات,Combos,26,63920b9fe16707da61dd95e8,103634,65a38dfa37d1e8558f10f690,وجبة المثلثة,Muthalatha Combo,24,True,True,False,active,1189,كومبو المثلثة تحتوي على خبز التورتيلا محشوة دجاج، موزاريلا، إمنتال، بصل مكرمل وصوص سيراتشا. يقدّم مع بطاطس ومشروب غازي.,"Muthalatha Combo contains tortilla stuffed with chicken, mozzarella, emmental, caramelized onion, and sriracha sauce. Served with fries and a soft drink.","[""MILK_OR_LACTOSE"",""EGG"",""GLUTEN"",""SOYA"",""MUSTARD""]","{""physical_activity_to_burn"":{""value"":""309"",""unit"":""min""},""cholesterol"":{""value"":""76.3"",""unit"":""mg""},""fiber"":{""value"":""9"",""unit"":""g""},""full_fat"":{""value"":""54.5"",""unit"":""g""},""saturated_fat"":{""value"":""21"",""unit"":""g""},""trans_fat"":{""value"":""0"",""unit"":""g""},""salt"":{""value"":""0"",""unit"":""mg""},""added_suger"":{""value"":""0"",""unit"":""g""},""total_suger"":{""value"":""41"",""unit"":""g""},""carbohydrates"":{""value"":""130.3"",""unit"":""g""},""protein"":{""value"":""46.7"",""unit"":""g""},""sodium"":{""value"":""1778.5"",""unit"":""mg""},""is_extra_salt"":{""value"":""0""},""calories"":{""value"":""1189"",""unit"":""kcal""}}",[],https://d15pngy0ricipl.cloudfront.net/1747746731208_HSfQS.webp,True,0,True,"[""6829683e32193ce4180f7c0e"", ""65c4c6793b3c46c719024090"", ""65c4c6793b3c46c7190240e8"", ""6829683e32193ce4180f7d46"", ""67e52bd49e443271eded0b30""]",3,2
pickup,الوجبات,Combos,26,63920b9fe16707da61dd95e8,103744,6628f52333a430d2245c76ce,وجبة سموكي,Smokey Combo,27,True,True,False,active,1350,كومبو سموكي بريميوم بخبز البطاطس مع فيلي مدخن، موزاريلا وصوص مدخن.,"Smokey Combo premium sandwich in potato bread with smoked Philly, mozzarella, and smoky sauce.","[""MILK_OR_LACTOSE"",""EGG"",""GLUTEN"",""SOYA"",""MUSTARD""]","{""physical_activity_to_burn"":{""value"":""351"",""unit"":""min""},""cholesterol"":{""value"":""101.3"",""unit"":""mg""},""fiber"":{""value"":""11"",""unit"":""g""},""full_fat"":{""value"":""53.5"",""unit"":""g""},""saturated_fat"":{""value"":""25"",""unit"":""g""},""trans_fat"":{""value"":""0"",""unit"":""g""},""salt"":{""value"":""0"",""unit"":""mg""},""added_suger"":{""value"":""0"",""unit"":""g""},""total_suger"":{""value"":""49"",""unit"":""g""},""carbohydrates"":{""value"":""157.9"",""unit"":""g""},""protein"":{""value"":""60.7"",""unit"":""g""},""sodium"":{""value"":""2193.5"",""unit"":""mg""},""is_extra_salt"":{""value"":""0""},""calories"":{""value"":""1350"",""unit"":""kcal""}}",[],https://d15pngy0ricipl.cloudfront.net/1770274146953_Ai3eh.webp,True,0,True,"[""6628f52548e8f8a20096f878"", ""6628f52548e8f8a20096f8a0"", ""6829683e32193ce4180f7c0e"", ""6829683e32193ce4180f7d46"", ""67e52bd49e443271eded0b30""]",3,2
pickup,الوجبات,Combos,26,63920b9fe16707da61dd95e8,104162,69535f290aeb745ce6ab24a5,وجبة كواترو - مو حار,Quattro Non-Spicy Combo,23,True,True,False,active,1302,وجبة فيليه دجاج مقرمش بخبزة طرية، خس، مايونيز، وصوص آيلاند، مع بطاطس مقرمش و مشروب بارد,"Crispy chicken fillet on a soft bun with lettuce, mayo, and island sauce. Served with crispy fries and a cold drink.",,"{""physical_activity_to_burn"":{""value"":""0"",""unit"":""min""},""cholesterol"":{""value"":""159.3"",""unit"":""mg""},""fiber"":{""value"":""10.6"",""unit"":""g""},""full_fat"":{""value"":""53"",""unit"":""g""},""saturated_fat"":{""value"":""14"",""unit"":""g""},""trans_fat"":{""value"":""0"",""unit"":""g""},""salt"":{""value"":""0"",""unit"":""mg""},""added_suger"":{""value"":""0"",""unit"":""g""},""total_suger"":{""value"":""45.4"",""unit"":""g""},""carbohydrates"":{""value"":""172"",""unit"":""g""},""protein"":{""value"":""36.3"",""unit"":""g""},""sodium"":{""value"":""2349.5"",""unit"":""mg""},""is_extra_salt"":{""value"":""0""},""calories"":{""value"":""1302.2"",""unit"":""kcal""}}",[],https://d15pngy0ricipl.cloudfront.net/1767875745967_J5HhZ.webp,True,0,True,"[""6392129776d541ddec8cb128"", ""6392129a76d541ddec8cb4e1"", ""69ba49786ee74776c7879e8c"", ""69535f396c89d5bf2bbae1e9"", ""6829683e32193ce4180f7c0e"", ""6829683e32193ce4180f7d46"", ""67e52bd49e443271eded0b30""]",3,2
pickup,الوجبات,Combos,26,63920b9fe16707da61dd95e8,104168,69535f290aeb745ce6ab24ac,وجبة كواترو - حار نار,Quattro Extra Spicy Combo,24,True,True,False,active,1111,فيليه دجاج مقرمش حار جدًا مع خس، صوص تشيبوتلي وشرائح الهالبينو. مع بطاطس مقرمشة ومشروب بارد,"Extra spicy crispy chicken fillet with lettuce, chipotle sauce and jalapeno slices. Served with crispy fries and a cold drink.",,"{""physical_activity_to_burn"":{""value"":""0"",""unit"":""min""},""cholesterol"":{""value"":""188"",""unit"":""mg""},""fiber"":{""value"":""11.8"",""unit"":""g""},""full_fat"":{""value"":""45.2"",""unit"":""g""},""saturated_fat"":{""value"":""14.5"",""unit"":""g""},""trans_fat"":{""value"":""0"",""unit"":""g""},""salt"":{""value"":""0"",""unit"":""mg""},""added_suger"":{""value"":""0"",""unit"":""g""},""total_suger"":{""value"":""42"",""unit"":""g""},""carbohydrates"":{""value"":""133.1"",""unit"":""g""},""protein"":{""value"":""45"",""unit"":""g""},""sodium"":{""value"":""1908"",""unit"":""mg""},""is_extra_salt"":{""value"":""0""},""calories"":{""value"":""1111"",""unit"":""kcal""}}",[],https://d15pngy0ricipl.cloudfront.net/1767875764035_OuWXM.webp,True,0,True,"[""69535f396c89d5bf2bbae749"", ""69535f396c89d5bf2bbae7bd"", ""69ba49786ee74776c7879e8c"", ""6531f92c35c8d7ea8c733fa7"", ""6829683e32193ce4180f7c0e"", ""6829683e32193ce4180f7d46"", ""67e52bd49e443271eded0b30""]",3,2
pickup,الوجبات,Combos,26,63920b9fe16707da61dd95e8,104249,6a1938c62e517636a229132e,كومبو المربعة,Muraba'a Combo,24,True,True,False,active,1423,قطع لحم فيلي مع فلفل أحمر مشوي، ومزيج من جبنة الموزاريلا والجبن الذائب، مغطاة بصوص البوريتو الغني داخل خبز تورتيلا الأبيض. تُقدّم مع صوص الكزبرة المميز على الجنب.,"Savory Philly beef with grilled red peppers, melted mozzarella and yellow cheese, drizzled with burrito sauce and wrapped in a soft white tortilla. Served with crispy fries, a refreshing drink, and a flavorful cilantro dip on the side.",,"{""physical_activity_to_burn"":{""value"":""0"",""unit"":""min""},""cholesterol"":{""value"":""77.3"",""unit"":""mg""},""fiber"":{""value"":""10.7"",""unit"":""g""},""full_fat"":{""value"":""67"",""unit"":""g""},""saturated_fat"":{""value"":""31.5"",""unit"":""g""},""trans_fat"":{""value"":""0"",""unit"":""g""},""salt"":{""value"":""0"",""unit"":""mg""},""added_suger"":{""value"":""0"",""unit"":""g""},""total_suger"":{""value"":""36"",""unit"":""g""},""carbohydrates"":{""value"":""147.1"",""unit"":""g""},""protein"":{""value"":""60"",""unit"":""g""},""sodium"":{""value"":""2761.7"",""unit"":""mg""},""is_extra_salt"":{""value"":""0""},""calories"":{""value"":""1423.5"",""unit"":""kcal""}}",[],https://d15pngy0ricipl.cloudfront.net/1780049563208_EtJML.webp,True,0,True,"[""6a1938cd478d9a0a2e45c4be"", ""6a1938cd478d9a0a2e45c4c1"", ""6829683e32193ce4180f7c0e"", ""6829683e32193ce4180f7d46"", ""67e52bd49e443271eded0b30""]",3,2
pickup,الوجبات,Combos,26,63920b9fe16707da61dd95e8,104266,6a4e4c0a5ec07dbd50256394,وجبة تشكن راب بلس,Chicken Wrap Plus Combo,21,True,False,False,active,1432,دجاج كرسبي مقرمش مع الصوص الخاص وجبنة الشيدر وأعواد البطاطس المقرمشة، ملفوف داخل خبز التورتيلا. يُقدم مع البطاطس المقلية ومشروب.,"Breaded crispy chicken with cheddar cheese sauce, special sauce, potato sticks, in a tortilla orange wrap with fires and a drink",,"{""physical_activity_to_burn"":{""value"":""0"",""unit"":""min""},""cholesterol"":{""value"":""44.34"",""unit"":""mg""},""fiber"":{""value"":""7.1"",""unit"":""g""},""full_fat"":{""value"":""74.8"",""unit"":""g""},""saturated_fat"":{""value"":""17.3"",""unit"":""g""},""trans_fat"":{""value"":""0"",""unit"":""g""},""salt"":{""value"":""0"",""unit"":""mg""},""added_suger"":{""value"":""0"",""unit"":""g""},""total_suger"":{""value"":""70.4"",""unit"":""g""},""carbohydrates"":{""value"":""177.3"",""unit"":""g""},""protein"":{""value"":""27.6"",""unit"":""g""},""sodium"":{""value"":""2219.9"",""unit"":""mg""},""is_extra_salt"":{""value"":""0""},""calories"":{""value"":""1432.3"",""unit"":""kcal""}}",[],https://d15pngy0ricipl.cloudfront.net/1783517010831_8hAwe.webp,True,0,True,"[""6829683e32193ce4180f7c0e"", ""6829683e32193ce4180f7d46"", ""67e52bd49e443271eded0b30""]",3,2
pickup,حلى,Dessert,34,63920b9fe16707807edd95ee,100096,68626796386871d4b174dcc3,كون,Cone,1.5,True,False,False,active,114,آيس كريم البسكويت بنكهة الفانيليا.,Vanilla ice cream cone.,[],"{""physical_activity_to_burn"":{""value"":""0"",""unit"":""min""},""cholesterol"":{""value"":""0"",""unit"":""mg""},""fiber"":{""value"":""2"",""unit"":""g""},""full_fat"":{""value"":""3"",""unit"":""g""},""saturated_fat"":{""value"":""2"",""unit"":""g""},""trans_fat"":{""value"":""0"",""unit"":""g""},""salt"":{""value"":""0"",""unit"":""mg""},""added_suger"":{""value"":""0"",""unit"":""g""},""total_suger"":{""value"":""10"",""unit"":""g""},""carbohydrates"":{""value"":""18"",""unit"":""g""},""protein"":{""value"":""3"",""unit"":""g""},""sodium"":{""value"":""59"",""unit"":""mg""},""is_extra_salt"":{""value"":""0""},""calories"":{""value"":""114"",""unit"":""kcal""}}",[],https://d15pngy0ricipl.cloudfront.net/1751279997205_HvG8Z.webp,False,0,False,[],,
pickup,حلى,Dessert,34,63920b9fe16707807edd95ee,101211,63cb116b4eaf040420adba2f,مافن شوكليت شيب,Chocolate Chip Muffin,5,True,True,False,active,387,مافن خفيفة بالشوكولاتة مع رقائق شوكولاتة.,Light chocolate muffin with chocolate chips.,[],"{""physical_activity_to_burn"":{""value"":""0"",""unit"":""min""},""cholesterol"":{""value"":""68.7"",""unit"":""mg""},""fiber"":{""value"":""1.7"",""unit"":""g""},""full_fat"":{""value"":""16.8"",""unit"":""g""},""saturated_fat"":{""value"":""3.4"",""unit"":""g""},""trans_fat"":{""value"":""5.3"",""unit"":""g""},""salt"":{""value"":""0"",""unit"":""mg""},""added_suger"":{""value"":""30"",""unit"":""g""},""total_suger"":{""value"":""0"",""unit"":""g""},""carbohydrates"":{""value"":""52.4"",""unit"":""g""},""protein"":{""value"":""5.6"",""unit"":""g""},""sodium"":{""value"":""370"",""unit"":""mg""},""is_extra_salt"":{""value"":""0""},""calories"":{""value"":""387"",""unit"":""kcal""},""caffeine"":{""value"":""30"",""unit"":""g""}}",[],https://d15pngy0ricipl.cloudfront.net/1747748178275_CLbHJ.webp,False,0,False,[],,
pickup,حلى,Dessert,34,63920b9fe16707807edd95ee,102115,68626796386871d4b174dcb2,صنداي فراولة,Sundae Strawberry,5,True,False,False,active,257,آيس كريم صنداي مغطى بصوص الفراولة.,Our Twist is a rich vanilla icecream drizzled with Strawberry sauce,"[""MILK_OR_LACTOSE"",""EGG"",""GLUTEN"",""SOYA"",""SESAME_SEEDS"",""MUSTARD""]","{""physical_activity_to_burn"":{""value"":""67"",""unit"":""min""},""cholesterol"":{""value"":""6.98"",""unit"":""mg""},""fiber"":{""value"":""1"",""unit"":""g""},""full_fat"":{""value"":""5.33"",""unit"":""g""},""saturated_fat"":{""value"":""4"",""unit"":""g""},""trans_fat"":{""value"":""0"",""unit"":""g""},""salt"":{""value"":""0"",""unit"":""mg""},""added_suger"":{""value"":""0"",""unit"":""g""},""total_suger"":{""value"":""25"",""unit"":""g""},""carbohydrates"":{""value"":""47.54"",""unit"":""g""},""protein"":{""value"":""4.76"",""unit"":""g""},""sodium"":{""value"":""81.05"",""unit"":""mg""},""is_extra_salt"":{""value"":""0""},""calories"":{""value"":""257"",""unit"":""kcal""}}",[],https://d15pngy0ricipl.cloudfront.net/1751279986804_FH6G0.webp,False,0,False,[],,
pickup,حلى,Dessert,34,63920b9fe16707807edd95ee,102116,68626796386871d4b174dcab,صنداي شوكولاته,Sundae Chocolate,5,True,False,False,active,250,آيس كريم صنداي مغطى بصوص الشوكلاتة.,Vanilla sundae with chocolate sauce.,"[""MILK_OR_LACTOSE""]","{""physical_activity_to_burn"":{""value"":""65"",""unit"":""min""},""cholesterol"":{""value"":""0"",""unit"":""mg""},""fiber"":{""value"":""2"",""unit"":""g""},""full_fat"":{""value"":""8.08"",""unit"":""g""},""saturated_fat"":{""value"":""6"",""unit"":""g""},""trans_fat"":{""value"":""0"",""unit"":""g""},""salt"":{""value"":""0"",""unit"":""mg""},""added_suger"":{""value"":""0"",""unit"":""g""},""total_suger"":{""value"":""26"",""unit"":""g""},""carbohydrates"":{""value"":""38.38"",""unit"":""g""},""protein"":{""value"":""5.87"",""unit"":""g""},""sodium"":{""value"":""133.12"",""unit"":""mg""},""is_extra_salt"":{""value"":""0""},""calories"":{""value"":""250"",""unit"":""kcal""}}",[],https://d15pngy0ricipl.cloudfront.net/1751279978588_qb2rO.webp,False,0,False,[],,
pickup,حلى,Dessert,34,63920b9fe16707807edd95ee,102664,63920ca7246aa29d95e596f1,ايس كريم وافل الشكوكولاته,Waffle Cone Chocolate,3,True,False,False,active,196,آيس كريم فانيليا مع بسكويت وافل بالشوكلاتة.,Chocolate waffle biscuit cone topped with vanilla ice cream.,"[""GLUTEN"",""SOYA""]","{""physical_activity_to_burn"":{""value"":""108"",""unit"":""min""},""cholesterol"":{""value"":""0"",""unit"":""mg""},""fiber"":{""value"":""0.75"",""unit"":""g""},""full_fat"":{""value"":""5.4"",""unit"":""g""},""saturated_fat"":{""value"":""2.6"",""unit"":""g""},""trans_fat"":{""value"":""0"",""unit"":""g""},""salt"":{""value"":""0"",""unit"":""mg""},""added_suger"":{""value"":""0"",""unit"":""g""},""total_suger"":{""value"":""19.6"",""unit"":""g""},""carbohydrates"":{""value"":""78"",""unit"":""g""},""protein"":{""value"":""12.7"",""unit"":""g""},""sodium"":{""value"":""179"",""unit"":""mg""},""is_extra_salt"":{""value"":""0""},""calories"":{""value"":""196"",""unit"":""kcal""}}",[],https://d15pngy0ricipl.cloudfront.net/1747747870193_x0uSw.webp,False,0,False,[],,
pickup,حلى,Dessert,34,63920b9fe16707807edd95ee,102665,63920ca7246aa21178e596f4,ايس كريم وافل الفانيليا,Waffle Cone Vanilla,3,True,False,False,active,340,آيس كريم فانيليا مع بسكويت وافل بالشوكلاتة.,Crunchy waffle biscuit cone topped with vanilla ice cream.,[],"{""physical_activity_to_burn"":{""value"":""0"",""unit"":""min""},""cholesterol"":{""value"":""79.2"",""unit"":""mg""},""fiber"":{""value"":""0"",""unit"":""g""},""full_fat"":{""value"":""3.2"",""unit"":""g""},""saturated_fat"":{""value"":""2.4"",""unit"":""g""},""trans_fat"":{""value"":""0"",""unit"":""g""},""salt"":{""value"":""0"",""unit"":""mg""},""added_suger"":{""value"":""0"",""unit"":""g""},""total_suger"":{""value"":""16"",""unit"":""g""},""carbohydrates"":{""value"":""16.8"",""unit"":""g""},""protein"":{""value"":""3.2"",""unit"":""g""},""sodium"":{""value"":""40.8"",""unit"":""mg""},""is_extra_salt"":{""value"":""0""},""calories"":{""value"":""340.8"",""unit"":""kcal""}}",[],https://d15pngy0ricipl.cloudfront.net/1747747862809_bO15F.webp,False,0,False,[],,
pickup,حلى,Dessert,34,63920b9fe16707807edd95ee,103843,66e6a40531379bc104edf546,تشيزكيك سان سباستيان,San Sebastian Cheesecake,14,True,True,False,active,299,تلذذ بطعم تشيزكيك سان سباستيان الكريمي والغني، بسطح مكرمل وطراوة من جوه تذوب في الفم. زِدها لمسة خاصة واختار صلصة الفراولة أو الشوكولاتة عشان تضيف نكهة لذيذة في كل لقمة. تجربة ما تنفوت لعشاق الحلى!,Creamy San Sebastian cheesecake with caramelized top. Served with optional strawberry or chocolate sauce.,[],"{""physical_activity_to_burn"":{""value"":""78"",""unit"":""min""},""cholesterol"":{""value"":""0"",""unit"":""mg""},""fiber"":{""value"":""0"",""unit"":""g""},""full_fat"":{""value"":""19"",""unit"":""g""},""saturated_fat"":{""value"":""13"",""unit"":""g""},""trans_fat"":{""value"":""0"",""unit"":""g""},""salt"":{""value"":""0"",""unit"":""mg""},""added_suger"":{""value"":""0"",""unit"":""g""},""total_suger"":{""value"":""22"",""unit"":""g""},""carbohydrates"":{""value"":""26"",""unit"":""g""},""protein"":{""value"":""6"",""unit"":""g""},""sodium"":{""value"":""0.5"",""unit"":""mg""},""is_extra_salt"":{""value"":""0""},""calories"":{""value"":""299"",""unit"":""kcal""}}",[],https://d15pngy0ricipl.cloudfront.net/1747746387636_VMujO.webp,True,0,False,"[""67483d9eacfb09939724d3bb""]",,
pickup,ساندويتشات,Sandwiches,33,63920b9fe167077c48dd95ed,100002,6433c8cb177a3c4d4b021f75,ساندوتش فيلي ستيك,Philly Steak Sandwich,24,True,True,False,active,763,ساندويتش فيلي ستيك تحتوي على لحم مشوي مع بصل، مشروم، جبنة في خبز كودو.,"Philly Steak Sandwich contains grilled beef with onion, mushroom, and cheese in Kudu bread.","[""MILK"",""EGG"",""GLUTEN"",""SOYA"",""SESAME_SEEDS""]","{""physical_activity_to_burn"":{""value"":""198"",""unit"":""min""},""cholesterol"":{""value"":""10"",""unit"":""mg""},""fiber"":{""value"":""7.1"",""unit"":""g""},""full_fat"":{""value"":""25"",""unit"":""g""},""saturated_fat"":{""value"":""12"",""unit"":""g""},""trans_fat"":{""value"":""0"",""unit"":""g""},""salt"":{""value"":""0"",""unit"":""mg""},""added_suger"":{""value"":""0"",""unit"":""g""},""total_suger"":{""value"":""0"",""unit"":""g""},""carbohydrates"":{""value"":""85"",""unit"":""g""},""protein"":{""value"":""50"",""unit"":""g""},""sodium"":{""value"":""1461"",""unit"":""mg""},""is_extra_salt"":{""value"":""1""},""calories"":{""value"":""763"",""unit"":""kcal""}}",[],https://d15pngy0ricipl.cloudfront.net/1770273715667_KR2dg.webp,True,0,False,"[""6392129676d541ddec8cb01d"", ""6392129676d541ddec8cb046"", ""64fdb67cf2657e365ffaf3ee"", ""6531f92f35c8d7ea8c7356aa""]",,
pickup,ساندويتشات,Sandwiches,33,63920b9fe167077c48dd95ed,100003,63920ca6246aa2e4c9e596c7,كلوب ساندوتش,Club Sandwich,25,True,True,False,active,885,كلوب ساندويتش بخبز توست محمص مع مرتديلا دجاج، لحم بقري، ديك رومي، جبن، بيض، خس ومايونيز.,"Club Sandwich with toasted bread containing chicken mortadella, beef, turkey, cheese, omelet, lettuce, and mayonnaise.","[""MILK_OR_LACTOSE"",""EGG"",""GLUTEN"",""SOYA""]","{""physical_activity_to_burn"":{""value"":""230"",""unit"":""min""},""cholesterol"":{""value"":""129"",""unit"":""mg""},""fiber"":{""value"":""6.3"",""unit"":""g""},""full_fat"":{""value"":""48"",""unit"":""g""},""saturated_fat"":{""value"":""14.6"",""unit"":""g""},""trans_fat"":{""value"":""0"",""unit"":""g""},""salt"":{""value"":""0"",""unit"":""mg""},""added_suger"":{""value"":""0"",""unit"":""g""},""total_suger"":{""value"":""10.86"",""unit"":""g""},""carbohydrates"":{""value"":""73"",""unit"":""g""},""protein"":{""value"":""39"",""unit"":""g""},""sodium"":{""value"":""1981"",""unit"":""mg""},""is_extra_salt"":{""value"":""0""},""calories"":{""value"":""885"",""unit"":""kcal""}}","[{""name"": ""Dairy"", ""nameArabic"": ""الحليب ومشتقاته"", ""imageUrl"": ""https://d15pngy0ricipl.cloudfront.net/1678111258315.png"", ""_id"": ""6924087920b3ebe30991bef8""}, {""name"": ""Wheat"", ""nameArabic"": ""القمح"", ""imageUrl"": ""https://d15pngy0ricipl.cloudfront.net/1678186678592.png"", ""_id"": ""6924087920b3ebe30991bef9""}, {""name"": ""Egg"", ""nameArabic"": ""البيض"", ""imageUrl"": ""https://d15pngy0ricipl.cloudfront.net/1678186702746.png"", ""_id"": ""6924087920b3ebe30991befa""}, {""name"": ""Soya Beans"", ""nameArabic"": ""الصويا"", ""imageUrl"": ""https://d15pngy0ricipl.cloudfront.net/1678186737657.png"", ""_id"": ""6924087920b3ebe30991befb""}]",https://d15pngy0ricipl.cloudfront.net/1747748511021_of4tW.webp,True,0,False,"[""6392129b76d541ddec8cb5fc"", ""6392129c76d541ddec8cb666"", ""639212a276d541ddec8cbef0"", ""64f9265ef2657e365f3c864e""]",,
pickup,ساندويتشات,Sandwiches,33,63920b9fe167077c48dd95ed,100004,63920ca6246aa27c75e596cd,ساندوتش كودو لحم,Kudu Beef Sandwich,24,True,True,False,active,715,ساندويتش كودو بقطع لحم وخضار وجبن وصوص مايونيز في خبز كودو.,"Kudu Beef Sandwich with vegetables, cheese, and mayonnaise in Kudu bread.","[""MILK_OR_LACTOSE"",""EGG"",""GLUTEN"",""SOYA"",""SESAME_SEEDS""]","{""physical_activity_to_burn"":{""value"":""186"",""unit"":""min""},""cholesterol"":{""value"":""55"",""unit"":""mg""},""fiber"":{""value"":""2.6"",""unit"":""g""},""full_fat"":{""value"":""28"",""unit"":""g""},""saturated_fat"":{""value"":""10.5"",""unit"":""g""},""trans_fat"":{""value"":""0"",""unit"":""g""},""salt"":{""value"":""0"",""unit"":""mg""},""added_suger"":{""value"":""0"",""unit"":""g""},""total_suger"":{""value"":""9.5"",""unit"":""g""},""carbohydrates"":{""value"":""78"",""unit"":""g""},""protein"":{""value"":""38"",""unit"":""g""},""sodium"":{""value"":""1383"",""unit"":""mg""},""is_extra_salt"":{""value"":""0""},""calories"":{""value"":""715"",""unit"":""kcal""}}","[{""name"": ""Dairy"", ""nameArabic"": ""الحليب ومشتقاته"", ""imageUrl"": ""https://d15pngy0ricipl.cloudfront.net/1678111258315.png"", ""_id"": ""6924085a7cdb76df4e13e503""}, {""name"": ""Wheat"", ""nameArabic"": ""القمح"", ""imageUrl"": ""https://d15pngy0ricipl.cloudfront.net/1678186678592.png"", ""_id"": ""6924085a7cdb76df4e13e504""}, {""name"": ""Egg"", ""nameArabic"": ""البيض"", ""imageUrl"": ""https://d15pngy0ricipl.cloudfront.net/1678186702746.png"", ""_id"": ""6924085a7cdb76df4e13e505""}, {""name"": ""Soya Beans"", ""nameArabic"": ""الصويا"", ""imageUrl"": ""https://d15pngy0ricipl.cloudfront.net/1678186737657.png"", ""_id"": ""6924085a7cdb76df4e13e506""}, {""name"": ""Sesame"", ""nameArabic"": ""السمسم"", ""imageUrl"": ""https://d15pngy0ricipl.cloudfront.net/1678186765733.png"", ""_id"": ""6924085a7cdb76df4e13e507""}]",https://d15pngy0ricipl.cloudfront.net/1747748503075_dwyOu.webp,True,0,False,"[""6392129e76d541ddec8cb8fd"", ""6392129e76d541ddec8cb945"", ""6392129e76d541ddec8cb95a"", ""6531f92e35c8d7ea8c734e3f""]",,
pickup,ساندويتشات,Sandwiches,33,63920b9fe167077c48dd95ed,100006,63920ca6246aa24f51e596e2,ساندوتش كودو دجاج,Kudu Chicken Sandwich,23,True,True,False,active,609,ساندويتش كودو بقطع دجاج مع طماطم، خس، فلفل الأخضر، بصل، صوص الصويا ومايونيز في خبز كودو.,"Kudu Chicken Sandwich with tomato, lettuce, green pepper, onion, soy sauce, and mayonnaise in Kudu bread.","[""MILK_OR_LACTOSE"",""EGG"",""GLUTEN"",""SOYA"",""SESAME_SEEDS""]","{""physical_activity_to_burn"":{""value"":""158"",""unit"":""min""},""cholesterol"":{""value"":""55"",""unit"":""mg""},""fiber"":{""value"":""5.59"",""unit"":""g""},""full_fat"":{""value"":""20"",""unit"":""g""},""saturated_fat"":{""value"":""5.89"",""unit"":""g""},""trans_fat"":{""value"":""0"",""unit"":""g""},""salt"":{""value"":""0"",""unit"":""mg""},""added_suger"":{""value"":""0"",""unit"":""g""},""total_suger"":{""value"":""2.21"",""unit"":""g""},""carbohydrates"":{""value"":""73"",""unit"":""g""},""protein"":{""value"":""35"",""unit"":""g""},""sodium"":{""value"":""1267"",""unit"":""mg""},""is_extra_salt"":{""value"":""0""},""calories"":{""value"":""609"",""unit"":""kcal""}}","[{""name"": ""Dairy"", ""nameArabic"": ""الحليب ومشتقاته"", ""imageUrl"": ""https://d15pngy0ricipl.cloudfront.net/1678111258315.png"", ""_id"": ""6923053ebd44bc3b0a2d86f1""}, {""name"": ""Wheat"", ""nameArabic"": ""القمح"", ""imageUrl"": ""https://d15pngy0ricipl.cloudfront.net/1678186678592.png"", ""_id"": ""6923053ebd44bc3b0a2d86f2""}, {""name"": ""Egg"", ""nameArabic"": ""البيض"", ""imageUrl"": ""https://d15pngy0ricipl.cloudfront.net/1678186702746.png"", ""_id"": ""6923053ebd44bc3b0a2d86f3""}, {""name"": ""Soya Beans"", ""nameArabic"": ""الصويا"", ""imageUrl"": ""https://d15pngy0ricipl.cloudfront.net/1678186737657.png"", ""_id"": ""6923053ebd44bc3b0a2d86f4""}, {""name"": ""Sesame"", ""nameArabic"": ""السمسم"", ""imageUrl"": ""https://d15pngy0ricipl.cloudfront.net/1678186765733.png"", ""_id"": ""6923053ebd44bc3b0a2d86f5""}]",https://d15pngy0ricipl.cloudfront.net/1747748494048_CQzhl.webp,True,0,False,"[""6392129776d541ddec8cb128"", ""6392129776d541ddec8cb174"", ""6531f8af35c8d7ea8c72aa9a"", ""6392129776d541ddec8cb189""]",,
pickup,ساندويتشات,Sandwiches,33,63920b9fe167077c48dd95ed,100015,63920ca6246aa23236e596d6,ساندوتش برجر الدجاج,Chicken Burger Sandwich,20,True,True,False,active,599,ساندويتش برجر الدجاج بالبقسماط مع خس ومايونيز.,Breaded chicken burger sandwich with lettuce and mayonnaise.,"[""MILK_OR_LACTOSE"",""EGG"",""GLUTEN"",""SOYA"",""SESAME_SEEDS""]","{""physical_activity_to_burn"":{""value"":""156"",""unit"":""min""},""cholesterol"":{""value"":""14"",""unit"":""mg""},""fiber"":{""value"":""6.7"",""unit"":""g""},""full_fat"":{""value"":""30"",""unit"":""g""},""saturated_fat"":{""value"":""8.52"",""unit"":""g""},""trans_fat"":{""value"":""0"",""unit"":""g""},""salt"":{""value"":""0"",""unit"":""mg""},""added_suger"":{""value"":""0"",""unit"":""g""},""total_suger"":{""value"":""2.8"",""unit"":""g""},""carbohydrates"":{""value"":""63"",""unit"":""g""},""protein"":{""value"":""20"",""unit"":""g""},""sodium"":{""value"":""980"",""unit"":""mg""},""is_extra_salt"":{""value"":""0""},""calories"":{""value"":""599"",""unit"":""kcal""}}","[{""name"": ""Dairy"", ""nameArabic"": ""الحليب ومشتقاته"", ""imageUrl"": ""https://d15pngy0ricipl.cloudfront.net/1678111258315.png"", ""_id"": ""692408373d027c80ba3c1b8c""}, {""name"": ""Wheat"", ""nameArabic"": ""القمح"", ""imageUrl"": ""https://d15pngy0ricipl.cloudfront.net/1678186678592.png"", ""_id"": ""692408373d027c80ba3c1b8d""}, {""name"": ""Egg"", ""nameArabic"": ""البيض"", ""imageUrl"": ""https://d15pngy0ricipl.cloudfront.net/1678186702746.png"", ""_id"": ""692408373d027c80ba3c1b8e""}, {""name"": ""Soya Beans"", ""nameArabic"": ""الصويا"", ""imageUrl"": ""https://d15pngy0ricipl.cloudfront.net/1678186737657.png"", ""_id"": ""692408373d027c80ba3c1b8f""}, {""name"": ""Sesame"", ""nameArabic"": ""السمسم"", ""imageUrl"": ""https://d15pngy0ricipl.cloudfront.net/1678186765733.png"", ""_id"": ""692408373d027c80ba3c1b90""}]",https://d15pngy0ricipl.cloudfront.net/1747748483717_KTYWz.webp,True,0,False,"[""6392129e76d541ddec8cba0f"", ""6392129f76d541ddec8cba38"", ""6531f92d35c8d7ea8c734413""]",,
pickup,ساندويتشات,Sandwiches,33,63920b9fe167077c48dd95ed,100273,63920ca6246aa2622ee596d3,ساندوتش لفينو دجاج,Lafino Chicken Sandwich,23,True,True,False,active,575,ساندويتش لفينو دجاج مع صوص البوريتو، طماطم، خس، فلفل أخضر، بصل، جبنة شيدر داخل خبز التورتيلا.,"Lafino Chicken Sandwich with burrito sauce, tomato, lettuce, green pepper, onion, and cheddar cheese in tortilla bread.","[""MILK_OR_LACTOSE"",""EGG"",""GLUTEN"",""SOYA""]","{""physical_activity_to_burn"":{""value"":""173"",""unit"":""min""},""cholesterol"":{""value"":""52"",""unit"":""mg""},""fiber"":{""value"":""5.5"",""unit"":""g""},""full_fat"":{""value"":""21"",""unit"":""g""},""saturated_fat"":{""value"":""9.51"",""unit"":""g""},""trans_fat"":{""value"":""0"",""unit"":""g""},""salt"":{""value"":""0"",""unit"":""mg""},""added_suger"":{""value"":""0"",""unit"":""g""},""total_suger"":{""value"":""4.49"",""unit"":""g""},""carbohydrates"":{""value"":""63"",""unit"":""g""},""protein"":{""value"":""33"",""unit"":""g""},""sodium"":{""value"":""1581"",""unit"":""mg""},""is_extra_salt"":{""value"":""0""},""calories"":{""value"":""575"",""unit"":""kcal""}}","[{""name"": ""Dairy"", ""nameArabic"": ""الحليب ومشتقاته"", ""imageUrl"": ""https://d15pngy0ricipl.cloudfront.net/1678111258315.png"", ""_id"": ""692408435a92a45d99b625a0""}, {""name"": ""Wheat"", ""nameArabic"": ""القمح"", ""imageUrl"": ""https://d15pngy0ricipl.cloudfront.net/1678186678592.png"", ""_id"": ""692408435a92a45d99b625a1""}, {""name"": ""Egg"", ""nameArabic"": ""البيض"", ""imageUrl"": ""https://d15pngy0ricipl.cloudfront.net/1678186702746.png"", ""_id"": ""692408435a92a45d99b625a2""}, {""name"": ""Soya Beans"", ""nameArabic"": ""الصويا"", ""imageUrl"": ""https://d15pngy0ricipl.cloudfront.net/1678186737657.png"", ""_id"": ""692408435a92a45d99b625a3""}]",https://d15pngy0ricipl.cloudfront.net/1747748299953_5noIr.webp,True,0,False,"[""639212a076d541ddec8cbc3e"", ""639212a076d541ddec8cbc87""]",,
pickup,ساندويتشات,Sandwiches,33,63920b9fe167077c48dd95ed,100293,63920ca6246aa20f58e596dc,ساندوتش كواترو الدجاج,Quattro Chicken Sandwich,23,True,True,False,active,697,ساندويتش كواترو بدجاج فيليه الحار مع خس، مايونيز وصوص ثاوزند آيلاند.,"Quattro Spicy Chicken Sandwich fillet filled with lettuce, mayonnaise, and Thousand Island sauce.","[""MILK_OR_LACTOSE"",""EGG"",""GLUTEN"",""SOYA"",""SESAME_SEEDS""]","{""physical_activity_to_burn"":{""value"":""181"",""unit"":""min""},""cholesterol"":{""value"":""8.03"",""unit"":""mg""},""fiber"":{""value"":""7.23"",""unit"":""g""},""full_fat"":{""value"":""35.04"",""unit"":""g""},""saturated_fat"":{""value"":""9.99"",""unit"":""g""},""trans_fat"":{""value"":""0"",""unit"":""g""},""salt"":{""value"":""0"",""unit"":""mg""},""added_suger"":{""value"":""0"",""unit"":""g""},""total_suger"":{""value"":""0"",""unit"":""g""},""carbohydrates"":{""value"":""64.73"",""unit"":""g""},""protein"":{""value"":""30.57"",""unit"":""g""},""sodium"":{""value"":""2068.64"",""unit"":""mg""},""is_extra_salt"":{""value"":""0""},""calories"":{""value"":""697"",""unit"":""kcal""}}","[{""name"": ""Dairy"", ""nameArabic"": ""الحليب ومشتقاته"", ""imageUrl"": ""https://d15pngy0ricipl.cloudfront.net/1678111258315.png"", ""_id"": ""6964fc7b7d956c9a853115c9""}, {""name"": ""Wheat"", ""nameArabic"": ""القمح"", ""imageUrl"": ""https://d15pngy0ricipl.cloudfront.net/1678186678592.png"", ""_id"": ""6964fc7b7d956c9a853115ca""}, {""name"": ""Egg"", ""nameArabic"": ""البيض"", ""imageUrl"": ""https://d15pngy0ricipl.cloudfront.net/1678186702746.png"", ""_id"": ""6964fc7b7d956c9a853115cb""}, {""name"": ""Soya Beans"", ""nameArabic"": ""الصويا"", ""imageUrl"": ""https://d15pngy0ricipl.cloudfront.net/1678186737657.png"", ""_id"": ""6964fc7b7d956c9a853115cc""}, {""name"": ""Sesame"", ""nameArabic"": ""السمسم"", ""imageUrl"": ""https://d15pngy0ricipl.cloudfront.net/1678186765733.png"", ""_id"": ""6964fc7b7d956c9a853115cd""}]",https://d15pngy0ricipl.cloudfront.net/1747748283757_u0qCq.webp,True,0,False,"[""6392129a76d541ddec8cb4b0"", ""6392129a76d541ddec8cb4e1"", ""69ba49786ee74776c7879e8c"", ""6531f92c35c8d7ea8c733fa7""]",,
pickup,ساندويتشات,Sandwiches,33,63920b9fe167077c48dd95ed,100680,63920ca6246aa2a347e596d9,ساندوتش كودو الدجاج الحار,Kudu Spicy Chicken Sandwich,24,True,True,False,active,690,ساندويتش كودو بقطع الدجاج الحار مع الطماطم، الخس، الفلفل الأخضر، البصل، جبنة بيضاء وصوص الدايناميت.,"Kudu Spicy Chicken Sandwich with tomato, lettuce, green pepper, onion, white cheese, and dynamite sauce.","[""MILK_OR_LACTOSE"",""EGG"",""GLUTEN"",""SOYA"",""SESAME_SEEDS""]","{""physical_activity_to_burn"":{""value"":""179"",""unit"":""min""},""cholesterol"":{""value"":""27.62"",""unit"":""mg""},""fiber"":{""value"":""8.87"",""unit"":""g""},""full_fat"":{""value"":""24.07"",""unit"":""g""},""saturated_fat"":{""value"":""7.06"",""unit"":""g""},""trans_fat"":{""value"":""0"",""unit"":""g""},""salt"":{""value"":""0"",""unit"":""mg""},""added_suger"":{""value"":""0"",""unit"":""g""},""total_suger"":{""value"":""3.44"",""unit"":""g""},""carbohydrates"":{""value"":""80.99"",""unit"":""g""},""protein"":{""value"":""37.37"",""unit"":""g""},""sodium"":{""value"":""2070.93"",""unit"":""mg""},""is_extra_salt"":{""value"":""1""},""calories"":{""value"":""690"",""unit"":""kcal""}}","[{""name"": ""Dairy"", ""nameArabic"": ""الحليب ومشتقاته"", ""imageUrl"": ""https://d15pngy0ricipl.cloudfront.net/1678111258315.png"", ""_id"": ""692408855a92a45d99b625cb""}, {""name"": ""Wheat"", ""nameArabic"": ""القمح"", ""imageUrl"": ""https://d15pngy0ricipl.cloudfront.net/1678186678592.png"", ""_id"": ""692408855a92a45d99b625cc""}, {""name"": ""Egg"", ""nameArabic"": ""البيض"", ""imageUrl"": ""https://d15pngy0ricipl.cloudfront.net/1678186702746.png"", ""_id"": ""692408855a92a45d99b625cd""}, {""name"": ""Soya Beans"", ""nameArabic"": ""الصويا"", ""imageUrl"": ""https://d15pngy0ricipl.cloudfront.net/1678186737657.png"", ""_id"": ""692408855a92a45d99b625ce""}, {""name"": ""Sesame"", ""nameArabic"": ""السمسم"", ""imageUrl"": ""https://d15pngy0ricipl.cloudfront.net/1678186765733.png"", ""_id"": ""692408855a92a45d99b625cf""}]",https://d15pngy0ricipl.cloudfront.net/1747748214696_Fl4rE.webp,True,0,False,"[""639212a776d541ddec8cc4d1"", ""6392129776d541ddec8cb174"", ""6531f92c35c8d7ea8c733ed0"", ""6392129776d541ddec8cb189""]",,
pickup,ساندويتشات,Sandwiches,33,63920b9fe167077c48dd95ed,102928,63920ca6246aa299b4e596e5,ساندوتش لفينو فيلي ستيك,Lafino Philly Steak Sandwich,24,True,True,False,active,1341,ساندويتش لفينو فيلي ستيك مع مايونيز، فلفل أخضر، بصل، جبنة شيدر داخل خبز التورتيلا.,"Lafino Philly Steak Sandwich with mayonnaise, green pepper, onion, and cheddar cheese in tortilla bread.","[""MILK_OR_LACTOSE"",""EGG"",""GLUTEN"",""SOYA"",""SESAME_SEEDS""]","{""physical_activity_to_burn"":{""value"":""348"",""unit"":""min""},""cholesterol"":{""value"":""167.2"",""unit"":""mg""},""fiber"":{""value"":""9"",""unit"":""g""},""full_fat"":{""value"":""63.5"",""unit"":""g""},""saturated_fat"":{""value"":""19"",""unit"":""g""},""trans_fat"":{""value"":""0"",""unit"":""g""},""salt"":{""value"":""0"",""unit"":""mg""},""added_suger"":{""value"":""0"",""unit"":""g""},""total_suger"":{""value"":""43"",""unit"":""g""},""carbohydrates"":{""value"":""128.3"",""unit"":""g""},""protein"":{""value"":""63.7"",""unit"":""g""},""sodium"":{""value"":""1790.5"",""unit"":""mg""},""is_extra_salt"":{""value"":""0""},""calories"":{""value"":""1341"",""unit"":""kcal""}}","[{""name"": ""Dairy"", ""nameArabic"": ""الحليب ومشتقاته"", ""imageUrl"": ""https://d15pngy0ricipl.cloudfront.net/1678111258315.png"", ""_id"": ""692408683d027c80ba3c1bb0""}, {""name"": ""Wheat"", ""nameArabic"": ""القمح"", ""imageUrl"": ""https://d15pngy0ricipl.cloudfront.net/1678186678592.png"", ""_id"": ""692408683d027c80ba3c1bb1""}, {""name"": ""Egg"", ""nameArabic"": ""البيض"", ""imageUrl"": ""https://d15pngy0ricipl.cloudfront.net/1678186702746.png"", ""_id"": ""692408683d027c80ba3c1bb2""}, {""name"": ""Soya Beans"", ""nameArabic"": ""الصويا"", ""imageUrl"": ""https://d15pngy0ricipl.cloudfront.net/1678186737657.png"", ""_id"": ""692408683d027c80ba3c1bb3""}, {""name"": ""Sesame"", ""nameArabic"": ""السمسم"", ""imageUrl"": ""https://d15pngy0ricipl.cloudfront.net/1678186765733.png"", ""_id"": ""692408683d027c80ba3c1bb4""}]",https://d15pngy0ricipl.cloudfront.net/1770273058724_oBs9F.webp,True,0,False,"[""6392129d76d541ddec8cb804"", ""6392129d76d541ddec8cb826""]",,
pickup,ساندويتشات,Sandwiches,33,63920b9fe167077c48dd95ed,102995,63920ca6246aa2315fe596df,ساندوتش تورتيلا كودو,Tortilla KuduSandwich,15,True,True,False,active,847,اكتشف مذاق التورتيلا الأصلي مع قطع من الدجاج الحار الذهبي والمقرمش  مغطاة بصوص التورتيلا اللذيذ وشرائح الطماطم والخس.,"The soft Tortilla you love with crunchy breaded chicken and our special Tortilla sauce, fresh tomato and crisp lettuce. ",,"{""physical_activity_to_burn"":{""value"":""0"",""unit"":""min""},""cholesterol"":{""value"":""31.2"",""unit"":""mg""},""fiber"":{""value"":""8.2"",""unit"":""g""},""full_fat"":{""value"":""46.1"",""unit"":""g""},""saturated_fat"":{""value"":""20.2"",""unit"":""g""},""trans_fat"":{""value"":""0"",""unit"":""g""},""salt"":{""value"":""0"",""unit"":""mg""},""added_suger"":{""value"":""0"",""unit"":""g""},""total_suger"":{""value"":""0"",""unit"":""g""},""carbohydrates"":{""value"":""86.3"",""unit"":""g""},""protein"":{""value"":""21.8"",""unit"":""g""},""sodium"":{""value"":""2505"",""unit"":""mg""},""is_extra_salt"":{""value"":""0""},""calories"":{""value"":""847.4"",""unit"":""kcal""}}","[{""name"": ""Dairy"", ""nameArabic"": ""الحليب ومشتقاته"", ""imageUrl"": ""https://d15pngy0ricipl.cloudfront.net/1678111258315.png"", ""_id"": ""6a974ea942af8c8092686e13""}, {""name"": ""Wheat"", ""nameArabic"": ""القمح"", ""imageUrl"": ""https://d15pngy0ricipl.cloudfront.net/1678186678592.png"", ""_id"": ""6a974ea942af8c8092686e14""}, {""name"": ""Egg"", ""nameArabic"": ""البيض"", ""imageUrl"": ""https://d15pngy0ricipl.cloudfront.net/1678186702746.png"", ""_id"": ""6a974ea942af8c8092686e15""}, {""name"": ""Soya Beans"", ""nameArabic"": ""الصويا"", ""imageUrl"": ""https://d15pngy0ricipl.cloudfront.net/1678186737657.png"", ""_id"": ""6a974ea942af8c8092686e16""}, {""name"": ""Sulphites"", ""nameArabic"": ""الكبريتات"", ""imageUrl"": ""https://d15pngy0ricipl.cloudfront.net/1678186859208.png"", ""_id"": ""6a974ea942af8c8092686e17""}, {""name"": ""Celery"", ""nameArabic"": ""كرفس"", ""imageUrl"": ""https://d15pngy0ricipl.cloudfront.net/1678186913455.png"", ""_id"": ""6a974ea942af8c8092686e18""}, {""name"": ""Mustard"", ""nameArabic"": ""خردل"", ""imageUrl"": ""https://d15pngy0ricipl.cloudfront.net/1678186957790.png"", ""_id"": ""6a974ea942af8c8092686e19""}]",https://d15pngy0ricipl.cloudfront.net/1767253753760_vCJAg.webp,True,0,False,"[""6392129c76d541ddec8cb719"", ""6392129c76d541ddec8cb738""]",,
pickup,ساندويتشات,Sandwiches,33,63920b9fe167077c48dd95ed,103632,65a38dfa37d1e8048810f67c,ساندوتش المثلثة,Muthalatha Sandwich,24,True,True,False,active,798,ساندويتش المثلثة تحتوي على خبز تورتيلا محشوة دجاج، موزاريلا، إمنتال، بصل مكرمل، صوص سيراتشا ومايونيز.,"Muthala Sandwich with a tortilla stuffed with chicken, mozzarella, emmental, caramelized onion, sriracha sauce, and mayonnaise.","[""MILK_OR_LACTOSE"",""EGG"",""GLUTEN"",""SOYA"",""MUSTARD""]","{""physical_activity_to_burn"":{""value"":""207"",""unit"":""min""},""cholesterol"":{""value"":""69"",""unit"":""mg""},""fiber"":{""value"":""5"",""unit"":""g""},""full_fat"":{""value"":""45"",""unit"":""g""},""saturated_fat"":{""value"":""17"",""unit"":""g""},""trans_fat"":{""value"":""0"",""unit"":""g""},""salt"":{""value"":""0"",""unit"":""mg""},""added_suger"":{""value"":""0"",""unit"":""g""},""total_suger"":{""value"":""5"",""unit"":""g""},""carbohydrates"":{""value"":""56"",""unit"":""g""},""protein"":{""value"":""43"",""unit"":""g""},""sodium"":{""value"":""1318"",""unit"":""mg""},""is_extra_salt"":{""value"":""0""},""calories"":{""value"":""798"",""unit"":""kcal""}}",[],https://d15pngy0ricipl.cloudfront.net/1747746806206_K8ftN.webp,True,0,False,"[""65c4c6793b3c46c719024090"", ""65c4c6793b3c46c7190240e8""]",,
pickup,ساندويتشات,Sandwiches,33,63920b9fe167077c48dd95ed,103742,6628f52433a430166a5c76e5,سموكي ساندويتش,Smokey Sandwich,27,True,True,False,active,959,سموكي ساندويتش تحتوي على لحم فيلي مدخن مع بصل وفلفل مكرمل، جبنة موزاريلا وصوص مدخن بخبز البطاطس.,"Smoked Philly Beef Sandwich with caramelized onion and pepper, mozzarella cheese, and smoked sauce in potato bread.","[""MILK_OR_LACTOSE"",""EGG"",""GLUTEN"",""SOYA"",""MUSTARD""]","{""physical_activity_to_burn"":{""value"":""249"",""unit"":""min""},""cholesterol"":{""value"":""94"",""unit"":""mg""},""fiber"":{""value"":""7"",""unit"":""g""},""full_fat"":{""value"":""44"",""unit"":""g""},""saturated_fat"":{""value"":""21"",""unit"":""g""},""trans_fat"":{""value"":""0"",""unit"":""g""},""salt"":{""value"":""0"",""unit"":""mg""},""added_suger"":{""value"":""0"",""unit"":""g""},""total_suger"":{""value"":""13"",""unit"":""g""},""carbohydrates"":{""value"":""83"",""unit"":""g""},""protein"":{""value"":""57"",""unit"":""g""},""sodium"":{""value"":""1733"",""unit"":""mg""},""is_extra_salt"":{""value"":""0""},""calories"":{""value"":""959"",""unit"":""kcal""}}",[],https://d15pngy0ricipl.cloudfront.net/1770274238106_ugxbw.webp,True,0,False,"[""6628f52548e8f8a20096f878"", ""6628f52548e8f8a20096f8a0""]",,
pickup,ساندويتشات,Sandwiches,33,63920b9fe167077c48dd95ed,104159,69535f2a0aeb745ce6ab24ea,كواترو - مو حار,Quattro Non-Spicy Sandwich,23,True,True,False,active,911,فيليه دجاج مقرمش بخبزة طرية، خس، مايونيز، وصوص آيلاند.,"Crispy chicken fillet on a soft bun with lettuce, mayo, and island sauce.",,"{""physical_activity_to_burn"":{""value"":""0"",""unit"":""min""},""cholesterol"":{""value"":""152"",""unit"":""mg""},""fiber"":{""value"":""6.6"",""unit"":""g""},""full_fat"":{""value"":""43.5"",""unit"":""g""},""saturated_fat"":{""value"":""10"",""unit"":""g""},""trans_fat"":{""value"":""0"",""unit"":""g""},""salt"":{""value"":""0"",""unit"":""mg""},""added_suger"":{""value"":""0"",""unit"":""g""},""total_suger"":{""value"":""9.4"",""unit"":""g""},""carbohydrates"":{""value"":""97.5"",""unit"":""g""},""protein"":{""value"":""32.6"",""unit"":""g""},""sodium"":{""value"":""1889"",""unit"":""mg""},""is_extra_salt"":{""value"":""0""},""calories"":{""value"":""911.2"",""unit"":""kcal""}}",[],https://d15pngy0ricipl.cloudfront.net/1768199746796_nvsYn.webp,True,0,False,"[""6392129a76d541ddec8cb4b0"", ""6392129a76d541ddec8cb4e1"", ""69ba49786ee74776c7879e8c"", ""69535f396c89d5bf2bbae1e9""]",,
pickup,ساندويتشات,Sandwiches,33,63920b9fe167077c48dd95ed,104165,69535f2a0aeb745ce6ab24f1,كواترو - حار نار,Quattro Extra Spicy,24,True,True,False,active,720,فيليه دجاج مقرمش اكسترا سبايسي مع خس، مايونيز، صوص آيلاند، وشرائح هلابينو.,"Extra spicy crispy chicken fillet with lettuce, chipotle sauce and jalapeno slices.",,"{""physical_activity_to_burn"":{""value"":""0"",""unit"":""min""},""cholesterol"":{""value"":""180.6"",""unit"":""mg""},""fiber"":{""value"":""7.8"",""unit"":""g""},""full_fat"":{""value"":""35.7"",""unit"":""g""},""saturated_fat"":{""value"":""10.5"",""unit"":""g""},""trans_fat"":{""value"":""0"",""unit"":""g""},""salt"":{""value"":""0"",""unit"":""mg""},""added_suger"":{""value"":""0"",""unit"":""g""},""total_suger"":{""value"":""6.6"",""unit"":""g""},""carbohydrates"":{""value"":""58.8"",""unit"":""g""},""protein"":{""value"":""41.1"",""unit"":""g""},""sodium"":{""value"":""1447.5"",""unit"":""mg""},""is_extra_salt"":{""value"":""0""},""calories"":{""value"":""720"",""unit"":""kcal""}}",[],https://d15pngy0ricipl.cloudfront.net/1768199761596_ReFQd.webp,True,0,False,"[""69535f396c89d5bf2bbae749"", ""69535f396c89d5bf2bbae7bd"", ""6531f92c35c8d7ea8c733fa7""]",,
pickup,ساندويتشات,Sandwiches,33,63920b9fe167077c48dd95ed,104246,6a1938c72e517636a2291394,ساندويتش المربعة,Muraba'a Sandwich,24,True,True,False,active,1032,قطع لحم فيلي مع فلفل أحمر مشوي، ومزيج من جبنة الموزاريلا والجبن الذائب، مغطاة بصوص البوريتو الغني داخل خبز تورتيلا الأبيض. تُقدّم مع صوص الكزبرة المميز على الجنب.,"Savory Philly beef with grilled red peppers, melted mozzarella and yellow cheese, drizzled with burrito sauce and wrapped in a soft white tortilla. Served with a flavorful cilantro dip on the side.",,"{""physical_activity_to_burn"":{""value"":""0"",""unit"":""min""},""cholesterol"":{""value"":""70"",""unit"":""mg""},""fiber"":{""value"":""6.7"",""unit"":""g""},""full_fat"":{""value"":""57.5"",""unit"":""g""},""saturated_fat"":{""value"":""27.5"",""unit"":""g""},""trans_fat"":{""value"":""0"",""unit"":""g""},""salt"":{""value"":""0"",""unit"":""mg""},""added_suger"":{""value"":""0"",""unit"":""g""},""total_suger"":{""value"":""0"",""unit"":""g""},""carbohydrates"":{""value"":""72.8"",""unit"":""g""},""protein"":{""value"":""56.3"",""unit"":""g""},""sodium"":{""value"":""2301.2"",""unit"":""mg""},""is_extra_salt"":{""value"":""0""},""calories"":{""value"":""1032.5"",""unit"":""kcal""}}",[],https://d15pngy0ricipl.cloudfront.net/1780049588692_dzqOp.webp,True,0,False,"[""6a1938cd478d9a0a2e45c4be"", ""6a1938cd478d9a0a2e45c4c1""]",,
pickup,ساندويتشات,Sandwiches,33,63920b9fe167077c48dd95ed,104263,6a4e4c0b5ec07dbd50256413,تشكن راب بلس,Chicken Wrap Plus Sandwich,21,True,False,False,active,0,دجاج كرسبي مقرمش مع الصوص الخاص وجبنة الشيدر، وأعواد البطاطس المقرمشة، ملفوف داخل خبز التورتيلا.,"Breaded crispy chicken with cheddar cheese sauce, special sauce, potato sticks, in a tortilla orange wrap.",,,[],https://d15pngy0ricipl.cloudfront.net/1783517280646_1m691.webp,False,0,False,[],,
pickup,الافطار,Breakfast,35,63920b9fe167076ca6dd95ef,100026,63920ca8246aa2d377e59709,إفطار كودو,Kudu Breakfast,26,True,True,False,active,753,فطور يتكوّن من أومليت محشو بجبنة صفراء ذائبة، يُقدَّم مع هوت دوغ، صوص الجواكامولي، طماطم، هاش براون، خبز أسمر مُحمّص، زبدة، ومربى، مع قهوة وعصير.,"The finest breakfast with an omelette filled with melted yellow cheese, served with hotdog, guacamole dip, cherry tomatoes, hash brown, toasted brown bread, butter, jam, coffee, and juice on the side.","[""MILK_OR_LACTOSE"",""EGG"",""GLUTEN"",""SOYA""]","{""physical_activity_to_burn"":{""value"":""222"",""unit"":""min""},""cholesterol"":{""value"":""109"",""unit"":""mg""},""fiber"":{""value"":""7.63"",""unit"":""g""},""full_fat"":{""value"":""42"",""unit"":""g""},""saturated_fat"":{""value"":""22.37"",""unit"":""g""},""trans_fat"":{""value"":""0"",""unit"":""g""},""salt"":{""value"":""0"",""unit"":""mg""},""added_suger"":{""value"":""0"",""unit"":""g""},""total_suger"":{""value"":""6.56"",""unit"":""g""},""carbohydrates"":{""value"":""65"",""unit"":""g""},""protein"":{""value"":""30"",""unit"":""g""},""sodium"":{""value"":""1149"",""unit"":""mg""},""is_extra_salt"":{""value"":""0""},""calories"":{""value"":""753"",""unit"":""kcal""}}","[{""name"": ""Dairy"", ""nameArabic"": ""الحليب ومشتقاته"", ""imageUrl"": ""https://d15pngy0ricipl.cloudfront.net/1678111258315.png"", ""_id"": ""6a531e608c9402e138482722""}, {""name"": ""Wheat"", ""nameArabic"": ""القمح"", ""imageUrl"": ""https://d15pngy0ricipl.cloudfront.net/1678186678592.png"", ""_id"": ""6a531e608c9402e138482723""}, {""name"": ""Egg"", ""nameArabic"": ""البيض"", ""imageUrl"": ""https://d15pngy0ricipl.cloudfront.net/1678186702746.png"", ""_id"": ""6a531e608c9402e138482724""}, {""name"": ""Soya Beans"", ""nameArabic"": ""الصويا"", ""imageUrl"": ""https://d15pngy0ricipl.cloudfront.net/1678186737657.png"", ""_id"": ""6a531e608c9402e138482725""}]",https://d15pngy0ricipl.cloudfront.net/1778338537986_rlkIo.png,True,0,True,"[""64f92548f2657e365f3bf4d1"", ""639212af76d541ddec8cccb1"", ""639212af76d541ddec8ccce6"", ""639212af76d541ddec8ccd38"", ""639212af76d541ddec8ccd85"", ""639212af76d541ddec8ccd9c"", ""639212af76d541ddec8cce06""]",0,
pickup,الافطار,Breakfast,35,63920b9fe167076ca6dd95ef,100028,63920ca9246aa246f8e5971b,إفطار ستيك مع بيض,Steak & Eggs Breakfast,27,True,True,False,active,620,فطور يجمع بين البيض وشرائح الستيك، يُقدّم مع صوص الجواكامولي، طماطم، هاش براون، خبز مُحمّص، زبدة، ومربى، مع قهوة وعصير.,"The finest breakfast with eggs and steak slices, served with guacamole dip, cherry tomatoes, hash brown, toasted bread, butter, jam, coffee, and juice on the side.","[""MILK_OR_LACTOSE"",""EGG"",""GLUTEN"",""SOYA""]","{""physical_activity_to_burn"":{""value"":""187"",""unit"":""min""},""cholesterol"":{""value"":""292"",""unit"":""mg""},""fiber"":{""value"":""6.4"",""unit"":""g""},""full_fat"":{""value"":""26"",""unit"":""g""},""saturated_fat"":{""value"":""11.19"",""unit"":""g""},""trans_fat"":{""value"":""0"",""unit"":""g""},""salt"":{""value"":""0"",""unit"":""mg""},""added_suger"":{""value"":""0"",""unit"":""g""},""total_suger"":{""value"":""10.57"",""unit"":""g""},""carbohydrates"":{""value"":""55"",""unit"":""g""},""protein"":{""value"":""40"",""unit"":""g""},""sodium"":{""value"":""837"",""unit"":""mg""},""is_extra_salt"":{""value"":""0""},""calories"":{""value"":""620"",""unit"":""kcal""}}","[{""name"": ""Dairy"", ""nameArabic"": ""الحليب ومشتقاته"", ""imageUrl"": ""https://d15pngy0ricipl.cloudfront.net/1678111258315.png"", ""_id"": ""69ff4b138fccc9d79082db65""}, {""name"": ""Wheat"", ""nameArabic"": ""القمح"", ""imageUrl"": ""https://d15pngy0ricipl.cloudfront.net/1678186678592.png"", ""_id"": ""69ff4b138fccc9d79082db66""}, {""name"": ""Egg"", ""nameArabic"": ""البيض"", ""imageUrl"": ""https://d15pngy0ricipl.cloudfront.net/1678186702746.png"", ""_id"": ""69ff4b138fccc9d79082db67""}, {""name"": ""Soya Beans"", ""nameArabic"": ""الصويا"", ""imageUrl"": ""https://d15pngy0ricipl.cloudfront.net/1678186737657.png"", ""_id"": ""69ff4b138fccc9d79082db68""}]",https://d15pngy0ricipl.cloudfront.net/1778338571304_giMTO.png,True,0,True,"[""639212b076d541ddec8cce5c"", ""66bd8e82e36ac2ace2d0e590"", ""66e6ea490929c1c4657e194a"", ""639212af76d541ddec8ccce6"", ""639212b076d541ddec8cced8"", ""64f92548f2657e365f3bf4d1"", ""639212af76d541ddec8cce06""]",0,
pickup,الافطار,Breakfast,35,63920b9fe167076ca6dd95ef,100029,63920ca9246aa2f2d0e59736,بان كيك - مابل,Maple Pancakes,15,True,True,False,active,646,ثلاث قطع بان كيك طازجة مغطى بمابل سيرب وقطع زبدة.,Three pancakes topped with maple syrup and butter.,"[""MILK_OR_LACTOSE"",""EGG"",""GLUTEN"",""SOYA""]","{""physical_activity_to_burn"":{""value"":""168"",""unit"":""min""},""cholesterol"":{""value"":""10"",""unit"":""mg""},""fiber"":{""value"":""3.53"",""unit"":""g""},""full_fat"":{""value"":""17"",""unit"":""g""},""saturated_fat"":{""value"":""7.68"",""unit"":""g""},""trans_fat"":{""value"":""0"",""unit"":""g""},""salt"":{""value"":""0"",""unit"":""mg""},""added_suger"":{""value"":""0"",""unit"":""g""},""total_suger"":{""value"":""23.07"",""unit"":""g""},""carbohydrates"":{""value"":""110"",""unit"":""g""},""protein"":{""value"":""14"",""unit"":""g""},""sodium"":{""value"":""1366"",""unit"":""mg""},""is_extra_salt"":{""value"":""0""},""calories"":{""value"":""646"",""unit"":""kcal""}}","[{""name"": ""Dairy"", ""nameArabic"": ""الحليب ومشتقاته"", ""imageUrl"": ""https://d15pngy0ricipl.cloudfront.net/1678111258315.png"", ""_id"": ""6860f52d23d3fa0d041a71cf""}, {""name"": ""Wheat"", ""nameArabic"": ""القمح"", ""imageUrl"": ""https://d15pngy0ricipl.cloudfront.net/1678186678592.png"", ""_id"": ""6860f52d23d3fa0d041a71d0""}, {""name"": ""Egg"", ""nameArabic"": ""البيض"", ""imageUrl"": ""https://d15pngy0ricipl.cloudfront.net/1678186702746.png"", ""_id"": ""6860f52d23d3fa0d041a71d1""}, {""name"": ""Soya Beans"", ""nameArabic"": ""الصويا"", ""imageUrl"": ""https://d15pngy0ricipl.cloudfront.net/1678186737657.png"", ""_id"": ""6860f52d23d3fa0d041a71d2""}]",https://d15pngy0ricipl.cloudfront.net/1747748448496_SlVgP.webp,True,0,False,"[""639212ab76d541ddec8cc8c6""]",,
pickup,الافطار,Breakfast,35,63920b9fe167076ca6dd95ef,100030,63920ca9246aa25850e5972d,وافل بصوص المابل,Maple Waffles,12,True,True,False,active,269,وافل مع مابل سيرب وقطعة زبدة.,Waffles with maple syrup and butter.,"[""MILK_OR_LACTOSE"",""EGG"",""GLUTEN"",""SOYA""]","{""physical_activity_to_burn"":{""value"":""70"",""unit"":""min""},""cholesterol"":{""value"":""12"",""unit"":""mg""},""fiber"":{""value"":""1.68"",""unit"":""g""},""full_fat"":{""value"":""6"",""unit"":""g""},""saturated_fat"":{""value"":""2.26"",""unit"":""g""},""trans_fat"":{""value"":""0"",""unit"":""g""},""salt"":{""value"":""0"",""unit"":""mg""},""added_suger"":{""value"":""0"",""unit"":""g""},""total_suger"":{""value"":""6.08"",""unit"":""g""},""carbohydrates"":{""value"":""47"",""unit"":""g""},""protein"":{""value"":""7"",""unit"":""g""},""sodium"":{""value"":""717"",""unit"":""mg""},""is_extra_salt"":{""value"":""0""},""calories"":{""value"":""269"",""unit"":""kcal""}}","[{""name"": ""Dairy"", ""nameArabic"": ""الحليب ومشتقاته"", ""imageUrl"": ""https://d15pngy0ricipl.cloudfront.net/1678111258315.png"", ""_id"": ""68caa104f5e973d4df1bb89c""}, {""name"": ""Wheat"", ""nameArabic"": ""القمح"", ""imageUrl"": ""https://d15pngy0ricipl.cloudfront.net/1678186678592.png"", ""_id"": ""68caa104f5e973d4df1bb89d""}, {""name"": ""Egg"", ""nameArabic"": ""البيض"", ""imageUrl"": ""https://d15pngy0ricipl.cloudfront.net/1678186702746.png"", ""_id"": ""68caa104f5e973d4df1bb89e""}, {""name"": ""Soya Beans"", ""nameArabic"": ""الصويا"", ""imageUrl"": ""https://d15pngy0ricipl.cloudfront.net/1678186737657.png"", ""_id"": ""68caa104f5e973d4df1bb89f""}]",https://d15pngy0ricipl.cloudfront.net/1747748437062_0vf4T.webp,True,0,False,"[""639212ab76d541ddec8cc949""]",,
pickup,الافطار,Breakfast,35,63920b9fe167076ca6dd95ef,100594,63920caa246aa21452e59748,ساندوتش الأومليت بالجبنة,Cheese Omelet Sandwich,13,True,True,False,active,762,ساندويتش أومليت مع جبنة، شرائح طماطم وخس في خبز أبيض.,"Omelet sandwich with cheese, tomato, and lettuce on white or brown bread.","[""MILK_OR_LACTOSE"",""EGG"",""GLUTEN"",""SOYA"",""SESAME_SEEDS""]","{""physical_activity_to_burn"":{""value"":""198"",""unit"":""min""},""cholesterol"":{""value"":""75.17"",""unit"":""mg""},""fiber"":{""value"":""4.05"",""unit"":""g""},""full_fat"":{""value"":""37.62"",""unit"":""g""},""saturated_fat"":{""value"":""25.66"",""unit"":""g""},""trans_fat"":{""value"":""0"",""unit"":""g""},""salt"":{""value"":""0"",""unit"":""mg""},""added_suger"":{""value"":""0"",""unit"":""g""},""total_suger"":{""value"":""6.32"",""unit"":""g""},""carbohydrates"":{""value"":""73.74"",""unit"":""g""},""protein"":{""value"":""32.04"",""unit"":""g""},""sodium"":{""value"":""1221.42"",""unit"":""mg""},""is_extra_salt"":{""value"":""0""},""calories"":{""value"":""762"",""unit"":""kcal""}}","[{""name"": ""Dairy"", ""nameArabic"": ""الحليب ومشتقاته"", ""imageUrl"": ""https://d15pngy0ricipl.cloudfront.net/1678111258315.png"", ""_id"": ""675fe7ba0d98eb0be746d016""}, {""name"": ""Wheat"", ""nameArabic"": ""القمح"", ""imageUrl"": ""https://d15pngy0ricipl.cloudfront.net/1678186678592.png"", ""_id"": ""675fe7ba0d98eb0be746d017""}, {""name"": ""Egg"", ""nameArabic"": ""البيض"", ""imageUrl"": ""https://d15pngy0ricipl.cloudfront.net/1678186702746.png"", ""_id"": ""675fe7ba0d98eb0be746d018""}, {""name"": ""Soya Beans"", ""nameArabic"": ""الصويا"", ""imageUrl"": ""https://d15pngy0ricipl.cloudfront.net/1678186737657.png"", ""_id"": ""675fe7ba0d98eb0be746d019""}, {""name"": ""Sesame"", ""nameArabic"": ""السمسم"", ""imageUrl"": ""https://d15pngy0ricipl.cloudfront.net/1678186765733.png"", ""_id"": ""675fe7ba0d98eb0be746d01a""}]",https://d15pngy0ricipl.cloudfront.net/1747748224718_gZjj4.webp,True,0,False,"[""639212ad76d541ddec8cca61"", ""639212ad76d541ddec8cca95"", ""64f92549f2657e365f3bfdfc""]",,
pickup,الافطار,Breakfast,35,63920b9fe167076ca6dd95ef,101273,63920ca9246aa26277e59727,وجبة ساندوتش الأومليت بالجبنة,Cheese Omelet Combo,17,True,True,False,active,970,ساندويتش أومليت كومبو مع جبنة، شرائح طماطم وخس في خبز أبيض، مع اختيارك من العصير أو المشروبات الساخنة.,"Omelet Combo with cheese, tomato, and lettuce on white bread. Served with your choice of juice or hot drink.","[""MILK_OR_LACTOSE"",""EGG"",""GLUTEN"",""SOYA"",""SESAME_SEEDS""]","{""physical_activity_to_burn"":{""value"":""252"",""unit"":""min""},""cholesterol"":{""value"":""75.2"",""unit"":""mg""},""fiber"":{""value"":""5.86"",""unit"":""g""},""full_fat"":{""value"":""45"",""unit"":""g""},""saturated_fat"":{""value"":""28.5"",""unit"":""g""},""trans_fat"":{""value"":""0.01"",""unit"":""g""},""salt"":{""value"":""0"",""unit"":""mg""},""added_suger"":{""value"":""0"",""unit"":""g""},""total_suger"":{""value"":""17.8"",""unit"":""g""},""carbohydrates"":{""value"":""105.8"",""unit"":""g""},""protein"":{""value"":""35.3"",""unit"":""g""},""sodium"":{""value"":""1452.8"",""unit"":""mg""},""is_extra_salt"":{""value"":""0""},""calories"":{""value"":""970"",""unit"":""kcal""}}","[{""name"": ""Dairy"", ""nameArabic"": ""الحليب ومشتقاته"", ""imageUrl"": ""https://d15pngy0ricipl.cloudfront.net/1678111258315.png"", ""_id"": ""69d34d04db77f58e3086487e""}, {""name"": ""Wheat"", ""nameArabic"": ""القمح"", ""imageUrl"": ""https://d15pngy0ricipl.cloudfront.net/1678186678592.png"", ""_id"": ""69d34d04db77f58e3086487f""}, {""name"": ""Egg"", ""nameArabic"": ""البيض"", ""imageUrl"": ""https://d15pngy0ricipl.cloudfront.net/1678186702746.png"", ""_id"": ""69d34d04db77f58e30864880""}, {""name"": ""Soya Beans"", ""nameArabic"": ""الصويا"", ""imageUrl"": ""https://d15pngy0ricipl.cloudfront.net/1678186737657.png"", ""_id"": ""69d34d04db77f58e30864881""}, {""name"": ""Sesame"", ""nameArabic"": ""السمسم"", ""imageUrl"": ""https://d15pngy0ricipl.cloudfront.net/1678186765733.png"", ""_id"": ""69d34d04db77f58e30864882""}]",https://d15pngy0ricipl.cloudfront.net/1747748170274_nzXrt.webp,True,0,True,"[""639212ac76d541ddec8cca0f"", ""639212ad76d541ddec8cca61"", ""639212ad76d541ddec8cca95"", ""64f92549f2657e365f3bfdfc""]",0,
pickup,الافطار,Breakfast,35,63920b9fe167076ca6dd95ef,102135,63920ca9246aa2847fe59721,راب بيض هوت دوغ,Egg and Hotdog Wrap,11,True,True,False,active,660,تورتيلا بالبيض والجبنة مع هوت دوغ طازج,"Egg and Hotdog Wrap, a tortilla with scrambled eggs, yellow cheese, and hot dog slices.","[""MILK_OR_LACTOSE"",""EGG"",""GLUTEN"",""SOYA"",""CELERY"",""SULFITES""]","{""physical_activity_to_burn"":{""value"":""225"",""unit"":""min""},""cholesterol"":{""value"":""240"",""unit"":""mg""},""fiber"":{""value"":""6"",""unit"":""g""},""full_fat"":{""value"":""40"",""unit"":""g""},""saturated_fat"":{""value"":""14"",""unit"":""g""},""trans_fat"":{""value"":""0"",""unit"":""g""},""salt"":{""value"":""0"",""unit"":""mg""},""added_suger"":{""value"":""4"",""unit"":""g""},""total_suger"":{""value"":""0"",""unit"":""g""},""carbohydrates"":{""value"":""35"",""unit"":""g""},""protein"":{""value"":""38"",""unit"":""g""},""sodium"":{""value"":""1140"",""unit"":""mg""},""is_extra_salt"":{""value"":""0""},""calories"":{""value"":""660"",""unit"":""kcal""}}",[],https://d15pngy0ricipl.cloudfront.net/1747748121027_WhsA5.webp,True,0,False,"[""639212ae76d541ddec8ccb4f"", ""639212ae76d541ddec8ccb65""]",,
pickup,الافطار,Breakfast,35,63920b9fe167076ca6dd95ef,102136,63920ca9246aa26471e59724,وجبة راب بيض هوت دوغ,Combo Egg and Hotdog Wrap,15,True,True,False,active,868,كومبو لفّة البيض والهوت دوج مع جبنة وهاش براون. يقدّم مع عصير (برتقال أو تفاح) أو مشروب ساخن (قهوة أو شاي).,"Combo Egg & Hotdog Wrap, a tortilla filled with egg, sausage, cheese, and hash browns. Served with juice or a hot drink.","[""MILK_OR_LACTOSE"",""EGG"",""GLUTEN"",""SOYA"",""CELERY"",""SULFITES""]","{""physical_activity_to_burn"":{""value"":""225"",""unit"":""min""},""cholesterol"":{""value"":""240"",""unit"":""mg""},""fiber"":{""value"":""7.8"",""unit"":""g""},""full_fat"":{""value"":""47.4"",""unit"":""g""},""saturated_fat"":{""value"":""16.8"",""unit"":""g""},""trans_fat"":{""value"":""0.01"",""unit"":""g""},""salt"":{""value"":""0"",""unit"":""mg""},""added_suger"":{""value"":""0"",""unit"":""g""},""total_suger"":{""value"":""15.5"",""unit"":""g""},""carbohydrates"":{""value"":""67"",""unit"":""g""},""protein"":{""value"":""41.3"",""unit"":""g""},""sodium"":{""value"":""137"",""unit"":""mg""},""is_extra_salt"":{""value"":""0""},""calories"":{""value"":""868"",""unit"":""kcal""}}",[],https://d15pngy0ricipl.cloudfront.net/1747748101162_bmxhP.webp,True,0,True,"[""639212ae76d541ddec8ccb4f"", ""639212ae76d541ddec8ccb65"", ""639212ac76d541ddec8cca0f""]",0,
pickup,الافطار,Breakfast,35,63920b9fe167076ca6dd95ef,102389,63920ca8246aa23d07e59715,وجبة إفطار كلوب,Club combo breakfast,30,True,True,False,active,685,كومبو كلوب بخبز التوست المحمص، مرتديلا دجاج، مرتديلا لحم بقري، شريحة ديك رومي، جبنة شيدر، جبنة سويسرية، بيض أومليت، طماطم، خس، مايونيز ومخلل.,"Club Combo Breakfast with toasted bread, chicken mortadella, beef mortadella, turkey slice, cheddar, Swiss cheese, omelet, tomato, lettuce, mayonnaise, and pickles.","[""MILK_OR_LACTOSE"",""EGG"",""GLUTEN"",""SOYA""]","{""physical_activity_to_burn"":{""value"":""204"",""unit"":""min""},""cholesterol"":{""value"":""72.21"",""unit"":""mg""},""fiber"":{""value"":""5.66"",""unit"":""g""},""full_fat"":{""value"":""34.39"",""unit"":""g""},""saturated_fat"":{""value"":""15.69"",""unit"":""g""},""trans_fat"":{""value"":""0"",""unit"":""g""},""salt"":{""value"":""0"",""unit"":""mg""},""added_suger"":{""value"":""0"",""unit"":""g""},""total_suger"":{""value"":""8.41"",""unit"":""g""},""carbohydrates"":{""value"":""65.71"",""unit"":""g""},""protein"":{""value"":""28.19"",""unit"":""g""},""sodium"":{""value"":""1185.97"",""unit"":""mg""},""is_extra_salt"":{""value"":""1""},""calories"":{""value"":""685"",""unit"":""kcal""}}","[{""name"": ""Dairy"", ""nameArabic"": ""الحليب ومشتقاته"", ""imageUrl"": ""https://d15pngy0ricipl.cloudfront.net/1678111258315.png"", ""_id"": ""69d763be55cca8992536ea5a""}, {""name"": ""Wheat"", ""nameArabic"": ""القمح"", ""imageUrl"": ""https://d15pngy0ricipl.cloudfront.net/1678186678592.png"", ""_id"": ""69d763be55cca8992536ea5b""}, {""name"": ""Egg"", ""nameArabic"": ""البيض"", ""imageUrl"": ""https://d15pngy0ricipl.cloudfront.net/1678186702746.png"", ""_id"": ""69d763be55cca8992536ea5c""}, {""name"": ""Soya Beans"", ""nameArabic"": ""الصويا"", ""imageUrl"": ""https://d15pngy0ricipl.cloudfront.net/1678186737657.png"", ""_id"": ""69d763be55cca8992536ea5d""}]",https://d15pngy0ricipl.cloudfront.net/1747748003553_JvKua.webp,True,0,True,"[""6392129b76d541ddec8cb5fc"", ""6392129c76d541ddec8cb666"", ""639212ac76d541ddec8cca0f"", ""64f92548f2657e365f3bf4d1""]",0,
pickup,الافطار,Breakfast,35,63920b9fe167076ca6dd95ef,102582,63920ca9246aa2ac5fe5972a,وجبة ساندوتش الأومليت بالجبنة بخبز البُر,Cheese Omelet Combo Brown Bread,17,True,True,False,active,967,ساندويش الأومليت مع الجبن الأصفر والأبيض الذائب وشريحة الطماطم الطازجة والخس المقرمش. يقدم في خبز  البر الطري. مع مشروب من اختيارك عصير (تفاح او برتقال) او (قهوة او شاي),Our take on Omelet sandwich with melted yellow & white cheese and fresh tomato slice and crispy lettuce. Served in soft brown bread with hash brown and Coffe or juice on the side,,"{""physical_activity_to_burn"":{""value"":""0"",""unit"":""min""},""cholesterol"":{""value"":""75.2"",""unit"":""mg""},""fiber"":{""value"":""7.86"",""unit"":""g""},""full_fat"":{""value"":""45"",""unit"":""g""},""saturated_fat"":{""value"":""28.5"",""unit"":""g""},""trans_fat"":{""value"":""0.01"",""unit"":""g""},""salt"":{""value"":""0"",""unit"":""mg""},""added_suger"":{""value"":""0"",""unit"":""g""},""total_suger"":{""value"":""17.8"",""unit"":""g""},""carbohydrates"":{""value"":""103.8"",""unit"":""g""},""protein"":{""value"":""36.3"",""unit"":""g""},""sodium"":{""value"":""1448.8"",""unit"":""mg""},""is_extra_salt"":{""value"":""0""},""calories"":{""value"":""967"",""unit"":""kcal""}}","[{""name"": ""Dairy"", ""nameArabic"": ""الحليب ومشتقاته"", ""imageUrl"": ""https://d15pngy0ricipl.cloudfront.net/1678111258315.png"", ""_id"": ""69d34d321f3257e9da396f15""}, {""name"": ""Wheat"", ""nameArabic"": ""القمح"", ""imageUrl"": ""https://d15pngy0ricipl.cloudfront.net/1678186678592.png"", ""_id"": ""69d34d321f3257e9da396f16""}, {""name"": ""Egg"", ""nameArabic"": ""البيض"", ""imageUrl"": ""https://d15pngy0ricipl.cloudfront.net/1678186702746.png"", ""_id"": ""69d34d321f3257e9da396f17""}, {""name"": ""Soya Beans"", ""nameArabic"": ""الصويا"", ""imageUrl"": ""https://d15pngy0ricipl.cloudfront.net/1678186737657.png"", ""_id"": ""69d34d321f3257e9da396f18""}, {""name"": ""Sesame"", ""nameArabic"": ""السمسم"", ""imageUrl"": ""https://d15pngy0ricipl.cloudfront.net/1678186765733.png"", ""_id"": ""69d34d321f3257e9da396f19""}]",https://d15pngy0ricipl.cloudfront.net/CHEESE-OMELET-BROWN-COMBO.png,True,0,True,"[""639212ac76d541ddec8cca0f"", ""639212ad76d541ddec8cca61"", ""639212ad76d541ddec8cca95""]",0,
pickup,الافطار,Breakfast,35,63920b9fe167076ca6dd95ef,103445,64f92548dc5bed2f9b2d686f,فطور بيض و دجاج,Egg & Chicken Breakfast,27,True,True,False,active,637,فطور البيض العيون مع قطع الدجاج والهاش براون المقرمش، توست محمص وخضار طازجة مع زبدة ومربى. يقدّم مع قهوة أو عصير (برتقال أو تفاح).,"Egg & Chicken Breakfast with crispy hash browns, toasted bread, fresh vegetables, butter, and jam. Served with coffee or juice.","[""MILK_OR_LACTOSE"",""EGG"",""GLUTEN"",""SOYA"",""SESAME_SEEDS""]","{""physical_activity_to_burn"":{""value"":""165"",""unit"":""min""},""cholesterol"":{""value"":""1033"",""unit"":""mg""},""fiber"":{""value"":""6"",""unit"":""g""},""full_fat"":{""value"":""25"",""unit"":""g""},""saturated_fat"":{""value"":""9"",""unit"":""g""},""trans_fat"":{""value"":""0"",""unit"":""g""},""salt"":{""value"":""0"",""unit"":""mg""},""added_suger"":{""value"":""0"",""unit"":""g""},""total_suger"":{""value"":""8"",""unit"":""g""},""carbohydrates"":{""value"":""53"",""unit"":""g""},""protein"":{""value"":""50"",""unit"":""g""},""sodium"":{""value"":""894"",""unit"":""mg""},""is_extra_salt"":{""value"":""0""},""calories"":{""value"":""637"",""unit"":""kcal""}}",[],https://d15pngy0ricipl.cloudfront.net/1778392712594_J1eDg.png,True,0,True,"[""639212b076d541ddec8cce5c"", ""66e6ea490929c1c4657e194a"", ""639212af76d541ddec8ccce6"", ""639212af76d541ddec8cce06"", ""64f92548f2657e365f3bf4d1"", ""639212b076d541ddec8cced8"", ""66bd8e81e36ac2ace2d0e008""]",0,
pickup,الافطار,Breakfast,35,63920b9fe167076ca6dd95ef,104095,68e5fef64eb180a43ad8b43a,راب البيض,Egg Wrap,6,True,True,False,active,335,خبز الراب مع بيض مخفوق، هاش براون مقرمش، والجبن.,"A simple wrap with scrambled eggs, crispy hash brown, and melted cheese.",,"{""physical_activity_to_burn"":{""value"":""0"",""unit"":""min""},""cholesterol"":{""value"":""223.2"",""unit"":""mg""},""fiber"":{""value"":""2.3"",""unit"":""g""},""full_fat"":{""value"":""12.2"",""unit"":""g""},""saturated_fat"":{""value"":""3.8"",""unit"":""g""},""trans_fat"":{""value"":""0"",""unit"":""g""},""salt"":{""value"":""0"",""unit"":""mg""},""added_suger"":{""value"":""0"",""unit"":""g""},""total_suger"":{""value"":""2.4"",""unit"":""g""},""carbohydrates"":{""value"":""32.3"",""unit"":""g""},""protein"":{""value"":""12.1"",""unit"":""g""},""sodium"":{""value"":""535.6"",""unit"":""mg""},""is_extra_salt"":{""value"":""0""},""calories"":{""value"":""335.4"",""unit"":""kcal""}}",[],https://d15pngy0ricipl.cloudfront.net/1783413305133_PXB4y.webp,True,0,False,"[""639212ae76d541ddec8ccb4f"", ""639212ae76d541ddec8ccb65""]",,
pickup,الافطار,Breakfast,35,63920b9fe167076ca6dd95ef,104098,68e5fef64eb180a43ad8b433,وجبة راب البيض,Egg Wrap Combo,11,True,True,False,active,335,ساندويتش راب محشو ببيض مخفوق، وهاش براون مقرمش، مع الجبن. الطعم المثالي مع فنجان قهوة ساخنة.,"A simple wrap with scrambled eggs, crispy hash brown, and melted cheese, pefectly paired with hot coffe.",,"{""physical_activity_to_burn"":{""value"":""0"",""unit"":""min""},""cholesterol"":{""value"":""223.2"",""unit"":""mg""},""fiber"":{""value"":""2.3"",""unit"":""g""},""full_fat"":{""value"":""12.2"",""unit"":""g""},""saturated_fat"":{""value"":""3.8"",""unit"":""g""},""trans_fat"":{""value"":""0"",""unit"":""g""},""salt"":{""value"":""0"",""unit"":""mg""},""added_suger"":{""value"":""0"",""unit"":""g""},""total_suger"":{""value"":""2.4"",""unit"":""g""},""carbohydrates"":{""value"":""32.3"",""unit"":""g""},""protein"":{""value"":""12.1"",""unit"":""g""},""sodium"":{""value"":""535.6"",""unit"":""mg""},""is_extra_salt"":{""value"":""0""},""calories"":{""value"":""335.4"",""unit"":""kcal""}}",[],https://d15pngy0ricipl.cloudfront.net/1783413289784_JBtkK.webp,True,0,True,"[""639212ae76d541ddec8ccb4f"", ""639212ae76d541ddec8ccb65"", ""639212ac76d541ddec8cca0f""]",0,
pickup,الافطار,Breakfast,35,63920b9fe167076ca6dd95ef,104196,6987948425a1576377dd446d,ساندويتش الدجاج بالبيض,Egg & Chicken Wrap,10,True,True,False,active,711,ساندويتش دجاج مقرمش مع بيض وجبن.,"Wrap with crispy breaded chicken, egg, and cheese.",,"{""physical_activity_to_burn"":{""value"":""0"",""unit"":""min""},""cholesterol"":{""value"":""0"",""unit"":""mg""},""fiber"":{""value"":""5.3"",""unit"":""g""},""full_fat"":{""value"":""36.1"",""unit"":""g""},""saturated_fat"":{""value"":""22.1"",""unit"":""g""},""trans_fat"":{""value"":""0"",""unit"":""g""},""salt"":{""value"":""0"",""unit"":""mg""},""added_suger"":{""value"":""0"",""unit"":""g""},""total_suger"":{""value"":""5.3"",""unit"":""g""},""carbohydrates"":{""value"":""49.2"",""unit"":""g""},""protein"":{""value"":""47.5"",""unit"":""g""},""sodium"":{""value"":""1406.4"",""unit"":""mg""},""is_extra_salt"":{""value"":""0""},""calories"":{""value"":""711"",""unit"":""kcal""}}",[],https://d15pngy0ricipl.cloudfront.net/1770528724841_w8yDU.webp,True,0,False,"[""6987948506ecef875aaeb729"", ""6987948506ecef875aaeb757""]",,
pickup,الافطار,Breakfast,35,63920b9fe167076ca6dd95ef,104199,6987948425a1576377dd4479,وجبة ساندويتش الدجاج بالبيض,Egg & Chicken Wrap Meal,14,True,True,False,active,939,ساندويتش دجاج مقرمش مع بيض وجبن، يُقدَّم مع قطعة هاش براون  واختيارك من القهوة أو عصير البرتقال.,"Wrap with crispy breaded chicken, egg, and cheese, served with one hash brown and your choice of coffee or orange juice.",,"{""physical_activity_to_burn"":{""value"":""0"",""unit"":""min""},""cholesterol"":{""value"":""0"",""unit"":""mg""},""fiber"":{""value"":""7.1"",""unit"":""g""},""full_fat"":{""value"":""43.5"",""unit"":""g""},""saturated_fat"":{""value"":""25"",""unit"":""g""},""trans_fat"":{""value"":""0"",""unit"":""g""},""salt"":{""value"":""0"",""unit"":""mg""},""added_suger"":{""value"":""0"",""unit"":""g""},""total_suger"":{""value"":""21"",""unit"":""g""},""carbohydrates"":{""value"":""85.3"",""unit"":""g""},""protein"":{""value"":""51"",""unit"":""g""},""sodium"":{""value"":""1848"",""unit"":""mg""},""is_extra_salt"":{""value"":""0""},""calories"":{""value"":""939"",""unit"":""kcal""}}",[],https://d15pngy0ricipl.cloudfront.net/1778392439680_KCnZA.webp,True,0,True,"[""6987948506ecef875aaeb729"", ""6987948506ecef875aaeb757"", ""639212ac76d541ddec8cca0f""]",0,
pickup,خفايف,Khafayef,30,63920b9fe167076af7dd95eb,102200,63920c1211161f370f848c77,وجبة فيجي,Veggie Combo,12,True,True,False,active,954,كومبو فيجي تحتوي على شريحة خضار مقرمشة حارة مع خس وصلصة ثاوزند آيلاند. يقدّم مع مع بطاطس ومشروب غازي.,Spicy veggie patty combo with lettuce and Thousand Island sauce. Served with fries and a soft drink.,,"{""physical_activity_to_burn"":{""value"":""0"",""unit"":""min""},""cholesterol"":{""value"":""7.3"",""unit"":""mg""},""fiber"":{""value"":""10.5"",""unit"":""g""},""full_fat"":{""value"":""30"",""unit"":""g""},""saturated_fat"":{""value"":""12"",""unit"":""g""},""trans_fat"":{""value"":""0"",""unit"":""g""},""salt"":{""value"":""0"",""unit"":""mg""},""added_suger"":{""value"":""0"",""unit"":""g""},""total_suger"":{""value"":""48"",""unit"":""g""},""carbohydrates"":{""value"":""156.5"",""unit"":""g""},""protein"":{""value"":""16"",""unit"":""g""},""sodium"":{""value"":""1582"",""unit"":""mg""},""is_extra_salt"":{""value"":""0""},""calories"":{""value"":""954"",""unit"":""kcal""}}","[{""name"": ""Dairy"", ""nameArabic"": ""الحليب ومشتقاته"", ""imageUrl"": ""https://d15pngy0ricipl.cloudfront.net/1678111258315.png"", ""_id"": ""6aa0493cbcc8694788ffd145""}, {""name"": ""Wheat"", ""nameArabic"": ""القمح"", ""imageUrl"": ""https://d15pngy0ricipl.cloudfront.net/1678186678592.png"", ""_id"": ""6aa0493cbcc8694788ffd146""}, {""name"": ""Egg"", ""nameArabic"": ""البيض"", ""imageUrl"": ""https://d15pngy0ricipl.cloudfront.net/1678186702746.png"", ""_id"": ""6aa0493cbcc8694788ffd147""}, {""name"": ""Soya Beans"", ""nameArabic"": ""الصويا"", ""imageUrl"": ""https://d15pngy0ricipl.cloudfront.net/1678186737657.png"", ""_id"": ""6aa0493cbcc8694788ffd148""}, {""name"": ""Sesame"", ""nameArabic"": ""السمسم"", ""imageUrl"": ""https://d15pngy0ricipl.cloudfront.net/1678186765733.png"", ""_id"": ""6aa0493cbcc8694788ffd149""}]",https://d15pngy0ricipl.cloudfront.net/1747748093072_KMOeu.webp,True,0,True,"[""639212fb76d541ddec8d0c99"", ""639212fb76d541ddec8d0cb8"", ""6829683e32193ce4180f7c0e"", ""6829683e32193ce4180f7d46""]",3,2
pickup,خفايف,Khafayef,30,63920b9fe167076af7dd95eb,102201,63920c1211161f8021848c78,ساندوتش فيجي,Veggie Sandwich,13,True,True,False,active,563,ساندويتش فيجي تحتوي على شريحة خضار مقرمشة مع خس وصلصة ثاوزند آيلاند.,Veggie patty sandwich  with lettuce and Thousand Island sauce.,,"{""physical_activity_to_burn"":{""value"":""0"",""unit"":""min""},""cholesterol"":{""value"":""0"",""unit"":""mg""},""fiber"":{""value"":""6.50"",""unit"":""g""},""full_fat"":{""value"":""21"",""unit"":""g""},""saturated_fat"":{""value"":""8.02"",""unit"":""g""},""trans_fat"":{""value"":""0"",""unit"":""g""},""salt"":{""value"":""0"",""unit"":""mg""},""added_suger"":{""value"":""0"",""unit"":""g""},""total_suger"":{""value"":""12.02"",""unit"":""g""},""carbohydrates"":{""value"":""82"",""unit"":""g""},""protein"":{""value"":""12"",""unit"":""g""},""sodium"":{""value"":""1,122"",""unit"":""mg""},""is_extra_salt"":{""value"":""0""},""calories"":{""value"":""563"",""unit"":""kcal""}}","[{""name"": ""Dairy"", ""nameArabic"": ""الحليب ومشتقاته"", ""imageUrl"": ""https://d15pngy0ricipl.cloudfront.net/1678111258315.png"", ""_id"": ""6a9db63e87c0b7a4046aa102""}, {""name"": ""Wheat"", ""nameArabic"": ""القمح"", ""imageUrl"": ""https://d15pngy0ricipl.cloudfront.net/1678186678592.png"", ""_id"": ""6a9db63e87c0b7a4046aa103""}, {""name"": ""Egg"", ""nameArabic"": ""البيض"", ""imageUrl"": ""https://d15pngy0ricipl.cloudfront.net/1678186702746.png"", ""_id"": ""6a9db63e87c0b7a4046aa104""}, {""name"": ""Soya Beans"", ""nameArabic"": ""الصويا"", ""imageUrl"": ""https://d15pngy0ricipl.cloudfront.net/1678186737657.png"", ""_id"": ""6a9db63e87c0b7a4046aa105""}, {""name"": ""Sesame"", ""nameArabic"": ""السمسم"", ""imageUrl"": ""https://d15pngy0ricipl.cloudfront.net/1678186765733.png"", ""_id"": ""6a9db63e87c0b7a4046aa106""}]",https://d15pngy0ricipl.cloudfront.net/1747748084048_sQ5Wl.webp,True,0,False,"[""639212fb76d541ddec8d0c99"", ""639212fb76d541ddec8d0cb8""]",,
pickup,خفايف,Khafayef,30,63920b9fe167076af7dd95eb,103044,64f92aa6246504c420eb5d84,كودوليشز دجاج,Kudulicious Chicken Combo,13,True,True,False,active,814,كودوليشز دجاج كومبو يتكوّن من قطع دجاج مع سوتيه البصل والفلفل الأخضر وصوص الصويا وجبن برميزان في خبز كودو. يقدّم مع مع بطاطس وبيبسي.,"Kudulicious Chicken Combo with sauteed onion, green pepper, soy sauce, and parmesan cheese in Kudu bread. Served with fries and Pepsi.","[""MILK_OR_LACTOSE"",""EGG"",""SOYA"",""SESAME_SEEDS"",""MUSTARD""]","{""physical_activity_to_burn"":{""value"":""211"",""unit"":""min""},""cholesterol"":{""value"":""101.3"",""unit"":""mg""},""fiber"":{""value"":""0"",""unit"":""g""},""full_fat"":{""value"":""0"",""unit"":""g""},""saturated_fat"":{""value"":""4"",""unit"":""g""},""trans_fat"":{""value"":""0"",""unit"":""g""},""salt"":{""value"":""0"",""unit"":""mg""},""added_suger"":{""value"":""0"",""unit"":""g""},""total_suger"":{""value"":""0"",""unit"":""g""},""carbohydrates"":{""value"":""0"",""unit"":""g""},""protein"":{""value"":""24.7"",""unit"":""g""},""sodium"":{""value"":""1156.5"",""unit"":""mg""},""is_extra_salt"":{""value"":""0""},""calories"":{""value"":""814"",""unit"":""kcal""}}",[],https://d15pngy0ricipl.cloudfront.net/1747747387289_GPeFj.webp,True,0,True,"[""6392129776d541ddec8cb128"", ""6392129776d541ddec8cb174"", ""6829683e32193ce4180f7c0e"", ""6829683e32193ce4180f7d46""]",3,2
pickup,خفايف,Khafayef,30,63920b9fe167076af7dd95eb,103046,64f92aa6246504158deb5d7e,ساندويتش كودو ليشز دجاج,Kudulicious Chicken Sandwich,13,True,True,False,active,423,قطع دجاج لذيذة مع البصل السوتيه والفلفل الأخضر والخس وشرائح الطماطم الطازجة مغطاة بصلصة الصويا وجبن البارميزان في خبز كودو الطازج.,"Juicy grilled chicken, sauteed fresh onions and green pepper, crisp lettuce, fresh tomato slices topped with soya & garlic parmesan sauce layered in a freshly baked Kudu bread.","[""MILK_OR_LACTOSE"",""EGG"",""GLUTEN"",""SOYA"",""SESAME_SEEDS"",""MUSTARD""]","{""physical_activity_to_burn"":{""value"":""110"",""unit"":""min""},""cholesterol"":{""value"":""94"",""unit"":""mg""},""fiber"":{""value"":""8"",""unit"":""g""},""full_fat"":{""value"":""17"",""unit"":""g""},""saturated_fat"":{""value"":""4"",""unit"":""g""},""trans_fat"":{""value"":""0"",""unit"":""g""},""salt"":{""value"":""0"",""unit"":""mg""},""added_suger"":{""value"":""0"",""unit"":""g""},""total_suger"":{""value"":""7"",""unit"":""g""},""carbohydrates"":{""value"":""46"",""unit"":""g""},""protein"":{""value"":""21"",""unit"":""g""},""sodium"":{""value"":""696"",""unit"":""mg""},""is_extra_salt"":{""value"":""0""},""calories"":{""value"":""423"",""unit"":""kcal""}}",[],https://d15pngy0ricipl.cloudfront.net/1747747368624_YNUZ4.webp,True,0,False,"[""6392129776d541ddec8cb128"", ""6392129776d541ddec8cb174""]",,
pickup,خفايف,Khafayef,30,63920b9fe167076af7dd95eb,103059,63e9cd2aa7d58b5f6c8a7e4f,وجبة هالابينو تشيز ميلت,Jalapeno Cheese Melt  Combo,13,True,True,False,active,659,كومبو هالابينو تشيز ميلت تحتوي على 2 برجر دجاج بالبقسماط مع الجبن والهالبينو. يقدّم مع مع بطاطس ومشروب.,Jalapeno Cheese Melt Combo contains 2 breaded chicken burgers with cheese and jalape?os. Served with fries and a soft drink.,"[""MILK_OR_LACTOSE"",""GLUTEN"",""SOYA"",""CELERY"",""SULFITES""]","{""physical_activity_to_burn"":{""value"":""171"",""unit"":""min""},""cholesterol"":{""value"":""7.3"",""unit"":""mg""},""fiber"":{""value"":""4"",""unit"":""g""},""full_fat"":{""value"":""21.3"",""unit"":""g""},""saturated_fat"":{""value"":""4"",""unit"":""g""},""trans_fat"":{""value"":""0"",""unit"":""g""},""salt"":{""value"":""0"",""unit"":""mg""},""added_suger"":{""value"":""0"",""unit"":""g""},""total_suger"":{""value"":""36"",""unit"":""g""},""carbohydrates"":{""value"":""74.3"",""unit"":""g""},""protein"":{""value"":""3.7"",""unit"":""g""},""sodium"":{""value"":""460.5"",""unit"":""mg""},""is_extra_salt"":{""value"":""0""},""calories"":{""value"":""659"",""unit"":""kcal""}}",[],https://d15pngy0ricipl.cloudfront.net/1747747349903_x7Ige.webp,True,0,True,"[""63e8809392b345b657137b6a"", ""63e8809392b345b657137b81"", ""6829683e32193ce4180f7c0e"", ""6829683e32193ce4180f7d46""]",3,2
pickup,خفايف,Khafayef,30,63920b9fe167076af7dd95eb,103060,63e9cd2aa7d58bf5848a7e52,هالابينو تشيز ميلت ساندوتش,Jalapeno Cheese Melt  Sandwich,8,True,True,False,active,268,ساندويتش هالابينو تشيز ميلت تحتوي على برجر دجاج بالبقسماط مع الجبن والهالبينو.,Jalapeno Cheese Melt Sandwich contains breaded chicken with cheese and jalape?os.,"[""MILK_OR_LACTOSE"",""GLUTEN"",""SOYA"",""CELERY"",""SULFITES""]","{""physical_activity_to_burn"":{""value"":""70"",""unit"":""min""},""cholesterol"":{""value"":""1.33"",""unit"":""mg""},""fiber"":{""value"":""0.75"",""unit"":""g""},""full_fat"":{""value"":""12"",""unit"":""g""},""saturated_fat"":{""value"":""0.75"",""unit"":""g""},""trans_fat"":{""value"":""0"",""unit"":""g""},""salt"":{""value"":""0"",""unit"":""mg""},""added_suger"":{""value"":""0"",""unit"":""g""},""total_suger"":{""value"":""6.82"",""unit"":""g""},""carbohydrates"":{""value"":""14.02"",""unit"":""g""},""protein"":{""value"":""0.7"",""unit"":""g""},""sodium"":{""value"":""87.3"",""unit"":""mg""},""is_extra_salt"":{""value"":""0""},""calories"":{""value"":""268"",""unit"":""kcal""}}",[],https://d15pngy0ricipl.cloudfront.net/1747747339776_k2UVq.webp,True,0,False,"[""63e8809392b345b657137b6a"", ""63e8809392b345b657137b81""]",,
pickup,خفايف,Khafayef,30,63920b9fe167076af7dd95eb,104185,69707d0220c338e61cc3c5c9,جونيور برجر,Junior Burger,6,True,True,False,active,311,برجر جونيور بخبز طري، مع فيليه دجاج مقرمش، خس طازج ومايونيز كريمي.,"Junior Burger made with a soft bun, crispy chicken patty, fresh lettuce, and creamy mayonnaise.",,"{""physical_activity_to_burn"":{""value"":""0"",""unit"":""min""},""cholesterol"":{""value"":""0"",""unit"":""mg""},""fiber"":{""value"":""0"",""unit"":""g""},""full_fat"":{""value"":""0"",""unit"":""g""},""saturated_fat"":{""value"":""0"",""unit"":""g""},""trans_fat"":{""value"":""0"",""unit"":""g""},""salt"":{""value"":""0"",""unit"":""mg""},""added_suger"":{""value"":""0"",""unit"":""g""},""total_suger"":{""value"":""0"",""unit"":""g""},""carbohydrates"":{""value"":""0"",""unit"":""g""},""protein"":{""value"":""0"",""unit"":""g""},""sodium"":{""value"":""0"",""unit"":""mg""},""is_extra_salt"":{""value"":""0""},""calories"":{""value"":""311"",""unit"":""kcal""}}",[],https://d15pngy0ricipl.cloudfront.net/1770276121035_dhdRS.webp,True,0,False,"[""6392129e76d541ddec8cba0f"", ""6392129f76d541ddec8cba38""]",,
pickup,خفايف,Khafayef,30,63920b9fe167076af7dd95eb,104186,697046f8f003223cb0d2b869,وجبة جونيور برجر,Junior Burger Combo,10,True,True,False,active,666,برجر جونيور بخبز طري، مع فيليه دجاج مقرمش، خس طازج ومايونيز كريمي، ويجي معه بطاطس ومشروب غازي.,"Junior Burger made with a soft bun, crispy chicken patty, fresh lettuce, and creamy mayonnaise, served with fries and a soft drink.",,"{""physical_activity_to_burn"":{""value"":""0"",""unit"":""min""},""cholesterol"":{""value"":""0"",""unit"":""mg""},""fiber"":{""value"":""0"",""unit"":""g""},""full_fat"":{""value"":""0"",""unit"":""g""},""saturated_fat"":{""value"":""0"",""unit"":""g""},""trans_fat"":{""value"":""0"",""unit"":""g""},""salt"":{""value"":""0"",""unit"":""mg""},""added_suger"":{""value"":""0"",""unit"":""g""},""total_suger"":{""value"":""0"",""unit"":""g""},""carbohydrates"":{""value"":""0"",""unit"":""g""},""protein"":{""value"":""0"",""unit"":""g""},""sodium"":{""value"":""0"",""unit"":""mg""},""is_extra_salt"":{""value"":""0""},""calories"":{""value"":""666"",""unit"":""kcal""}}",[],https://d15pngy0ricipl.cloudfront.net/1770276069570_ueOrA.webp,True,0,True,"[""6392129e76d541ddec8cba0f"", ""6392129f76d541ddec8cba38"", ""6829683e32193ce4180f7c0e"", ""6829683e32193ce4180f7d46"", ""67e52bd49e443271eded0b30""]",3,2
pickup,وجبات الاطفال,Kids Meal,9,63920b9fe167075a37dd95f2,100901,63920cac246aa2a1b5e5979f,ناجتس دجاج أطفال,Kids Chicken Nuggets,16,True,True,False,active,414,4 قطع ناجتس دجاج للأطفال مع بطاطس ومشروب غازي.,4 kids chicken nuggets with fries and a soft drink.,"[""MILK_OR_LACTOSE"",""EGG"",""GLUTEN"",""SOYA""]","{""physical_activity_to_burn"":{""value"":""108"",""unit"":""min""},""cholesterol"":{""value"":""4.17"",""unit"":""mg""},""fiber"":{""value"":""6.53"",""unit"":""g""},""full_fat"":{""value"":""19.1"",""unit"":""g""},""saturated_fat"":{""value"":""8.48"",""unit"":""g""},""trans_fat"":{""value"":""0"",""unit"":""g""},""salt"":{""value"":""0"",""unit"":""mg""},""added_suger"":{""value"":""0"",""unit"":""g""},""total_suger"":{""value"":""0.21"",""unit"":""g""},""carbohydrates"":{""value"":""45.24"",""unit"":""g""},""protein"":{""value"":""15.00"",""unit"":""g""},""sodium"":{""value"":""911.81"",""unit"":""mg""},""is_extra_salt"":{""value"":""0""},""calories"":{""value"":""414"",""unit"":""kcal""}}","[{""name"": ""Dairy"", ""nameArabic"": ""الحليب ومشتقاته"", ""imageUrl"": ""https://d15pngy0ricipl.cloudfront.net/1678111258315.png"", ""_id"": ""6a65f8eb841d78983c6c84a8""}, {""name"": ""Wheat"", ""nameArabic"": ""القمح"", ""imageUrl"": ""https://d15pngy0ricipl.cloudfront.net/1678186678592.png"", ""_id"": ""6a65f8eb841d78983c6c84a9""}, {""name"": ""Egg"", ""nameArabic"": ""البيض"", ""imageUrl"": ""https://d15pngy0ricipl.cloudfront.net/1678186702746.png"", ""_id"": ""6a65f8eb841d78983c6c84aa""}, {""name"": ""Soya Beans"", ""nameArabic"": ""الصويا"", ""imageUrl"": ""https://d15pngy0ricipl.cloudfront.net/1678186737657.png"", ""_id"": ""6a65f8eb841d78983c6c84ab""}]",https://d15pngy0ricipl.cloudfront.net/1747748195068_vsLqI.webp,True,0,False,"[""639212c876d541ddec8cdea1"", ""639212c876d541ddec8cdeb7""]",,
pickup,وجبات الاطفال,Kids Meal,9,63920b9fe167075a37dd95f2,100902,63920cac246aa24207e59799,برجر دجاج أطفال,Kids Chicken Burger,16,True,True,False,active,666,برجر دجاج للأطفال مقرمش مع خس ومايونيز. يقدم مع بطاطس ومشروب غازي.,Crispy chicken burger for kids with lettuce and mayonnaise. Served with fries and a soft drink.,"[""MILK_OR_LACTOSE"",""EGG"",""GLUTEN"",""SOYA""]","{""physical_activity_to_burn"":{""value"":""173"",""unit"":""min""},""cholesterol"":{""value"":""0"",""unit"":""mg""},""fiber"":{""value"":""9.37"",""unit"":""g""},""full_fat"":{""value"":""33"",""unit"":""g""},""saturated_fat"":{""value"":""11.92"",""unit"":""g""},""trans_fat"":{""value"":""0"",""unit"":""g""},""salt"":{""value"":""0"",""unit"":""mg""},""added_suger"":{""value"":""0"",""unit"":""g""},""total_suger"":{""value"":""3.82"",""unit"":""g""},""carbohydrates"":{""value"":""76.05"",""unit"":""g""},""protein"":{""value"":""3.82"",""unit"":""g""},""sodium"":{""value"":""932.45"",""unit"":""mg""},""is_extra_salt"":{""value"":""0""},""calories"":{""value"":""666"",""unit"":""kcal""}}","[{""name"": ""Dairy"", ""nameArabic"": ""الحليب ومشتقاته"", ""imageUrl"": ""https://d15pngy0ricipl.cloudfront.net/1678111258315.png"", ""_id"": ""6a65f8e20cf75b33fa59031d""}, {""name"": ""Wheat"", ""nameArabic"": ""القمح"", ""imageUrl"": ""https://d15pngy0ricipl.cloudfront.net/1678186678592.png"", ""_id"": ""6a65f8e20cf75b33fa59031e""}, {""name"": ""Egg"", ""nameArabic"": ""البيض"", ""imageUrl"": ""https://d15pngy0ricipl.cloudfront.net/1678186702746.png"", ""_id"": ""6a65f8e20cf75b33fa59031f""}, {""name"": ""Soya Beans"", ""nameArabic"": ""الصويا"", ""imageUrl"": ""https://d15pngy0ricipl.cloudfront.net/1678186737657.png"", ""_id"": ""6a65f8e20cf75b33fa590320""}]",https://d15pngy0ricipl.cloudfront.net/1784092863082_VyLBG.jpg,True,0,False,"[""639212c876d541ddec8cdea1"", ""639212c876d541ddec8cdeb7"", ""6392129e76d541ddec8cba0f"", ""6392129f76d541ddec8cba38""]",,
pickup,وجبات الاطفال,Kids Meal,9,63920b9fe167075a37dd95f2,103773,664c6b15e9038e002bc288e5,وجبة أطفال ستربس الدجاج,Kids Chicken Strips,16,True,True,False,active,593,3 قطع ستريبس دجاج للأطفال مع بطاطس ومشروب غازي.,Kids chicken meal: contains 3 chicken strips with fries and a soft drink.,"[""MILK_OR_LACTOSE"",""EGG"",""PEANUT"",""TREE_NUTS"",""GLUTEN"",""SOYA"",""SESAME_SEEDS"",""CELERY"",""MUSTARD""]","{""physical_activity_to_burn"":{""value"":""154"",""unit"":""min""},""cholesterol"":{""value"":""33.6"",""unit"":""mg""},""fiber"":{""value"":""3.6"",""unit"":""g""},""full_fat"":{""value"":""22"",""unit"":""g""},""saturated_fat"":{""value"":""9"",""unit"":""g""},""trans_fat"":{""value"":""0"",""unit"":""g""},""salt"":{""value"":""0"",""unit"":""mg""},""added_suger"":{""value"":""0"",""unit"":""g""},""total_suger"":{""value"":""29"",""unit"":""g""},""carbohydrates"":{""value"":""75"",""unit"":""g""},""protein"":{""value"":""24.32"",""unit"":""g""},""sodium"":{""value"":""731"",""unit"":""mg""},""is_extra_salt"":{""value"":""0""},""calories"":{""value"":""593"",""unit"":""kcal""}}",[],https://d15pngy0ricipl.cloudfront.net/1747746444011_a2IGk.webp,True,0,False,"[""639212c876d541ddec8cdea1"", ""639212c876d541ddec8cdeb7""]",,
pickup,وجبات الاطفال,Kids Meal,9,63920b9fe167075a37dd95f2,104295,6a86364a6c9404f3b8826aa2,وجبة بوب كورن الدجاج للأطفال,Kids Chicken Popcorn,16,True,True,False,active,508,بوب كورن الدجاج المقرمش مع البطاطس المقلية، ومشروب منعش، ولعبة ممتعة للأطفال.,"Crispy Chicken Popcorn served with fries, a refreshing drink, and a fun toy for kids.",,"{""physical_activity_to_burn"":{""value"":""0"",""unit"":""min""},""cholesterol"":{""value"":""0"",""unit"":""mg""},""fiber"":{""value"":""0"",""unit"":""g""},""full_fat"":{""value"":""0"",""unit"":""g""},""saturated_fat"":{""value"":""0"",""unit"":""g""},""trans_fat"":{""value"":""0"",""unit"":""g""},""salt"":{""value"":""0"",""unit"":""mg""},""added_suger"":{""value"":""0"",""unit"":""g""},""total_suger"":{""value"":""0"",""unit"":""g""},""carbohydrates"":{""value"":""0"",""unit"":""g""},""protein"":{""value"":""0"",""unit"":""g""},""sodium"":{""value"":""0"",""unit"":""mg""},""is_extra_salt"":{""value"":""0""},""calories"":{""value"":""508"",""unit"":""kcal""}}",[],https://d15pngy0ricipl.cloudfront.net/1787209435191_a8FRM.webp,True,0,False,"[""639212c876d541ddec8cdea1"", ""639212c876d541ddec8cdeb7""]",,
pickup,كودو فيت,Kudu Fit,27,63920b9fe167072914dd95e9,100024,63920c1111161f9710848c6e,وجبة الدجاج المشوي,Grilled Chicken Meal,30,True,True,False,active,587,وجبة كودو دجاج مشوي تحتوي على سلطة خس مع بطاطس كريسبي وطماطم كرزية ، خيار، بصل اخضر ، مكعبات طماطم، مع مزيج الفطر ،البصل والجبنة وصوص إيطالي.,"Kudu Grilled Chicken Meal with crispy fries, vegetables, and Italian dressing.","[""MILK_OR_LACTOSE"",""EGG"",""GLUTEN"",""SOYA"",""SESAME_SEEDS""]","{""physical_activity_to_burn"":{""value"":""212"",""unit"":""min""},""cholesterol"":{""value"":""117"",""unit"":""mg""},""fiber"":{""value"":""12"",""unit"":""g""},""full_fat"":{""value"":""23"",""unit"":""g""},""saturated_fat"":{""value"":""9.7"",""unit"":""g""},""trans_fat"":{""value"":""0"",""unit"":""g""},""salt"":{""value"":""0"",""unit"":""mg""},""added_suger"":{""value"":""0"",""unit"":""g""},""total_suger"":{""value"":""6.3"",""unit"":""g""},""carbohydrates"":{""value"":""55"",""unit"":""g""},""protein"":{""value"":""41"",""unit"":""g""},""sodium"":{""value"":""1364"",""unit"":""mg""},""is_extra_salt"":{""value"":""0""},""calories"":{""value"":""587"",""unit"":""kcal""}}","[{""name"": ""Dairy"", ""nameArabic"": ""الحليب ومشتقاته"", ""imageUrl"": ""https://d15pngy0ricipl.cloudfront.net/1678111258315.png"", ""_id"": ""6a7cfbbf9e4c6e24b89f6032""}, {""name"": ""Wheat"", ""nameArabic"": ""القمح"", ""imageUrl"": ""https://d15pngy0ricipl.cloudfront.net/1678186678592.png"", ""_id"": ""6a7cfbbf9e4c6e24b89f6033""}, {""name"": ""Egg"", ""nameArabic"": ""البيض"", ""imageUrl"": ""https://d15pngy0ricipl.cloudfront.net/1678186702746.png"", ""_id"": ""6a7cfbbf9e4c6e24b89f6034""}, {""name"": ""Soya Beans"", ""nameArabic"": ""الصويا"", ""imageUrl"": ""https://d15pngy0ricipl.cloudfront.net/1678186737657.png"", ""_id"": ""6a7cfbbf9e4c6e24b89f6035""}, {""name"": ""Sesame"", ""nameArabic"": ""السمسم"", ""imageUrl"": ""https://d15pngy0ricipl.cloudfront.net/1678186765733.png"", ""_id"": ""6a7cfbbf9e4c6e24b89f6036""}]",https://d15pngy0ricipl.cloudfront.net/1747748474843_zGm2C.webp,True,0,True,"[""639212a976d541ddec8cc6d9"", ""639212a976d541ddec8cc717"", ""639212aa76d541ddec8cc82c"", ""639212aa76d541ddec8cc77d"", ""67e52bd49e443271eded0b30"", ""6409a88bc353e3796a74df6e""]",0,
pickup,كودو فيت,Kudu Fit,27,63920b9fe167072914dd95e9,100032,63d7ab0a89356ebd6b7ce87d,سلطة كودو,Kudu Salad,16,True,True,False,active,50,سلطة كودو مع خس وطماطم كرزية وخيار وخبز محمص وصوص إيطالي.,"Kudu Salad: includes lettuce, vegetables, croutons, and Italian dressing.",[],"{""physical_activity_to_burn"":{""value"":""13"",""unit"":""min""},""cholesterol"":{""value"":""0"",""unit"":""mg""},""fiber"":{""value"":""2.19"",""unit"":""g""},""full_fat"":{""value"":""0"",""unit"":""g""},""saturated_fat"":{""value"":""0.12"",""unit"":""g""},""trans_fat"":{""value"":""0"",""unit"":""g""},""salt"":{""value"":""0"",""unit"":""mg""},""added_suger"":{""value"":""0"",""unit"":""g""},""total_suger"":{""value"":""6.67"",""unit"":""g""},""carbohydrates"":{""value"":""9"",""unit"":""g""},""protein"":{""value"":""3"",""unit"":""g""},""sodium"":{""value"":""63"",""unit"":""mg""},""is_extra_salt"":{""value"":""0""},""calories"":{""value"":""50"",""unit"":""kcal""}}",[],https://d15pngy0ricipl.cloudfront.net/1747748418189_EPhd2.webp,True,0,False,"[""667ac99f7d56596cbaec6671"", ""639212bc76d541ddec8cdc52"", ""653f5834088b04bf81da6cb2""]",,
pickup,كودو فيت,Kudu Fit,27,63920b9fe167072914dd95e9,100040,63d7ab0b89356e563d7ce880,سلطة دجاج,Kudu Chicken Salad,23,True,True,False,active,178,سلطة دجاج مشوي مع خس وطماطم كرزية وخيار وخبز محمص وصوص كودو.,"Grilled Chicken Salad with cherry tomatoes, cucumber, croutons, and Kudu dressing.",[],"{""physical_activity_to_burn"":{""value"":""46"",""unit"":""min""},""cholesterol"":{""value"":""14"",""unit"":""mg""},""fiber"":{""value"":""0"",""unit"":""g""},""full_fat"":{""value"":""4"",""unit"":""g""},""saturated_fat"":{""value"":""1.43"",""unit"":""g""},""trans_fat"":{""value"":""0"",""unit"":""g""},""salt"":{""value"":""0"",""unit"":""mg""},""added_suger"":{""value"":""0"",""unit"":""g""},""total_suger"":{""value"":""5.31"",""unit"":""g""},""carbohydrates"":{""value"":""0"",""unit"":""g""},""protein"":{""value"":""28"",""unit"":""g""},""sodium"":{""value"":""307"",""unit"":""mg""},""is_extra_salt"":{""value"":""0""},""calories"":{""value"":""178"",""unit"":""kcal""}}","[{""name"": ""Soya Beans"", ""nameArabic"": ""الصويا"", ""imageUrl"": ""https://d15pngy0ricipl.cloudfront.net/1678186737657.png"", ""_id"": ""6a8c23817a4e38993fc8d907""}]",https://d15pngy0ricipl.cloudfront.net/1747748376610_fbC4Z.webp,True,0,False,"[""667ac99f7d56596cbaec6671"", ""6392129776d541ddec8cb128"", ""6392129776d541ddec8cb174"", ""639212bc76d541ddec8cdc52"", ""639212bc76d541ddec8cdc68"", ""653f5834088b04bf81da6cb2""]",,
pickup,كودو فيت,Kudu Fit,27,63920b9fe167072914dd95e9,100409,63920c1111161f572f848c6d,وجبة الدجاج المشوي دايت,Diet Grilled Chicken Meal,30,True,True,False,active,333,وجبة دجاج مشوي دايت تضم سلطة خس مع خضار وصوص إيطالي وخبز محمص.,"Diet Grilled Chicken Kudu Meal with lettuce, vegetables, Italian dressing, and croutons.","[""MILK_OR_LACTOSE"",""EGG"",""GLUTEN"",""SOYA"",""SESAME_SEEDS""]","{""physical_activity_to_burn"":{""value"":""146"",""unit"":""min""},""cholesterol"":{""value"":""83.54"",""unit"":""mg""},""fiber"":{""value"":""6.18"",""unit"":""g""},""full_fat"":{""value"":""7"",""unit"":""g""},""saturated_fat"":{""value"":""3.09"",""unit"":""g""},""trans_fat"":{""value"":""0"",""unit"":""g""},""salt"":{""value"":""0"",""unit"":""mg""},""added_suger"":{""value"":""0"",""unit"":""g""},""total_suger"":{""value"":""4.67"",""unit"":""g""},""carbohydrates"":{""value"":""26.13"",""unit"":""g""},""protein"":{""value"":""41.95"",""unit"":""g""},""sodium"":{""value"":""952.94"",""unit"":""mg""},""is_extra_salt"":{""value"":""1""},""calories"":{""value"":""333"",""unit"":""kcal""}}","[{""name"": ""Dairy"", ""nameArabic"": ""الحليب ومشتقاته"", ""imageUrl"": ""https://d15pngy0ricipl.cloudfront.net/1678111258315.png"", ""_id"": ""6a7cfbd39e4c6e24b89f6048""}, {""name"": ""Wheat"", ""nameArabic"": ""القمح"", ""imageUrl"": ""https://d15pngy0ricipl.cloudfront.net/1678186678592.png"", ""_id"": ""6a7cfbd39e4c6e24b89f6049""}, {""name"": ""Egg"", ""nameArabic"": ""البيض"", ""imageUrl"": ""https://d15pngy0ricipl.cloudfront.net/1678186702746.png"", ""_id"": ""6a7cfbd39e4c6e24b89f604a""}, {""name"": ""Soya Beans"", ""nameArabic"": ""الصويا"", ""imageUrl"": ""https://d15pngy0ricipl.cloudfront.net/1678186737657.png"", ""_id"": ""6a7cfbd39e4c6e24b89f604b""}, {""name"": ""Sesame"", ""nameArabic"": ""السمسم"", ""imageUrl"": ""https://d15pngy0ricipl.cloudfront.net/1678186765733.png"", ""_id"": ""6a7cfbd39e4c6e24b89f604c""}]",https://d15pngy0ricipl.cloudfront.net/1747748241009_VUn9v.webp,True,0,True,"[""639212a976d541ddec8cc6d9"", ""639212a976d541ddec8cc717"", ""67e52bd49e443271eded0b30"", ""639212aa76d541ddec8cc77d"", ""6409a88bc353e3796a74df6e""]",0,
pickup,كودو فيت,Kudu Fit,27,63920b9fe167072914dd95e9,103788,667ac99eadcf2032f2ab1238,سلطة سيزر كودو,Chicken Caesar Salad,24,True,True,False,active,571,سلطة سيزر بالدجاج مع صوص السيزر وجبن بارميزان وخبز محمص.,"Chicken Caesar salad with Caesar dressing, parmesan cheese, and croutons.",[],"{""physical_activity_to_burn"":{""value"":""0"",""unit"":""min""},""cholesterol"":{""value"":""116"",""unit"":""mg""},""fiber"":{""value"":""4"",""unit"":""g""},""full_fat"":{""value"":""40"",""unit"":""g""},""saturated_fat"":{""value"":""9"",""unit"":""g""},""trans_fat"":{""value"":""0"",""unit"":""g""},""salt"":{""value"":""0"",""unit"":""mg""},""added_suger"":{""value"":""0"",""unit"":""g""},""total_suger"":{""value"":""14"",""unit"":""g""},""carbohydrates"":{""value"":""26"",""unit"":""g""},""protein"":{""value"":""26"",""unit"":""g""},""sodium"":{""value"":""514"",""unit"":""mg""},""is_extra_salt"":{""value"":""0""},""calories"":{""value"":""571"",""unit"":""kcal""}}",[],https://d15pngy0ricipl.cloudfront.net/1747746414957_a1F6X.webp,True,0,False,"[""667ac99f7d56596cbaec6671"", ""639212bc76d541ddec8cdc68"", ""667ac99f7d56596cbaec66a6"", ""667ac99f7d56596cbaec66c1""]",,
pickup,صوصات,Sauces,38,63920b9fe1670725c3dd95f3,102295,63920cad246aa25133e597ab,صوص جبن التشيدر,Cheddar Cheese Sauce,3,True,True,False,active,112,صوص جبنة شيدر.,Cheddar cheese sauce.,"[""MILK_OR_LACTOSE"",""SOYA""]","{""physical_activity_to_burn"":{""value"":""5"",""unit"":""min""},""cholesterol"":{""value"":""4.95"",""unit"":""mg""},""fiber"":{""value"":""0"",""unit"":""g""},""full_fat"":{""value"":""10.4"",""unit"":""g""},""saturated_fat"":{""value"":""5.13"",""unit"":""g""},""trans_fat"":{""value"":""0.001"",""unit"":""g""},""salt"":{""value"":""0"",""unit"":""mg""},""added_suger"":{""value"":""0"",""unit"":""g""},""total_suger"":{""value"":""1.35"",""unit"":""g""},""carbohydrates"":{""value"":""2.70"",""unit"":""g""},""protein"":{""value"":""2.25"",""unit"":""g""},""sodium"":{""value"":""379"",""unit"":""mg""},""is_extra_salt"":{""value"":""0""},""calories"":{""value"":""112.5"",""unit"":""kcal""}}",[],https://d15pngy0ricipl.cloudfront.net/1747748049908_8ipkQ.webp,False,0,False,[],,
pickup,صوصات,Sauces,38,63920b9fe1670725c3dd95f3,102600,63920cad246aa243d9e597ae,ايطاليان دريسينج,Italian Dressing,3,True,True,False,active,54,صوص إيطالي.,Italian Dressing,[],"{""physical_activity_to_burn"":{""value"":""31"",""unit"":""min""},""cholesterol"":{""value"":""0"",""unit"":""mg""},""fiber"":{""value"":""0"",""unit"":""g""},""full_fat"":{""value"":""4.50"",""unit"":""g""},""saturated_fat"":{""value"":""0.68"",""unit"":""g""},""trans_fat"":{""value"":""0"",""unit"":""g""},""salt"":{""value"":""0"",""unit"":""mg""},""added_suger"":{""value"":""0"",""unit"":""g""},""total_suger"":{""value"":""2.7"",""unit"":""g""},""carbohydrates"":{""value"":""2.70"",""unit"":""g""},""protein"":{""value"":""0"",""unit"":""g""},""sodium"":{""value"":""387"",""unit"":""mg""},""is_extra_salt"":{""value"":""0""},""calories"":{""value"":""54"",""unit"":""kcal""}}",[],https://d15pngy0ricipl.cloudfront.net/1747747970393_xrLwb.webp,False,0,False,[],,
pickup,صوصات,Sauces,38,63920b9fe1670725c3dd95f3,102916,63920cad246aa21964e597a5,صوص ثاوزند ايلاند,1000 Island Sauce,3,True,True,False,active,370,صوص ثاوزند آيلاند.,Thousand Island sauce.,"[""EGG"",""MUSTARD""]","{""physical_activity_to_burn"":{""value"":""96"",""unit"":""min""},""cholesterol"":{""value"":""20"",""unit"":""mg""},""fiber"":{""value"":""0"",""unit"":""g""},""full_fat"":{""value"":""36"",""unit"":""g""},""saturated_fat"":{""value"":""6"",""unit"":""g""},""trans_fat"":{""value"":""0"",""unit"":""g""},""salt"":{""value"":""0"",""unit"":""mg""},""added_suger"":{""value"":""0"",""unit"":""g""},""total_suger"":{""value"":""10"",""unit"":""g""},""carbohydrates"":{""value"":""13"",""unit"":""g""},""protein"":{""value"":""0"",""unit"":""g""},""sodium"":{""value"":""840"",""unit"":""mg""},""is_extra_salt"":{""value"":""0""},""calories"":{""value"":""370"",""unit"":""kcal""}}",[],https://d15pngy0ricipl.cloudfront.net/1747747526787_I549r.webp,False,0,False,[],,
pickup,صوصات,Sauces,38,63920b9fe1670725c3dd95f3,102918,63920cad246aa2f4efe597b4,صوص شيره,Maple Syrup,3,True,True,False,active,52,مابل سيرب,Maple Syrup,[],"{""physical_activity_to_burn"":{""value"":""26"",""unit"":""min""},""cholesterol"":{""value"":""25"",""unit"":""mg""},""fiber"":{""value"":""0"",""unit"":""g""},""full_fat"":{""value"":""0"",""unit"":""g""},""saturated_fat"":{""value"":""0"",""unit"":""g""},""trans_fat"":{""value"":""0"",""unit"":""g""},""salt"":{""value"":""0"",""unit"":""mg""},""added_suger"":{""value"":""0"",""unit"":""g""},""total_suger"":{""value"":""8.7"",""unit"":""g""},""carbohydrates"":{""value"":""13"",""unit"":""g""},""protein"":{""value"":""0"",""unit"":""g""},""sodium"":{""value"":""2.40"",""unit"":""mg""},""is_extra_salt"":{""value"":""0""},""calories"":{""value"":""52"",""unit"":""kcal""}}",[],https://d15pngy0ricipl.cloudfront.net/1747747471167_5cGmC.webp,False,0,False,[],,
pickup,صوصات,Sauces,38,63920b9fe1670725c3dd95f3,102919,63920cad246aa27a59e597bd,صوص تورتيلا,Tortilla Sauce,3,True,True,False,active,140,صوص تورتيلا.,Tortilla Sauce,"[""MUSTARD""]","{""physical_activity_to_burn"":{""value"":""36"",""unit"":""min""},""cholesterol"":{""value"":""0"",""unit"":""mg""},""fiber"":{""value"":""0.99"",""unit"":""g""},""full_fat"":{""value"":""0"",""unit"":""g""},""saturated_fat"":{""value"":""0"",""unit"":""g""},""trans_fat"":{""value"":""0"",""unit"":""g""},""salt"":{""value"":""0"",""unit"":""mg""},""added_suger"":{""value"":""0"",""unit"":""g""},""total_suger"":{""value"":""32"",""unit"":""g""},""carbohydrates"":{""value"":""35"",""unit"":""g""},""protein"":{""value"":""0.99"",""unit"":""g""},""sodium"":{""value"":""650"",""unit"":""mg""},""is_extra_salt"":{""value"":""0""},""calories"":{""value"":""140"",""unit"":""kcal""}}",[],https://d15pngy0ricipl.cloudfront.net/1747747463093_HrNON.webp,False,0,False,[],,
pickup,صوصات,Sauces,38,63920b9fe1670725c3dd95f3,102979,643f8f135d9d65826ee7f402,صوص كودو,KUDU Dressing,3,True,True,False,active,228,صوص كودو.,Kudu Sauce,"[""MILK_OR_LACTOSE"",""EGG""]","{""physical_activity_to_burn"":{""value"":""57"",""unit"":""min""},""cholesterol"":{""value"":""3"",""unit"":""mg""},""fiber"":{""value"":""0.39"",""unit"":""g""},""full_fat"":{""value"":""22"",""unit"":""g""},""saturated_fat"":{""value"":""3.5"",""unit"":""g""},""trans_fat"":{""value"":""0"",""unit"":""g""},""salt"":{""value"":""0"",""unit"":""mg""},""added_suger"":{""value"":""0"",""unit"":""g""},""total_suger"":{""value"":""4.52"",""unit"":""g""},""carbohydrates"":{""value"":""8"",""unit"":""g""},""protein"":{""value"":""0"",""unit"":""g""},""sodium"":{""value"":""178"",""unit"":""mg""},""is_extra_salt"":{""value"":""0""},""calories"":{""value"":""228"",""unit"":""kcal""}}",[],https://d15pngy0ricipl.cloudfront.net/1747747438744_YEauc.webp,False,0,False,[],,
pickup,صوصات,Sauces,38,63920b9fe1670725c3dd95f3,103511,6542fb77dbda99a572d4450c,صوص الديناميت الحلو,Sweet Dynamite Dip,3,True,True,False,active,400,صوص الديناميت الحلو.,Sweet Dynamite Sauce,"[""EGG"",""MUSTARD""]","{""physical_activity_to_burn"":{""value"":""104"",""unit"":""min""},""cholesterol"":{""value"":""20"",""unit"":""mg""},""fiber"":{""value"":""0"",""unit"":""g""},""full_fat"":{""value"":""38"",""unit"":""g""},""saturated_fat"":{""value"":""6"",""unit"":""g""},""trans_fat"":{""value"":""0"",""unit"":""g""},""salt"":{""value"":""0"",""unit"":""mg""},""added_suger"":{""value"":""0"",""unit"":""g""},""total_suger"":{""value"":""16"",""unit"":""g""},""carbohydrates"":{""value"":""18"",""unit"":""g""},""protein"":{""value"":""1"",""unit"":""g""},""sodium"":{""value"":""470"",""unit"":""mg""},""is_extra_salt"":{""value"":""0""},""calories"":{""value"":""400"",""unit"":""kcal""}}",[],https://d15pngy0ricipl.cloudfront.net/1747746824958_Cmtbl.webp,False,0,False,[],,
pickup,صوصات,Sauces,38,63920b9fe1670725c3dd95f3,103513,6542fb77dbda99a180d4450f,صوص بوريتو,Burrito Dip,3,True,True,False,active,189,صوص بوريتو.,Burrito Sauce,"[""MILK_OR_LACTOSE"",""EGG""]","{""physical_activity_to_burn"":{""value"":""109"",""unit"":""min""},""cholesterol"":{""value"":""35"",""unit"":""mg""},""fiber"":{""value"":""0.99"",""unit"":""g""},""full_fat"":{""value"":""43"",""unit"":""g""},""saturated_fat"":{""value"":""7"",""unit"":""g""},""trans_fat"":{""value"":""0"",""unit"":""g""},""salt"":{""value"":""0"",""unit"":""mg""},""added_suger"":{""value"":""0"",""unit"":""g""},""total_suger"":{""value"":""6"",""unit"":""g""},""carbohydrates"":{""value"":""9"",""unit"":""g""},""protein"":{""value"":""1"",""unit"":""g""},""sodium"":{""value"":""450"",""unit"":""mg""},""is_extra_salt"":{""value"":""0""},""calories"":{""value"":""189"",""unit"":""kcal""}}",[],https://d15pngy0ricipl.cloudfront.net/1747746816508_C0KeW.webp,False,0,False,[],,
pickup,مقبلات,Sides,36,63920b9fe167070eb7dd95f0,100033,63920cab246aa2682ee5976c,ناجتس الدجاج,Chicken Nuggets,12,True,True,False,active,294,6 قطع ناجتس دجاج مع صوص تورتيلا.,6 chicken nuggets with tortilla sauce.,"[""GLUTEN"",""SOYA""]","{""physical_activity_to_burn"":{""value"":""76"",""unit"":""min""},""cholesterol"":{""value"":""35"",""unit"":""mg""},""fiber"":{""value"":""3.06"",""unit"":""g""},""full_fat"":{""value"":""14"",""unit"":""g""},""saturated_fat"":{""value"":""5.65"",""unit"":""g""},""trans_fat"":{""value"":""0.01"",""unit"":""g""},""salt"":{""value"":""0"",""unit"":""mg""},""added_suger"":{""value"":""0"",""unit"":""g""},""total_suger"":{""value"":""1.11"",""unit"":""g""},""carbohydrates"":{""value"":""24"",""unit"":""g""},""protein"":{""value"":""18"",""unit"":""g""},""sodium"":{""value"":""720"",""unit"":""mg""},""is_extra_salt"":{""value"":""0""},""calories"":{""value"":""294"",""unit"":""kcal""}}","[{""name"": ""Wheat"", ""nameArabic"": ""القمح"", ""imageUrl"": ""https://d15pngy0ricipl.cloudfront.net/1678186678592.png"", ""_id"": ""675ec4a20d98eb0be746c5b5""}, {""name"": ""Soya Beans"", ""nameArabic"": ""الصويا"", ""imageUrl"": ""https://d15pngy0ricipl.cloudfront.net/1678186737657.png"", ""_id"": ""675ec4a20d98eb0be746c5b6""}]",https://d15pngy0ricipl.cloudfront.net/1747748410279_zw9TZ.webp,False,0,False,[],,
pickup,مقبلات,Sides,36,63920b9fe167070eb7dd95f0,100037,63920cab246aa23025e59763,بطاطس وسط,Medium Fries,7,True,True,False,active,355,بطاطس مقرمشة حجم متوسط.,Medium crispy fries.,"[""GLUTEN""]","{""physical_activity_to_burn"":{""value"":""92"",""unit"":""min""},""cholesterol"":{""value"":""20"",""unit"":""mg""},""fiber"":{""value"":""4.67"",""unit"":""g""},""full_fat"":{""value"":""15"",""unit"":""g""},""saturated_fat"":{""value"":""5.64"",""unit"":""g""},""trans_fat"":{""value"":""0.03"",""unit"":""g""},""salt"":{""value"":""0"",""unit"":""mg""},""added_suger"":{""value"":""0"",""unit"":""g""},""total_suger"":{""value"":""0"",""unit"":""g""},""carbohydrates"":{""value"":""51"",""unit"":""g""},""protein"":{""value"":""5"",""unit"":""g""},""sodium"":{""value"":""561"",""unit"":""mg""},""is_extra_salt"":{""value"":""0""},""calories"":{""value"":""355"",""unit"":""kcal""}}","[{""name"": ""Soya Beans"", ""nameArabic"": ""الصويا"", ""imageUrl"": ""https://d15pngy0ricipl.cloudfront.net/1678186737657.png"", ""_id"": ""675ec4d5168d0de0acb605f3""}]",https://d15pngy0ricipl.cloudfront.net/1747748392907_LziBw.webp,False,0,False,[],,
pickup,مقبلات,Sides,36,63920b9fe167070eb7dd95f0,100039,63920caa246aa22987e59757,بطاطس كرسبي,Potato Crisps,7,True,True,False,active,249,6 قطع بطاطس مقرمشة.,6 crispy potato bites.,[],"{""physical_activity_to_burn"":{""value"":""65"",""unit"":""min""},""cholesterol"":{""value"":""0"",""unit"":""mg""},""fiber"":{""value"":""3.42"",""unit"":""g""},""full_fat"":{""value"":""15"",""unit"":""g""},""saturated_fat"":{""value"":""5.86"",""unit"":""g""},""trans_fat"":{""value"":""0.01"",""unit"":""g""},""salt"":{""value"":""0"",""unit"":""mg""},""added_suger"":{""value"":""0"",""unit"":""g""},""total_suger"":{""value"":""0"",""unit"":""g""},""carbohydrates"":{""value"":""25"",""unit"":""g""},""protein"":{""value"":""3"",""unit"":""g""},""sodium"":{""value"":""310"",""unit"":""mg""},""is_extra_salt"":{""value"":""0""},""calories"":{""value"":""249"",""unit"":""kcal""}}",[],https://d15pngy0ricipl.cloudfront.net/1747748384039_d3Js4.webp,False,0,False,[],,
pickup,مقبلات,Sides,36,63920b9fe167070eb7dd95f0,100042,63920caa246aa288f7e5974e,جبنة الناتشوز,Cheese Nachos,11,True,True,False,active,283,3 قطع ناتشوز محشوة بالجبنة، مع صوص تورتيلا.,3 nachos stuffed with cheese. Served with tortilla sauce.,"[""MILK_OR_LACTOSE"",""GLUTEN"",""SOYA""]","{""physical_activity_to_burn"":{""value"":""74"",""unit"":""min""},""cholesterol"":{""value"":""9"",""unit"":""mg""},""fiber"":{""value"":""2.82"",""unit"":""g""},""full_fat"":{""value"":""15"",""unit"":""g""},""saturated_fat"":{""value"":""7.21"",""unit"":""g""},""trans_fat"":{""value"":""0.16"",""unit"":""g""},""salt"":{""value"":""0"",""unit"":""mg""},""added_suger"":{""value"":""0"",""unit"":""g""},""total_suger"":{""value"":""1.61"",""unit"":""g""},""carbohydrates"":{""value"":""29"",""unit"":""g""},""protein"":{""value"":""8"",""unit"":""g""},""sodium"":{""value"":""899"",""unit"":""mg""},""is_extra_salt"":{""value"":""0""},""calories"":{""value"":""283"",""unit"":""kcal""}}","[{""name"": ""Dairy"", ""nameArabic"": ""الحليب ومشتقاته"", ""imageUrl"": ""https://d15pngy0ricipl.cloudfront.net/1678111258315.png"", ""_id"": ""68ca9845f5e973d4df1bb07a""}, {""name"": ""Wheat"", ""nameArabic"": ""القمح"", ""imageUrl"": ""https://d15pngy0ricipl.cloudfront.net/1678186678592.png"", ""_id"": ""68ca9845f5e973d4df1bb07b""}, {""name"": ""Soya Beans"", ""nameArabic"": ""الصويا"", ""imageUrl"": ""https://d15pngy0ricipl.cloudfront.net/1678186737657.png"", ""_id"": ""68ca9845f5e973d4df1bb07c""}]",https://d15pngy0ricipl.cloudfront.net/1747748359570_pdhyl.webp,False,0,False,[],,
pickup,مقبلات,Sides,36,63920b9fe167070eb7dd95f0,100110,63920cab246aa202bde5976f,هاش براون,Hash Brown,4,True,True,False,active,107,قطعة هاش براون.,Hash Brown,[],"{""physical_activity_to_burn"":{""value"":""28"",""unit"":""min""},""cholesterol"":{""value"":""0"",""unit"":""mg""},""fiber"":{""value"":""1.59"",""unit"":""g""},""full_fat"":{""value"":""7"",""unit"":""g""},""saturated_fat"":{""value"":""2.82"",""unit"":""g""},""trans_fat"":{""value"":""0"",""unit"":""g""},""salt"":{""value"":""0"",""unit"":""mg""},""added_suger"":{""value"":""0"",""unit"":""g""},""total_suger"":{""value"":""0.26"",""unit"":""g""},""carbohydrates"":{""value"":""9"",""unit"":""g""},""protein"":{""value"":""1"",""unit"":""g""},""sodium"":{""value"":""205"",""unit"":""mg""},""is_extra_salt"":{""value"":""0""},""calories"":{""value"":""107"",""unit"":""kcal""}}",[],https://d15pngy0ricipl.cloudfront.net/1747748307467_2Mhik.webp,False,0,False,[],,
pickup,مقبلات,Sides,36,63920b9fe167070eb7dd95f0,100591,63920cab246aa213e6e59760,بطاطس بالجبنة,Cheese Fries,11,True,True,False,active,350,بطاطس مقرمشة مع جبنة شيدر ذائبة وبصل.,French fries with melted cheddar cheese and onion.,"[""MILK_OR_LACTOSE"",""GLUTEN"",""SOYA""]","{""physical_activity_to_burn"":{""value"":""91"",""unit"":""min""},""cholesterol"":{""value"":""0"",""unit"":""mg""},""fiber"":{""value"":""5.04"",""unit"":""g""},""full_fat"":{""value"":""15.42"",""unit"":""g""},""saturated_fat"":{""value"":""4.91"",""unit"":""g""},""trans_fat"":{""value"":""0.02"",""unit"":""g""},""salt"":{""value"":""0"",""unit"":""mg""},""added_suger"":{""value"":""0"",""unit"":""g""},""total_suger"":{""value"":""0.99"",""unit"":""g""},""carbohydrates"":{""value"":""48.15"",""unit"":""g""},""protein"":{""value"":""4.53"",""unit"":""g""},""sodium"":{""value"":""710.84"",""unit"":""mg""},""is_extra_salt"":{""value"":""0""},""calories"":{""value"":""350"",""unit"":""kcal""}}","[{""name"": ""Dairy"", ""nameArabic"": ""الحليب ومشتقاته"", ""imageUrl"": ""https://d15pngy0ricipl.cloudfront.net/1678111258315.png"", ""_id"": ""675ec4af9a0888d897a6fd44""}, {""name"": ""Wheat"", ""nameArabic"": ""القمح"", ""imageUrl"": ""https://d15pngy0ricipl.cloudfront.net/1678186678592.png"", ""_id"": ""675ec4af9a0888d897a6fd45""}, {""name"": ""Soya Beans"", ""nameArabic"": ""الصويا"", ""imageUrl"": ""https://d15pngy0ricipl.cloudfront.net/1678186737657.png"", ""_id"": ""675ec4af9a0888d897a6fd46""}]",https://d15pngy0ricipl.cloudfront.net/1747748232167_rmgAr.webp,False,0,False,[],,
pickup,مقبلات,Sides,36,63920b9fe167070eb7dd95f0,102023,6526948a66f4d71736445e5c,بطاطس كبير,Large Fries,8,True,True,False,active,355,بطاطس مقرمشة حجم كبير.,Large crispy fries.,"[""GLUTEN""]","{""physical_activity_to_burn"":{""value"":""92"",""unit"":""min""},""cholesterol"":{""value"":""20"",""unit"":""mg""},""fiber"":{""value"":""5"",""unit"":""g""},""full_fat"":{""value"":""15"",""unit"":""g""},""saturated_fat"":{""value"":""6"",""unit"":""g""},""trans_fat"":{""value"":""0"",""unit"":""g""},""salt"":{""value"":""0"",""unit"":""mg""},""added_suger"":{""value"":""0"",""unit"":""g""},""total_suger"":{""value"":""0"",""unit"":""g""},""carbohydrates"":{""value"":""51"",""unit"":""g""},""protein"":{""value"":""5"",""unit"":""g""},""sodium"":{""value"":""561"",""unit"":""mg""},""is_extra_salt"":{""value"":""0""},""calories"":{""value"":""355"",""unit"":""kcal""}}",[],https://d15pngy0ricipl.cloudfront.net/1747748143645_6inMr.webp,False,0,False,[],,
pickup,مقبلات,Sides,36,63920b9fe167070eb7dd95f0,102348,63920caa246aa2591ae59754,تشيكن بايتس ( 6 قطع ),Chicken Bite Regular 6pcs,12,True,True,False,active,350,6 قطع تشيكن بايتس مع صوص (ثاوزند آيلاند/كودو/باربيكيو/دايناميت).,6 chicken bites with sauce (Thousand Island/Kudu/Barbecue/Dynamite).,"[""MILK_OR_LACTOSE"",""GLUTEN""]","{""physical_activity_to_burn"":{""value"":""94"",""unit"":""min""},""cholesterol"":{""value"":""67.2"",""unit"":""mg""},""fiber"":{""value"":""1.2"",""unit"":""g""},""full_fat"":{""value"":""27.6"",""unit"":""g""},""saturated_fat"":{""value"":""12"",""unit"":""g""},""trans_fat"":{""value"":""0"",""unit"":""g""},""salt"":{""value"":""0"",""unit"":""mg""},""added_suger"":{""value"":""0"",""unit"":""g""},""total_suger"":{""value"":""0"",""unit"":""g""},""carbohydrates"":{""value"":""28.8"",""unit"":""g""},""protein"":{""value"":""42"",""unit"":""g""},""sodium"":{""value"":""549.6"",""unit"":""mg""},""is_extra_salt"":{""value"":""0""},""calories"":{""value"":""350.5"",""unit"":""kcal""}}","[{""name"": ""Dairy"", ""nameArabic"": ""الحليب ومشتقاته"", ""imageUrl"": ""https://d15pngy0ricipl.cloudfront.net/1678111258315.png"", ""_id"": ""69cd1539d50f456123d4e589""}, {""name"": ""Wheat"", ""nameArabic"": ""القمح"", ""imageUrl"": ""https://d15pngy0ricipl.cloudfront.net/1678186678592.png"", ""_id"": ""69cd1539d50f456123d4e58a""}]",https://d15pngy0ricipl.cloudfront.net/1747748034637_X99TX.webp,True,0,False,"[""639212c176d541ddec8cdd5c""]",,
pickup,مقبلات,Sides,36,63920b9fe167070eb7dd95f0,102568,63920caa246aa2a78be5975d,تشيكن بايتس حار ( 6 قطع ),Chicken Bite Spicy 6pcs,12,True,True,False,active,350,6 قطع تشيكن بايتس حارة مع صوص (ثاوزند آيلاند/كودو/باربيكيو/دايناميت).,6 spicy chicken bites with sauce (Thousand Island/Kudu/Barbecue/Dynamite).,"[""MILK_OR_LACTOSE"",""GLUTEN""]","{""physical_activity_to_burn"":{""value"":""88"",""unit"":""min""},""cholesterol"":{""value"":""67.2"",""unit"":""mg""},""fiber"":{""value"":""1.2"",""unit"":""g""},""full_fat"":{""value"":""27.6"",""unit"":""g""},""saturated_fat"":{""value"":""12"",""unit"":""g""},""trans_fat"":{""value"":""0"",""unit"":""g""},""salt"":{""value"":""0"",""unit"":""mg""},""added_suger"":{""value"":""0"",""unit"":""g""},""total_suger"":{""value"":""0"",""unit"":""g""},""carbohydrates"":{""value"":""28.8"",""unit"":""g""},""protein"":{""value"":""42"",""unit"":""g""},""sodium"":{""value"":""549.6"",""unit"":""mg""},""is_extra_salt"":{""value"":""0""},""calories"":{""value"":""350.5"",""unit"":""kcal""}}","[{""name"": ""Dairy"", ""nameArabic"": ""الحليب ومشتقاته"", ""imageUrl"": ""https://d15pngy0ricipl.cloudfront.net/1678111258315.png"", ""_id"": ""68caa08df5e973d4df1bb7b2""}, {""name"": ""Wheat"", ""nameArabic"": ""القمح"", ""imageUrl"": ""https://d15pngy0ricipl.cloudfront.net/1678186678592.png"", ""_id"": ""68caa08df5e973d4df1bb7b3""}]",https://d15pngy0ricipl.cloudfront.net/1747747979706_zpstd.webp,False,0,False,[],,
pickup,مقبلات,Sides,36,63920b9fe167070eb7dd95f0,103012,63920cab246aa281e8e59775,دجاج ستربس ديو,Chicken Strips Duo,8,True,True,False,active,395,تلذذ بطعم الدجاج المقرمش مع قطعتين من دجاج ستربس الطري، يُقدم مع صوص المايونيز بالفلفل اللذيذ.,"Savor the crispy goodness of 2 tender Chicken Strips, perfectly paired with flavorful pepper mayo sauce.","[""MILK_OR_LACTOSE"",""EGG"",""GLUTEN"",""SOYA"",""SESAME_SEEDS"",""CELERY"",""MUSTARD""]","{""physical_activity_to_burn"": {""value"": 68, ""unit"": ""min""}, ""cholesterol"": {""value"": 0, ""unit"": ""mg""}, ""fiber"": {""value"": 1.1, ""unit"": ""g""}, ""full_fat"": {""value"": 15.75, ""unit"": ""g""}, ""saturated_fat"": {""value"": 0, ""unit"": ""g""}, ""trans_fat"": {""value"": 0, ""unit"": ""g""}, ""salt"": {""value"": 0, ""unit"": ""mg""}, ""added_suger"": {""value"": 0, ""unit"": ""g""}, ""total_suger"": {""value"": 0.37, ""unit"": ""g""}, ""carbohydrates"": {""value"": 15.01, ""unit"": ""g""}, ""protein"": {""value"": 14.73, ""unit"": ""g""}, ""sodium"": {""value"": 0, ""unit"": ""mg""}, ""is_extra_salt"": {""value"": false}, ""calories"": {""value"": 395, ""unit"": ""kcal""}}",[],https://d15pngy0ricipl.cloudfront.net/1747747419190_QjRq7.webp,False,0,False,[],,
pickup,مقبلات,Sides,36,63920b9fe167070eb7dd95f0,104173,695cbea92f9eddd14e63f611,طبق الناتشوز,KUDU Nachos Platter,15,True,True,False,active,653,رقائق ناتشوز سويت تشيلي مقرمشة مع شريحة لحم، صوص تشيدر، صوص بوريتو، هلابينو، وجواكامولي كريمي.,"Crunchy Sweet Chili nacho chips topped with a beef patty, cheddar cheese sauce, burrito sauce, jalape?os, and creamy guacamole.",,"{""physical_activity_to_burn"":{""value"":""0"",""unit"":""min""},""cholesterol"":{""value"":""25"",""unit"":""mg""},""fiber"":{""value"":""6.4"",""unit"":""g""},""full_fat"":{""value"":""43.3"",""unit"":""g""},""saturated_fat"":{""value"":""13.5"",""unit"":""g""},""trans_fat"":{""value"":""0"",""unit"":""g""},""salt"":{""value"":""0"",""unit"":""mg""},""added_suger"":{""value"":""0"",""unit"":""g""},""total_suger"":{""value"":""11.4"",""unit"":""g""},""carbohydrates"":{""value"":""56"",""unit"":""g""},""protein"":{""value"":""10.2"",""unit"":""g""},""sodium"":{""value"":""1198.7"",""unit"":""mg""},""is_extra_salt"":{""value"":""0""},""calories"":{""value"":""653.1"",""unit"":""kcal""}}",[],https://d15pngy0ricipl.cloudfront.net/1770275524580_7hLoe.webp,False,0,False,[],,
pickup,مقبلات,Sides,36,63920b9fe167070eb7dd95f0,104176,695cbeaa2f9eddd14e63f618,طبق الناتشوز كبير,Large KUDU Nachos Platter,24,True,True,False,active,1438,رقائق ناتشوز سويت تشيلي مقرمشة مع قطع لحم، صوص تشيدر، صوص بوريتو، هلابينو، وجواكامولي كريمي.,"Crunchy Sweet Chili nacho chips topped with a beef patty, cheddar cheese sauce, burrito sauce, jalape?os, and creamy guacamole.",,"{""physical_activity_to_burn"":{""value"":""0"",""unit"":""min""},""cholesterol"":{""value"":""40"",""unit"":""mg""},""fiber"":{""value"":""11.3"",""unit"":""g""},""full_fat"":{""value"":""90.7"",""unit"":""g""},""saturated_fat"":{""value"":""35.9"",""unit"":""g""},""trans_fat"":{""value"":""0"",""unit"":""g""},""salt"":{""value"":""0"",""unit"":""mg""},""added_suger"":{""value"":""0"",""unit"":""g""},""total_suger"":{""value"":""21"",""unit"":""g""},""carbohydrates"":{""value"":""134.6"",""unit"":""g""},""protein"":{""value"":""21.4"",""unit"":""g""},""sodium"":{""value"":""2967.4"",""unit"":""mg""},""is_extra_salt"":{""value"":""0""},""calories"":{""value"":""1438"",""unit"":""kcal""}}",[],https://d15pngy0ricipl.cloudfront.net/1770275661891_tOLb0.webp,False,0,False,[],,
pickup,العروض الخاصة,Special Offers,45,63ff09d61e5a97ba32c65bd4,104274,6a66ff6989b8851b7e3d3059,2 تورتيلا,2 TORTILLAS,25,True,True,False,active,1694,استمتع بـ 2 تورتيلا بسعر 25 ريال فقط. حصري عبر التطبيق (الاستلام).,Enjoy 2 Tortillas for only 25 SAR. App Exclusive (NHD).,,"{""physical_activity_to_burn"":{""value"":""0"",""unit"":""min""},""cholesterol"":{""value"":""0"",""unit"":""mg""},""fiber"":{""value"":""0"",""unit"":""g""},""full_fat"":{""value"":""0"",""unit"":""g""},""saturated_fat"":{""value"":""0"",""unit"":""g""},""trans_fat"":{""value"":""0"",""unit"":""g""},""salt"":{""value"":""0"",""unit"":""mg""},""added_suger"":{""value"":""0"",""unit"":""g""},""total_suger"":{""value"":""0"",""unit"":""g""},""carbohydrates"":{""value"":""0"",""unit"":""g""},""protein"":{""value"":""0"",""unit"":""g""},""sodium"":{""value"":""0"",""unit"":""mg""},""is_extra_salt"":{""value"":""0""},""calories"":{""value"":""1694"",""unit"":""kcal""}}",[],https://d15pngy0ricipl.cloudfront.net/1785160093959_aDz9t.webp,True,0,False,"[""690990fe41f4043fa5d63344"", ""6392129c76d541ddec8cb738""]",,
pickup,العروض الخاصة,Special Offers,45,63ff09d61e5a97ba32c65bd4,104277,6a6aea655d84d710d267f442,بان كيك مع أمريكانوعادي,Pancakes with Regular Americano,15,True,True,False,active,646,استمتع ببانكيك هشّ مع أمريكانو عادي طازج التحضير.,Treat yourself to fluffy Pancakes paired with a smooth Regular Americano.,,"{""physical_activity_to_burn"":{""value"":""0"",""unit"":""min""},""cholesterol"":{""value"":""0"",""unit"":""mg""},""fiber"":{""value"":""0"",""unit"":""g""},""full_fat"":{""value"":""0"",""unit"":""g""},""saturated_fat"":{""value"":""0"",""unit"":""g""},""trans_fat"":{""value"":""0"",""unit"":""g""},""salt"":{""value"":""0"",""unit"":""mg""},""added_suger"":{""value"":""0"",""unit"":""g""},""total_suger"":{""value"":""0"",""unit"":""g""},""carbohydrates"":{""value"":""0"",""unit"":""g""},""protein"":{""value"":""0"",""unit"":""g""},""sodium"":{""value"":""0"",""unit"":""mg""},""is_extra_salt"":{""value"":""0""},""calories"":{""value"":""646"",""unit"":""kcal""}}",[],https://d15pngy0ricipl.cloudfront.net/1785821176981_aXGZA.webp,False,0,False,[],,
pickup,العروض الخاصة,Special Offers,45,63ff09d61e5a97ba32c65bd4,104326,6aa91c2ff3a403da20aa950e,كوري لاسع كومبو + 6 ناجتس,Korean Kick Cmb + 6Nugts,30,True,True,False,active,0,وجبة كوري لاسع مع 6 قطع ناجتس دجاج لمذاق شهي اكثر.,Korean Kick Combo with 6 chicken nuggets for an extra tasty bite.,,,[],https://d15pngy0ricipl.cloudfront.net/1789478662511_Ie4HV.webp,True,0,True,"[""6aa91ba77d5400989abee478"", ""6a6b3c6f217d91cd5b52dc66"", ""692fea6e8fbb3ff4adcf8897"", ""692fea6e8fbb3ff4adcf89a6"", ""67e52bd49e443271eded0b30""]",3,2
pickup,العروض الخاصة,Special Offers,45,63ff09d61e5a97ba32c65bd4,104327,6aa88e3cf950b34db5a19ab6,اسطوري كومبو + 6 ناجتس,Legend Combo + 6 Nuggets,30,True,True,False,active,0,وجبة اسطوري مع 6 قطع ناجتس دجاج لوجبة متكاملة ومشبعة.,"Legend Combo with 6 chicken nuggets for a complete, satisfying meal.",,,[],https://d15pngy0ricipl.cloudfront.net/1789478625366_IUcdS.webp,True,0,True,"[""6aa88e7b7d5400989abeace2"", ""6a6b3c70217d91cd5b52dc70"", ""692fea6e8fbb3ff4adcf8897"", ""692fea6e8fbb3ff4adcf89a6"", ""67e52bd49e443271eded0b30""]",3,2
pickup,العروض الخاصة,Special Offers,45,63ff09d61e5a97ba32c65bd4,104328,6aa88e3cf950b34db5a19aaf,كومبو كلوب ساندوتش,Club Combo,20,True,True,False,active,0,كومبو كلوب ساندوتش خيار شهي لبداية يوم لذيذة ومشبعة.,A hearty Club Breakfast Combo for a delicious start to your day.,,,[],https://d15pngy0ricipl.cloudfront.net/1789478580192_l3tuK.png,True,0,True,"[""6aa88e7b7d5400989abeacdd"", ""6392129c76d541ddec8cb666"", ""692fea6e8fbb3ff4adcf8897"", ""692fea6e8fbb3ff4adcf89a6"", ""67e52bd49e443271eded0b30""]",3,2
pickup,مشروبات,Drinks,51,652f8d69edaf5a5f67db9169,100371,652f8ed7e501badb758e746d,عصير برتقال,Orange Juice,8,True,True,False,active,101,عصير برتقال بدون سكر مضاف.,Orange juice with no added sugar.,[],"{""physical_activity_to_burn"":{""value"":""26"",""unit"":""min""},""cholesterol"":{""value"":""0"",""unit"":""mg""},""fiber"":{""value"":""0.22"",""unit"":""g""},""full_fat"":{""value"":""0"",""unit"":""g""},""saturated_fat"":{""value"":""0"",""unit"":""g""},""trans_fat"":{""value"":""0"",""unit"":""g""},""salt"":{""value"":""0"",""unit"":""mg""},""added_suger"":{""value"":""0"",""unit"":""g""},""total_suger"":{""value"":""11.25"",""unit"":""g""},""carbohydrates"":{""value"":""23"",""unit"":""g""},""protein"":{""value"":""2.4"",""unit"":""g""},""sodium"":{""value"":""26"",""unit"":""mg""},""is_extra_salt"":{""value"":""0""},""calories"":{""value"":""101"",""unit"":""kcal""}}",[],https://d15pngy0ricipl.cloudfront.net/1747748265688_hZqpA.webp,True,0,False,"[""64f92733f2657e365f3cd634""]",,
pickup,مشروبات,Drinks,51,652f8d69edaf5a5f67db9169,100376,652f8ed7e501baea2a8e7470,عصير تفاح,Apple Juice,8,True,True,False,active,88,عصير تفاح بدون سكر مضاف,Apple juice with no added sugar.,[],"{""physical_activity_to_burn"":{""value"":""53"",""unit"":""min""},""cholesterol"":{""value"":""0"",""unit"":""mg""},""fiber"":{""value"":""0"",""unit"":""g""},""full_fat"":{""value"":""0"",""unit"":""g""},""saturated_fat"":{""value"":""0"",""unit"":""g""},""trans_fat"":{""value"":""0"",""unit"":""g""},""salt"":{""value"":""0"",""unit"":""mg""},""added_suger"":{""value"":""0"",""unit"":""g""},""total_suger"":{""value"":""16.16"",""unit"":""g""},""carbohydrates"":{""value"":""20.81"",""unit"":""g""},""protein"":{""value"":""0"",""unit"":""g""},""sodium"":{""value"":""0"",""unit"":""mg""},""is_extra_salt"":{""value"":""0""},""calories"":{""value"":""88.88"",""unit"":""kcal""}}",[],https://d15pngy0ricipl.cloudfront.net/1747745377406_47Rd2.webp,True,0,False,"[""64f92733f2657e365f3cd661""]",,
pickup,مشروبات,Drinks,51,652f8d69edaf5a5f67db9169,101872,686267c74ba88a63746ce3db,امريكانو,Americano,5,True,False,False,active,0,كوب أمريكانو محضّر من حبوب بن أرابيكا 100%.,A cup of Americano made from 100% Arabica beans.,[],"{""physical_activity_to_burn"":{""value"":""0"",""unit"":""min""},""cholesterol"":{""value"":""1"",""unit"":""mg""},""fiber"":{""value"":""0"",""unit"":""g""},""full_fat"":{""value"":""0.1"",""unit"":""g""},""saturated_fat"":{""value"":""0.1"",""unit"":""g""},""trans_fat"":{""value"":""0.1"",""unit"":""g""},""salt"":{""value"":""0"",""unit"":""mg""},""added_suger"":{""value"":""0"",""unit"":""g""},""total_suger"":{""value"":""0"",""unit"":""g""},""carbohydrates"":{""value"":""10"",""unit"":""g""},""protein"":{""value"":""0.1"",""unit"":""g""},""sodium"":{""value"":""20"",""unit"":""mg""},""is_extra_salt"":{""value"":""0""},""calories"":{""value"":""0"",""unit"":""kcal""}}",[],https://d15pngy0ricipl.cloudfront.net/1777813205868_EboQM.webp,True,0,False,"[""64f927b4f2657e365f3d139b""]",,
pickup,مشروبات,Drinks,51,652f8d69edaf5a5f67db9169,101878,686267c74ba88a63746ce3e2,شاي,Tea,3,True,False,False,active,0,كوب شاي ساخن بالنكهة الغنية.,Hot tea with a rich flavor.,[],"{""physical_activity_to_burn"":{""value"":""0"",""unit"":""min""},""cholesterol"":{""value"":""10"",""unit"":""mg""},""fiber"":{""value"":""0"",""unit"":""g""},""full_fat"":{""value"":""0"",""unit"":""g""},""saturated_fat"":{""value"":""0"",""unit"":""g""},""trans_fat"":{""value"":""0"",""unit"":""g""},""salt"":{""value"":""0"",""unit"":""mg""},""added_suger"":{""value"":""0"",""unit"":""g""},""total_suger"":{""value"":""0"",""unit"":""g""},""carbohydrates"":{""value"":""0"",""unit"":""g""},""protein"":{""value"":""0"",""unit"":""g""},""sodium"":{""value"":""0"",""unit"":""mg""},""is_extra_salt"":{""value"":""0""},""calories"":{""value"":""0"",""unit"":""kcal""},""caffeine"":{""value"":""30"",""unit"":""g""}}",[],https://d15pngy0ricipl.cloudfront.net/1777813735062_G6WZ6.webp,False,0,False,[],,
pickup,مشروبات,Drinks,51,652f8d69edaf5a5f67db9169,102845,686267c74ba88a63746ce3e9,اسبريسو,Espresso,4,True,False,False,active,15,قهوة إسبرسو محضرّة من أفضل حبوب أرابيكا 100%.,Espresso made from premium 100% Arabica beans.,[],"{""physical_activity_to_burn"": {""value"": 0, ""unit"": ""min""}, ""cholesterol"": {""value"": 0, ""unit"": ""mg""}, ""fiber"": {""value"": 0, ""unit"": ""g""}, ""full_fat"": {""value"": 0, ""unit"": ""g""}, ""saturated_fat"": {""value"": 0, ""unit"": ""g""}, ""trans_fat"": {""value"": 0, ""unit"": ""g""}, ""salt"": {""value"": 0, ""unit"": ""mg""}, ""added_suger"": {""value"": 0, ""unit"": ""g""}, ""total_suger"": {""value"": 0, ""unit"": ""g""}, ""carbohydrates"": {""value"": 2, ""unit"": ""g""}, ""protein"": {""value"": 1, ""unit"": ""g""}, ""sodium"": {""value"": 9, ""unit"": ""mg""}, ""caffeine"": {""value"": 180, ""unit"": ""g""}, ""is_extra_salt"": {""value"": false}, ""calories"": {""value"": 15, ""unit"": ""kcal""}}",[],https://d15pngy0ricipl.cloudfront.net/1777813662726_uLuHp.webp,False,0,False,[],,
pickup,مشروبات,Drinks,51,652f8d69edaf5a5f67db9169,102846,686267c74ba88a63746ce3f0,لاتيه,Latte,5,True,False,False,active,66,لاتيه مكوّن من قهوة أرابيكا مع الحليب ورغوة.,"Latte made with Arabica coffee, milk, and foam.","[""MILK_OR_LACTOSE""]","{""physical_activity_to_burn"":{""value"":""17"",""unit"":""min""},""cholesterol"":{""value"":""27"",""unit"":""mg""},""fiber"":{""value"":""0"",""unit"":""g""},""full_fat"":{""value"":""2"",""unit"":""g""},""saturated_fat"":{""value"":""2"",""unit"":""g""},""trans_fat"":{""value"":""0"",""unit"":""g""},""salt"":{""value"":""0"",""unit"":""mg""},""added_suger"":{""value"":""0"",""unit"":""g""},""total_suger"":{""value"":""5"",""unit"":""g""},""carbohydrates"":{""value"":""10"",""unit"":""g""},""protein"":{""value"":""2"",""unit"":""g""},""sodium"":{""value"":""45"",""unit"":""mg""},""is_extra_salt"":{""value"":""0""},""calories"":{""value"":""66"",""unit"":""kcal""}}",[],https://d15pngy0ricipl.cloudfront.net/1777813703792_YgQH0.webp,True,0,False,"[""64f927b4f2657e365f3d1335""]",,
pickup,مشروبات,Drinks,51,652f8d69edaf5a5f67db9169,102847,686267c74ba88a63746ce3f7,كابتشينو,Cappuccino,5,True,False,False,active,39,كابيتشينو محضّر من حبوب أرابيكا 100% مع حليب ساخن ورغوة.,"Cappuccino made from 100% Arabica beans, with hot milk and foam.","[""MILK_OR_LACTOSE""]","{""physical_activity_to_burn"":{""value"":""10"",""unit"":""min""},""cholesterol"":{""value"":""23"",""unit"":""mg""},""fiber"":{""value"":""0"",""unit"":""g""},""full_fat"":{""value"":""1"",""unit"":""g""},""saturated_fat"":{""value"":""1"",""unit"":""g""},""trans_fat"":{""value"":""0"",""unit"":""g""},""salt"":{""value"":""0"",""unit"":""mg""},""added_suger"":{""value"":""0"",""unit"":""g""},""total_suger"":{""value"":""4"",""unit"":""g""},""carbohydrates"":{""value"":""5"",""unit"":""g""},""protein"":{""value"":""2"",""unit"":""g""},""sodium"":{""value"":""40"",""unit"":""mg""},""is_extra_salt"":{""value"":""0""},""calories"":{""value"":""39"",""unit"":""kcal""},""caffeine"":{""value"":""50"",""unit"":""g""}}",[],https://d15pngy0ricipl.cloudfront.net/1777813647409_YIUVz.webp,True,0,False,"[""64f927b4f2657e365f3d137b""]",,
pickup,مشروبات,Drinks,51,652f8d69edaf5a5f67db9169,102848,686267c74ba88a63746ce3fe,موكاتشينو,Mochaccino,5,True,False,False,active,49,قهوة إسبرسو ممزوجة بالحليب والشوكولاتة.,Espresso mixed with milk and chocolate.,"[""MILK_OR_LACTOSE"",""TREE_NUTS"",""SOYA"",""SULFITES""]","{""physical_activity_to_burn"":{""value"":""13"",""unit"":""min""},""cholesterol"":{""value"":""8"",""unit"":""mg""},""fiber"":{""value"":""0"",""unit"":""g""},""full_fat"":{""value"":""2"",""unit"":""g""},""saturated_fat"":{""value"":""1"",""unit"":""g""},""trans_fat"":{""value"":""0"",""unit"":""g""},""salt"":{""value"":""0"",""unit"":""mg""},""added_suger"":{""value"":""0"",""unit"":""g""},""total_suger"":{""value"":""5"",""unit"":""g""},""carbohydrates"":{""value"":""7"",""unit"":""g""},""protein"":{""value"":""2"",""unit"":""g""},""sodium"":{""value"":""43"",""unit"":""mg""},""is_extra_salt"":{""value"":""0""},""calories"":{""value"":""49"",""unit"":""kcal""}}",[],https://d15pngy0ricipl.cloudfront.net/1777813716730_rtO67.webp,True,0,False,"[""64f927b4f2657e365f3d1354""]",,
pickup,مشروبات,Drinks,51,652f8d69edaf5a5f67db9169,102849,686267c74ba88a63746ce405,هوت شوكوليت,Hot Chocolate,5,True,False,False,active,47,حليب الشوكلاتة الساخن مع نكهة الكاكاو.,Hot chocolate milk with cocoa flavor.,"[""MILK_OR_LACTOSE"",""EGG"",""GLUTEN"",""SOYA""]","{""physical_activity_to_burn"":{""value"":""12"",""unit"":""min""},""cholesterol"":{""value"":""7"",""unit"":""mg""},""fiber"":{""value"":""0"",""unit"":""g""},""full_fat"":{""value"":""1"",""unit"":""g""},""saturated_fat"":{""value"":""1"",""unit"":""g""},""trans_fat"":{""value"":""0"",""unit"":""g""},""salt"":{""value"":""0"",""unit"":""mg""},""added_suger"":{""value"":""0"",""unit"":""g""},""total_suger"":{""value"":""5"",""unit"":""g""},""carbohydrates"":{""value"":""7"",""unit"":""g""},""protein"":{""value"":""1"",""unit"":""g""},""sodium"":{""value"":""51"",""unit"":""mg""},""is_extra_salt"":{""value"":""0""},""calories"":{""value"":""47"",""unit"":""kcal""},""caffeine"":{""value"":""10"",""unit"":""g""}}",[],https://d15pngy0ricipl.cloudfront.net/1777813675103_wFfEb.webp,True,0,False,"[""64f927b4f2657e365f3d13bf""]",,
pickup,مشروبات,Drinks,51,652f8d69edaf5a5f67db9169,102850,686267c74ba88a63746ce40c,شاي كرك,Karak Tea,5,True,True,False,active,90,شاي كرك، مزيج من الشاي الأسود مع حليب، هيل، وزعفران.,"Karak tea, a blend of black tea with milk, cardamom, and saffron.","[""MILK_OR_LACTOSE"",""EGG"",""GLUTEN"",""SOYA""]","{""physical_activity_to_burn"":{""value"":""23"",""unit"":""min""},""cholesterol"":{""value"":""10"",""unit"":""mg""},""fiber"":{""value"":""0"",""unit"":""g""},""full_fat"":{""value"":""2"",""unit"":""g""},""saturated_fat"":{""value"":""2"",""unit"":""g""},""trans_fat"":{""value"":""0"",""unit"":""g""},""salt"":{""value"":""0"",""unit"":""mg""},""added_suger"":{""value"":""0"",""unit"":""g""},""total_suger"":{""value"":""11"",""unit"":""g""},""carbohydrates"":{""value"":""15"",""unit"":""g""},""protein"":{""value"":""2"",""unit"":""g""},""sodium"":{""value"":""33"",""unit"":""mg""},""is_extra_salt"":{""value"":""0""},""calories"":{""value"":""90"",""unit"":""kcal""},""caffeine"":{""value"":""70"",""unit"":""g""}}",[],https://d15pngy0ricipl.cloudfront.net/1777813688986_JYjEk.webp,True,0,False,"[""64f927b4f2657e365f3d13ec""]",,
pickup,مشروبات,Drinks,51,652f8d69edaf5a5f67db9169,103200,652f8dbb91d94f6ee27be9ca,بيبسي,Pepsi,6,True,True,False,active,138,مشروب غازي بيبسي.,Pepsi soft drink.,[],"{""physical_activity_to_burn"":{""value"":""0"",""unit"":""min""},""cholesterol"":{""value"":""0"",""unit"":""mg""},""fiber"":{""value"":""0"",""unit"":""g""},""full_fat"":{""value"":""0"",""unit"":""g""},""saturated_fat"":{""value"":""0"",""unit"":""g""},""trans_fat"":{""value"":""0"",""unit"":""g""},""salt"":{""value"":""0"",""unit"":""mg""},""added_suger"":{""value"":""0"",""unit"":""g""},""total_suger"":{""value"":""68"",""unit"":""g""},""carbohydrates"":{""value"":""68"",""unit"":""g""},""protein"":{""value"":""0"",""unit"":""g""},""sodium"":{""value"":""62"",""unit"":""mg""},""is_extra_salt"":{""value"":""0""},""calories"":{""value"":""138"",""unit"":""kcal""},""caffeine"":{""value"":""10"",""unit"":""g""}}",[],https://d15pngy0ricipl.cloudfront.net/1747747310950_XNKoN.webp,True,0,False,"[""653e0f541b0fc7540c34ee9a""]",,
pickup,مشروبات,Drinks,51,652f8d69edaf5a5f67db9169,103201,652f8dbb91d94f332e7be9c4,سفن أب,7 Up,6,True,True,False,active,145,مشروب غازي سفن اب,7UP soft drink.,[],"{""physical_activity_to_burn"":{""value"":""0"",""unit"":""min""},""cholesterol"":{""value"":""0"",""unit"":""mg""},""fiber"":{""value"":""0"",""unit"":""g""},""full_fat"":{""value"":""0"",""unit"":""g""},""saturated_fat"":{""value"":""0"",""unit"":""g""},""trans_fat"":{""value"":""0"",""unit"":""g""},""salt"":{""value"":""0"",""unit"":""mg""},""added_suger"":{""value"":""0"",""unit"":""g""},""total_suger"":{""value"":""36"",""unit"":""g""},""carbohydrates"":{""value"":""36"",""unit"":""g""},""protein"":{""value"":""0"",""unit"":""g""},""sodium"":{""value"":""76"",""unit"":""mg""},""is_extra_salt"":{""value"":""0""},""calories"":{""value"":""145"",""unit"":""kcal""},""caffeine"":{""value"":""10"",""unit"":""g""}}",[],https://d15pngy0ricipl.cloudfront.net/1747747301403_bPKTc.webp,True,0,False,"[""653e0f541b0fc7540c34ee2f""]",,
pickup,مشروبات,Drinks,51,652f8d69edaf5a5f67db9169,103202,652f8dbb91d94fec487be9c7,ميرندا برتقال,Mirinda Orange,6,True,True,False,active,175,مشروب غازي ميراندا بنكهة البرتقال,Miranda Orange soft drink.,[],"{""physical_activity_to_burn"":{""value"":""0"",""unit"":""min""},""cholesterol"":{""value"":""0"",""unit"":""mg""},""fiber"":{""value"":""0"",""unit"":""g""},""full_fat"":{""value"":""0"",""unit"":""g""},""saturated_fat"":{""value"":""0"",""unit"":""g""},""trans_fat"":{""value"":""0"",""unit"":""g""},""salt"":{""value"":""0"",""unit"":""mg""},""added_suger"":{""value"":""0"",""unit"":""g""},""total_suger"":{""value"":""46"",""unit"":""g""},""carbohydrates"":{""value"":""46"",""unit"":""g""},""protein"":{""value"":""0"",""unit"":""g""},""sodium"":{""value"":""43"",""unit"":""mg""},""is_extra_salt"":{""value"":""0""},""calories"":{""value"":""175"",""unit"":""kcal""},""caffeine"":{""value"":""10"",""unit"":""g""}}",[],https://d15pngy0ricipl.cloudfront.net/1747747291421_ecnPM.webp,True,0,False,"[""653e0f541b0fc7540c34ee6d""]",,
pickup,مشروبات,Drinks,51,652f8d69edaf5a5f67db9169,103203,652f8dbb91d94ff25a7be9cd,بيبسي زيرو,Pepsi Zero,6,True,True,False,active,0,مشروب غازي بيبسي زيرو.,Pepsi Zero soft drink.,[],"{""physical_activity_to_burn"":{""value"":0,""unit"":""min""},""cholesterol"":{""value"":0,""unit"":""mg""},""fiber"":{""value"":0,""unit"":""g""},""full_fat"":{""value"":0,""unit"":""g""},""saturated_fat"":{""value"":0,""unit"":""g""},""trans_fat"":{""value"":0,""unit"":""g""},""salt"":{""value"":0,""unit"":""mg""},""added_suger"":{""value"":0,""unit"":""g""},""total_suger"":{""value"":0,""unit"":""g""},""carbohydrates"":{""value"":0,""unit"":""g""},""protein"":{""value"":0,""unit"":""g""},""sodium"":{""value"":66,""unit"":""mg""},""caffeine"":{""value"":10,""unit"":""g""},""is_extra_salt"":{""value"":false}}",[],https://d15pngy0ricipl.cloudfront.net/1747747283851_lZv4n.webp,True,0,False,"[""653e0f541b0fc7540c34eec7""]",,
pickup,مشروبات,Drinks,51,652f8d69edaf5a5f67db9169,103204,652f8dbb91d94f386d7be9d0,ماونتن ديو,Mountain Dew,6,True,True,False,active,159,مشروب غازي ماونتن ديو.,Mountain Dew soft drink.,[],"{""physical_activity_to_burn"":{""value"":""0"",""unit"":""min""},""cholesterol"":{""value"":""0"",""unit"":""mg""},""fiber"":{""value"":""0"",""unit"":""g""},""full_fat"":{""value"":""0"",""unit"":""g""},""saturated_fat"":{""value"":""0"",""unit"":""g""},""trans_fat"":{""value"":""0"",""unit"":""g""},""salt"":{""value"":""0"",""unit"":""mg""},""added_suger"":{""value"":""0"",""unit"":""g""},""total_suger"":{""value"":""0"",""unit"":""g""},""carbohydrates"":{""value"":""0"",""unit"":""g""},""protein"":{""value"":""0"",""unit"":""g""},""sodium"":{""value"":""50"",""unit"":""mg""},""is_extra_salt"":{""value"":""0""},""calories"":{""value"":""159"",""unit"":""kcal""}}",[],https://d15pngy0ricipl.cloudfront.net/1747747274954_i9TZI.webp,True,0,False,"[""653e0f541b0fc7540c34eef4""]",,
pickup,مشروبات,Drinks,51,652f8d69edaf5a5f67db9169,103235,65475d309a1f8141adfb6834,مياه,Water,2,True,True,False,active,0,علبة ماء نقي.,Pure water bottle.,[],"{""physical_activity_to_burn"":{""value"":""0"",""unit"":""min""},""cholesterol"":{""value"":""0"",""unit"":""mg""},""fiber"":{""value"":""0"",""unit"":""g""},""full_fat"":{""value"":""0"",""unit"":""g""},""saturated_fat"":{""value"":""0"",""unit"":""g""},""trans_fat"":{""value"":""0"",""unit"":""g""},""salt"":{""value"":""0"",""unit"":""mg""},""added_suger"":{""value"":""0"",""unit"":""g""},""total_suger"":{""value"":""0"",""unit"":""g""},""carbohydrates"":{""value"":""0"",""unit"":""g""},""protein"":{""value"":""0"",""unit"":""g""},""sodium"":{""value"":""2"",""unit"":""mg""},""is_extra_salt"":{""value"":""0""},""calories"":{""value"":""0"",""unit"":""kcal""}}",[],https://d15pngy0ricipl.cloudfront.net/1747747202162_tLYO6.webp,False,0,False,[],,
pickup,مشروبات,Drinks,51,652f8d69edaf5a5f67db9169,103240,652f8ed7e501ba55848e7473,كاراميل لاتيه مثلج,Iced Caramel Latte,9,True,False,False,active,190,كراميل لاتيه مثلج المكوّن من الإسبريسو الممزوج مع الحليب ونكهة الكراميل.,"Iced caramel latte with espresso, milk, and caramel flavor.",[],"{""physical_activity_to_burn"":{""value"":""0"",""unit"":""min""},""cholesterol"":{""value"":""5.2"",""unit"":""mg""},""fiber"":{""value"":""1.12"",""unit"":""g""},""full_fat"":{""value"":""5.4"",""unit"":""g""},""saturated_fat"":{""value"":""4.6"",""unit"":""g""},""trans_fat"":{""value"":""0"",""unit"":""g""},""salt"":{""value"":""0"",""unit"":""mg""},""added_suger"":{""value"":""0"",""unit"":""g""},""total_suger"":{""value"":""24.8"",""unit"":""g""},""carbohydrates"":{""value"":""29.4"",""unit"":""g""},""protein"":{""value"":""5.2"",""unit"":""g""},""sodium"":{""value"":""42"",""unit"":""mg""},""is_extra_salt"":{""value"":""0""},""calories"":{""value"":""190"",""unit"":""kcal""},""caffeine"":{""value"":""30"",""unit"":""g""}}",[],https://d15pngy0ricipl.cloudfront.net/1747747192447_BjNDH.webp,False,0,False,[],,
pickup,مشروبات,Drinks,51,652f8d69edaf5a5f67db9169,103241,652f8ed7e501bae4448e7476,امريكانو مثلج,Iced Americano,9,True,False,False,active,58,كوب أمريكانو مثلج محضّر من حبوب بن أرابيكا 100%.,Iced Americano made from 100% Arabica beans.,[],"{""physical_activity_to_burn"":{""value"":""0"",""unit"":""min""},""cholesterol"":{""value"":""0"",""unit"":""mg""},""fiber"":{""value"":""0"",""unit"":""g""},""full_fat"":{""value"":""0"",""unit"":""g""},""saturated_fat"":{""value"":""0"",""unit"":""g""},""trans_fat"":{""value"":""0"",""unit"":""g""},""salt"":{""value"":""0"",""unit"":""mg""},""added_suger"":{""value"":""0"",""unit"":""g""},""total_suger"":{""value"":""0"",""unit"":""g""},""carbohydrates"":{""value"":""10"",""unit"":""g""},""protein"":{""value"":""4"",""unit"":""g""},""sodium"":{""value"":""38"",""unit"":""mg""},""is_extra_salt"":{""value"":""0""},""calories"":{""value"":""58"",""unit"":""kcal""},""caffeine"":{""value"":""40"",""unit"":""g""}}",[],https://d15pngy0ricipl.cloudfront.net/1747747183915_qlp0Z.webp,False,0,False,[],,
pickup,مشروبات,Drinks,51,652f8d69edaf5a5f67db9169,103246,652f8ed7e501ba2a728e7479,شاي مثلج بالخوخ من ليبتون,Lipton Ice Tea Peach,6,True,True,False,active,1,شاي مثلج بالخوخ من ليبتون - زيرو.,Lipton iced tea with peach flavor.,[],"{""physical_activity_to_burn"":{""value"":""0"",""unit"":""min""},""cholesterol"":{""value"":""0"",""unit"":""mg""},""fiber"":{""value"":""0"",""unit"":""g""},""full_fat"":{""value"":""0"",""unit"":""g""},""saturated_fat"":{""value"":""0"",""unit"":""g""},""trans_fat"":{""value"":""0"",""unit"":""g""},""salt"":{""value"":""0"",""unit"":""mg""},""added_suger"":{""value"":""0"",""unit"":""g""},""total_suger"":{""value"":""0.1"",""unit"":""g""},""carbohydrates"":{""value"":""0.1"",""unit"":""g""},""protein"":{""value"":""0"",""unit"":""g""},""sodium"":{""value"":""15"",""unit"":""mg""},""is_extra_salt"":{""value"":""0""},""calories"":{""value"":""1"",""unit"":""kcal""}}",[],https://d15pngy0ricipl.cloudfront.net/1747747172354_w8BRQ.webp,False,0,False,[],,
pickup,مشروبات,Drinks,51,652f8d69edaf5a5f67db9169,103251,652f8ed7e501ba40a78e747c,شاي مثلج بالفواكه الحمراء من ليبتون,Lipton Ice Tea Red Fruits,6,True,True,False,active,1,شاي مثلج منعش بالفواكه الحمراء من ليبتون - زيرو.,Lipton iced tea with red fruits flavor.,[],"{""physical_activity_to_burn"":{""value"":""0"",""unit"":""min""},""cholesterol"":{""value"":""0"",""unit"":""mg""},""fiber"":{""value"":""0"",""unit"":""g""},""full_fat"":{""value"":""0"",""unit"":""g""},""saturated_fat"":{""value"":""0"",""unit"":""g""},""trans_fat"":{""value"":""0"",""unit"":""g""},""salt"":{""value"":""0"",""unit"":""mg""},""added_suger"":{""value"":""0"",""unit"":""g""},""total_suger"":{""value"":""0"",""unit"":""g""},""carbohydrates"":{""value"":""0.1"",""unit"":""g""},""protein"":{""value"":""0"",""unit"":""g""},""sodium"":{""value"":""13"",""unit"":""mg""},""is_extra_salt"":{""value"":""0""},""calories"":{""value"":""1"",""unit"":""kcal""}}",[],https://d15pngy0ricipl.cloudfront.net/1747747164502_ssFZv.webp,False,0,False,[],,
pickup,مشروبات,Drinks,51,652f8d69edaf5a5f67db9169,103736,66086ed06a2e3a47dc7e0ff6,كركديه مثلّج,Iced Karkade,9,True,True,False,active,262,شاي الكركديه المثلج مع الصودا والثلج.,Iced hibiscus drink with soda and ice.,"[""MILK_OR_LACTOSE"",""EGG"",""GLUTEN"",""SOYA"",""MUSTARD""]","{""physical_activity_to_burn"":{""value"":""68"",""unit"":""min""},""cholesterol"":{""value"":""0"",""unit"":""mg""},""fiber"":{""value"":""0.03"",""unit"":""g""},""full_fat"":{""value"":""0"",""unit"":""g""},""saturated_fat"":{""value"":""0"",""unit"":""g""},""trans_fat"":{""value"":""0"",""unit"":""g""},""salt"":{""value"":""0"",""unit"":""mg""},""added_suger"":{""value"":""0"",""unit"":""g""},""total_suger"":{""value"":""36.24"",""unit"":""g""},""carbohydrates"":{""value"":""36.24"",""unit"":""g""},""protein"":{""value"":""0"",""unit"":""g""},""sodium"":{""value"":""74.73"",""unit"":""mg""},""is_extra_salt"":{""value"":""0""},""calories"":{""value"":""262.8"",""unit"":""kcal""}}",[],https://d15pngy0ricipl.cloudfront.net/1747746542936_2C7aZ.webp,False,0,False,[],,
pickup,مشروبات,Drinks,51,652f8d69edaf5a5f67db9169,103997,68247826264a4419f398c9df,كودو باشن فروت,KUDU Passion,9,True,True,False,active,88,برّد صيفك  مع كودو باشن فروت، طعم ياخذك من حر الصيف وينعشك.,A refreshing mix of passion fruit and fizzy citrus.,"[""MILK_OR_LACTOSE"",""EGG"",""GLUTEN"",""SOYA"",""SESAME_SEEDS"",""MUSTARD""]","{""physical_activity_to_burn"":{""value"":""23"",""unit"":""min""},""cholesterol"":{""value"":""0"",""unit"":""mg""},""fiber"":{""value"":""0"",""unit"":""g""},""full_fat"":{""value"":""0"",""unit"":""g""},""saturated_fat"":{""value"":""0"",""unit"":""g""},""trans_fat"":{""value"":""0"",""unit"":""g""},""salt"":{""value"":""0"",""unit"":""mg""},""added_suger"":{""value"":""0"",""unit"":""g""},""total_suger"":{""value"":""20.6"",""unit"":""g""},""carbohydrates"":{""value"":""20.6"",""unit"":""g""},""protein"":{""value"":""0"",""unit"":""g""},""sodium"":{""value"":""84.72"",""unit"":""mg""},""is_extra_salt"":{""value"":""0""},""calories"":{""value"":""88.8"",""unit"":""kcal""}}",[],https://d15pngy0ricipl.cloudfront.net/1747745989312_1GFlE.webp,False,0,False,[],,
pickup,مشروبات,Drinks,51,652f8d69edaf5a5f67db9169,104234,69e4a4685146b354f59f8540,سانسِت بنش,Sunset Punch,9,True,True,False,active,95,سانسِت بنش مشروب يجمع بين الكركديه والباشن فروت بنكهة منعشة ومثالية لحرارة  الصيف.,"Sunset Punch is a refreshing summer drink blending hibiscus and passion fruit for a tangy, floral, and naturally sweet taste. perfect for cooling down in the sun.",,"{""physical_activity_to_burn"":{""value"":""0"",""unit"":""min""},""cholesterol"":{""value"":""0"",""unit"":""mg""},""fiber"":{""value"":""0"",""unit"":""g""},""full_fat"":{""value"":""0"",""unit"":""g""},""saturated_fat"":{""value"":""0"",""unit"":""g""},""trans_fat"":{""value"":""0"",""unit"":""g""},""salt"":{""value"":""0"",""unit"":""mg""},""added_suger"":{""value"":""0"",""unit"":""g""},""total_suger"":{""value"":""23.7"",""unit"":""g""},""carbohydrates"":{""value"":""24"",""unit"":""g""},""protein"":{""value"":""0"",""unit"":""g""},""sodium"":{""value"":""326.4"",""unit"":""mg""},""is_extra_salt"":{""value"":""0""},""calories"":{""value"":""95.5"",""unit"":""kcal""}}",[],https://d15pngy0ricipl.cloudfront.net/1776662287512_3ZkiG.webp,False,0,False,[],,
pickup,جمعات,Gathering,52,65d5e8cdbfd41c25c94b0413,103686,65d5e8d0bfd41cd2fb4b057d,سطل ناتشوز بالجبن,Cheese Nacho Bucket,39,True,True,False,active,1900,سطل ناتشوزبالجبن يحتوي على 12 حبة ناتشوز مغطى بالجبنة الذائبة اللذيذة مع صوصات: الداينامايت، وكودو المميز.,"12 nachos topped with melted cheese, served with dynamite, and Kudu special sauces.","[""MILK_OR_LACTOSE"",""GLUTEN"",""SOYA"",""CELERY""]","{""physical_activity_to_burn"":{""value"":""494"",""unit"":""min""},""cholesterol"":{""value"":""59.7"",""unit"":""mg""},""fiber"":{""value"":""11.7"",""unit"":""g""},""full_fat"":{""value"":""119"",""unit"":""g""},""saturated_fat"":{""value"":""38.1"",""unit"":""g""},""trans_fat"":{""value"":""0.64"",""unit"":""g""},""salt"":{""value"":""0"",""unit"":""mg""},""added_suger"":{""value"":""0"",""unit"":""g""},""total_suger"":{""value"":""58"",""unit"":""g""},""carbohydrates"":{""value"":""177.2"",""unit"":""g""},""protein"":{""value"":""33.3"",""unit"":""g""},""sodium"":{""value"":""5336"",""unit"":""mg""},""is_extra_salt"":{""value"":""1""},""calories"":{""value"":""1900"",""unit"":""kcal""}}",[],https://d15pngy0ricipl.cloudfront.net/1747746704515_6D85w.webp,True,0,False,"[""65d5e8e29b070ca3ed389343""]",,
pickup,جمعات,Gathering,52,65d5e8cdbfd41c25c94b0413,103689,65d5e8d0bfd41cb8b94b0580,سطل ستريبس دجاج,Chicken Strips Bucket,45,True,True,False,active,1656,10 قطع ستريبس دجاج مقرمشة مع تشكيلة صوصات,10pcs. chicken strips and assorted sauces.,[],"{""physical_activity_to_burn"":{""value"":""430"",""unit"":""min""},""cholesterol"":{""value"":""134.6"",""unit"":""mg""},""fiber"":{""value"":""2.4"",""unit"":""g""},""full_fat"":{""value"":""105.6"",""unit"":""g""},""saturated_fat"":{""value"":""29.3"",""unit"":""g""},""trans_fat"":{""value"":""0"",""unit"":""g""},""salt"":{""value"":""0"",""unit"":""mg""},""added_suger"":{""value"":""0"",""unit"":""g""},""total_suger"":{""value"":""51.5"",""unit"":""g""},""carbohydrates"":{""value"":""109.1"",""unit"":""g""},""protein"":{""value"":""70.4"",""unit"":""g""},""sodium"":{""value"":""2654.2"",""unit"":""mg""},""is_extra_salt"":{""value"":""1""},""calories"":{""value"":""1656"",""unit"":""kcal""}}",[],https://d15pngy0ricipl.cloudfront.net/1747746687598_0qtLU.webp,True,0,False,"[""65d5e8e29b070ca3ed389343""]",,
pickup,جمعات,Gathering,52,65d5e8cdbfd41c25c94b0413,103709,65e44ae8b2c7b1184df826f7,بوكس كودو دجاج,KUDU Chicken Box,99,True,True,False,active,1214,"بوكس كودودجاج، 4 ساندويتش دجاج، بطاطس حجم عائلي. يُقدّم مع 4 صوصات: جارلك برميزان, كودو الخاص, الدينامايت الحلو, والباربيكيو.","Kudu Chicken Box: contains 4 chicken sandwiches, family fries, and special sauces.","[""MILK_OR_LACTOSE"",""EGG"",""GLUTEN"",""SOYA"",""SESAME_SEEDS""]","{""physical_activity_to_burn"":{""value"":""315"",""unit"":""min""},""cholesterol"":{""value"":""130"",""unit"":""mg""},""fiber"":{""value"":""12.85"",""unit"":""g""},""full_fat"":{""value"":""47"",""unit"":""g""},""saturated_fat"":{""value"":""15.52"",""unit"":""g""},""trans_fat"":{""value"":""0.03"",""unit"":""g""},""salt"":{""value"":""0"",""unit"":""mg""},""added_suger"":{""value"":""0"",""unit"":""g""},""total_suger"":{""value"":""4.42"",""unit"":""g""},""carbohydrates"":{""value"":""147"",""unit"":""g""},""protein"":{""value"":""51"",""unit"":""g""},""sodium"":{""value"":""2270"",""unit"":""mg""},""is_extra_salt"":{""value"":""1""},""calories"":{""value"":""1214.67"",""unit"":""kcal""}}",[],https://d15pngy0ricipl.cloudfront.net/1747746649988_JM2XZ.webp,True,0,False,"[""65e44ae8ef3d8f8bfb3010ae"", ""65d5e8e29b070ca3ed389343""]",,
pickup,جمعات,Gathering,52,65d5e8cdbfd41c25c94b0413,104143,6937c4fce9532970a9dd71e5,بوكس الكشتة,KUDU Burger Box,69,True,True,False,active,7453,? جونيور برجر، مع ? بطاطس وسط و? شرائح بطاطس وسط ، يقدم مع ? صوصات مميزة: صوص التشيبوتلي، سويت داينامايت، آيلاند درِسنغ، وصوص كودو الخاص,"8 Junior Burgers, paired with 2 Medium Fries and 2 Medium Potato Crisps for the perfect mix of sides.  with 4 signature sauces: Chipotle Sauce, Sweet Dynamite, Island Dressing, and KUDU Special Sauce.",,"{""physical_activity_to_burn"":{""value"":""0"",""unit"":""min""},""cholesterol"":{""value"":""87.5"",""unit"":""mg""},""fiber"":{""value"":""91.1"",""unit"":""g""},""full_fat"":{""value"":""405.3"",""unit"":""g""},""saturated_fat"":{""value"":""130.2"",""unit"":""g""},""trans_fat"":{""value"":""0.08"",""unit"":""g""},""salt"":{""value"":""0"",""unit"":""mg""},""added_suger"":{""value"":""0"",""unit"":""g""},""total_suger"":{""value"":""66"",""unit"":""g""},""carbohydrates"":{""value"":""800"",""unit"":""g""},""protein"":{""value"":""147.3"",""unit"":""g""},""sodium"":{""value"":""12007..2"",""unit"":""mg""},""is_extra_salt"":{""value"":""0""},""calories"":{""value"":""7453.6"",""unit"":""kcal""}}",[],https://d15pngy0ricipl.cloudfront.net/1765703978998_NLy5L.webp,False,0,False,[],,
pickup,إي-قيمرز,E-Gamers,54,670e584e5fbf63d00a7bf433,103852,670e58575fbf63d00a7bf921,باقة راب إي-قيمرز,E-Gamers Wrap Bundle,29,True,False,False,active,1581,استمتع بألذ باقة راب إي-قيمرز,Enjoy the perfect E-Gamers Wrap Bundle,"[""MILK_OR_LACTOSE"",""EGG"",""PEANUT"",""TREE_NUTS"",""GLUTEN"",""SOYA"",""SESAME_SEEDS"",""CELERY"",""MUSTARD"",""SULFITES""]","{""physical_activity_to_burn"":{""value"":""411"",""unit"":""min""},""cholesterol"":{""value"":""103.2"",""unit"":""mg""},""fiber"":{""value"":""10.5"",""unit"":""g""},""full_fat"":{""value"":""72.2"",""unit"":""g""},""saturated_fat"":{""value"":""23"",""unit"":""g""},""trans_fat"":{""value"":""0.03"",""unit"":""g""},""salt"":{""value"":""0"",""unit"":""mg""},""added_suger"":{""value"":""0"",""unit"":""g""},""total_suger"":{""value"":""0"",""unit"":""g""},""carbohydrates"":{""value"":""0"",""unit"":""g""},""protein"":{""value"":""48.3"",""unit"":""g""},""sodium"":{""value"":""3062"",""unit"":""mg""},""is_extra_salt"":{""value"":""0""},""calories"":{""value"":""1581"",""unit"":""kcal""}}",[],https://d15pngy0ricipl.cloudfront.net/1784525887314_u8a7E.webp,True,0,True,"[""670e5879b4b10ff51667d600"", ""639212a076d541ddec8cbc3e"", ""639212a076d541ddec8cbc87"", ""668e3b9217b191977bfd6de2""]",0,
pickup,إي-قيمرز,E-Gamers,54,670e584e5fbf63d00a7bf433,103855,670e58575fbf63d00a7bf927,باقة المثلثة إي-قيمرز,E-Gamers Muthalatha Bundle,32,True,True,False,active,2141,استمتع بألذ باقة المثلثة إي-قيمرز,Enjoy the perfect E-Gamers Muthalatha Bundle,"[""MILK_OR_LACTOSE"",""EGG"",""GLUTEN"",""SOYA"",""MUSTARD""]","{""physical_activity_to_burn"":{""value"":""472"",""unit"":""min""},""cholesterol"":{""value"":""114.5"",""unit"":""mg""},""fiber"":{""value"":""9.7"",""unit"":""g""},""full_fat"":{""value"":""93.9"",""unit"":""g""},""saturated_fat"":{""value"":""27.7"",""unit"":""g""},""trans_fat"":{""value"":""0.03"",""unit"":""g""},""salt"":{""value"":""0"",""unit"":""mg""},""added_suger"":{""value"":""0"",""unit"":""g""},""total_suger"":{""value"":""55.6"",""unit"":""g""},""carbohydrates"":{""value"":""160"",""unit"":""g""},""protein"":{""value"":""49.5"",""unit"":""g""},""sodium"":{""value"":""2422"",""unit"":""mg""},""is_extra_salt"":{""value"":""0""},""calories"":{""value"":""2141"",""unit"":""kcal""}}",[],https://d15pngy0ricipl.cloudfront.net/1784525903041_do86Q.webp,True,0,True,"[""670e5879b4b10ff51667d600"", ""65c4c6793b3c46c719024090"", ""65c4c6793b3c46c7190240e8"", ""668e3b9217b191977bfd6de2""]",0,
pickup,إي-قيمرز,E-Gamers,54,670e584e5fbf63d00a7bf433,104193,6984142c2e0335c078ffe68e,باقة برجر أو-جي إي-قيمرز,E-Gamers  OG  Burger Bundle,28,True,True,False,active,1414,استمتع بألذ باقة برجر أو-جي إي-قيمرز,Enjoy the perfect E-Gamers OG Burger Bundle,,"{""physical_activity_to_burn"":{""value"":""0"",""unit"":""min""},""cholesterol"":{""value"":""56.5"",""unit"":""mg""},""fiber"":{""value"":""13.3"",""unit"":""g""},""full_fat"":{""value"":""54.5"",""unit"":""g""},""saturated_fat"":{""value"":""18.1"",""unit"":""g""},""trans_fat"":{""value"":""0.03"",""unit"":""g""},""salt"":{""value"":""0"",""unit"":""mg""},""added_suger"":{""value"":""0"",""unit"":""g""},""total_suger"":{""value"":""70.8"",""unit"":""g""},""carbohydrates"":{""value"":""198.6"",""unit"":""g""},""protein"":{""value"":""36.3"",""unit"":""g""},""sodium"":{""value"":""2662.8"",""unit"":""mg""},""is_extra_salt"":{""value"":""0""},""calories"":{""value"":""1414.4"",""unit"":""kcal""}}",[],https://d15pngy0ricipl.cloudfront.net/1784525918806_yCQCh.webp,True,0,False,"[""668e3b9217b191977bfd6d64"", ""68736b868f624c0afc3564a8"", ""68736b868f624c0afc35652c"", ""668e3b9217b191977bfd6de2""]",,
pickup,كودو مقرمش,Kudu Chicken Krunchy,85,6a6b3be2ce45873d6d3b57a6,104278,6a6b3c6e9450e2040a5b7884,ساندويتش كوري لاسع,Korean Kick Sandwich,24,True,True,False,active,937,دجاج كرسبي مع صوص كوري، وجبن، وخس، وطماطم، في خبز البطاطس الطري.,"Crispy chicken with bold Korean inspired sauce, cheese, fresh lettuce, tomato, served on a soft potato bun.",,"{""physical_activity_to_burn"":{""value"":""0"",""unit"":""min""},""cholesterol"":{""value"":""0"",""unit"":""mg""},""fiber"":{""value"":""0"",""unit"":""g""},""full_fat"":{""value"":""0"",""unit"":""g""},""saturated_fat"":{""value"":""0"",""unit"":""g""},""trans_fat"":{""value"":""0"",""unit"":""g""},""salt"":{""value"":""0"",""unit"":""mg""},""added_suger"":{""value"":""0"",""unit"":""g""},""total_suger"":{""value"":""0"",""unit"":""g""},""carbohydrates"":{""value"":""0"",""unit"":""g""},""protein"":{""value"":""0"",""unit"":""g""},""sodium"":{""value"":""0"",""unit"":""mg""},""is_extra_salt"":{""value"":""0""},""calories"":{""value"":""937"",""unit"":""kcal""}}",[],https://d15pngy0ricipl.cloudfront.net/1786426927920_h1Xk0.webp,True,0,False,"[""6a6b3c6f217d91cd5b52dc62"", ""6a6b3c6f217d91cd5b52dc66""]",,
pickup,كودو مقرمش,Kudu Chicken Krunchy,85,6a6b3be2ce45873d6d3b57a6,104281,6a6b3c6e9450e2040a5b787d,وجبة كوري لاسع,Korean Kick Combo,24,True,True,False,active,1328,دجاج كرسبي مع صوص كوري الغني، وجبن، وخس طازج، وطماطم، في خبز البطاطس الطري، ويُقدم مع البطاطس المقلية ومشروب.,"Crispy chicken with bold Korean inspired sauce, cheese, fresh lettuce, tomato, served on soft potato bun with fries and drink.",,"{""physical_activity_to_burn"":{""value"":""0"",""unit"":""min""},""cholesterol"":{""value"":""0"",""unit"":""mg""},""fiber"":{""value"":""0"",""unit"":""g""},""full_fat"":{""value"":""0"",""unit"":""g""},""saturated_fat"":{""value"":""0"",""unit"":""g""},""trans_fat"":{""value"":""0"",""unit"":""g""},""salt"":{""value"":""0"",""unit"":""mg""},""added_suger"":{""value"":""0"",""unit"":""g""},""total_suger"":{""value"":""0"",""unit"":""g""},""carbohydrates"":{""value"":""0"",""unit"":""g""},""protein"":{""value"":""0"",""unit"":""g""},""sodium"":{""value"":""0"",""unit"":""mg""},""is_extra_salt"":{""value"":""0""},""calories"":{""value"":""1328"",""unit"":""kcal""}}",[],https://d15pngy0ricipl.cloudfront.net/1785415296548_8Lbp2.webp,True,0,True,"[""6a6b3c6f217d91cd5b52dc62"", ""6a6b3c6f217d91cd5b52dc66"", ""6829683e32193ce4180f7c0e"", ""6829683e32193ce4180f7d46"", ""67e52bd49e443271eded0b30""]",3,2
pickup,كودو مقرمش,Kudu Chicken Krunchy,85,6a6b3be2ce45873d6d3b57a6,104284,6a6b3c6f9450e2040a5b7892,ساندويتش الأسطوري,Legend Sandwich,24,True,True,False,active,1191,دجاج كرسبي مع صوص كودو الشهير، وجبن، وخس طازج، وطماطم، في خبز البطاطس الطري.,"Crispy chicken with our famous KUDU sauce, cheese, fresh lettuce, tomato, served on a soft potato bun.",,"{""physical_activity_to_burn"":{""value"":""0"",""unit"":""min""},""cholesterol"":{""value"":""0"",""unit"":""mg""},""fiber"":{""value"":""0"",""unit"":""g""},""full_fat"":{""value"":""0"",""unit"":""g""},""saturated_fat"":{""value"":""0"",""unit"":""g""},""trans_fat"":{""value"":""0"",""unit"":""g""},""salt"":{""value"":""0"",""unit"":""mg""},""added_suger"":{""value"":""0"",""unit"":""g""},""total_suger"":{""value"":""0"",""unit"":""g""},""carbohydrates"":{""value"":""0"",""unit"":""g""},""protein"":{""value"":""0"",""unit"":""g""},""sodium"":{""value"":""0"",""unit"":""mg""},""is_extra_salt"":{""value"":""0""},""calories"":{""value"":""1191"",""unit"":""kcal""}}",[],https://d15pngy0ricipl.cloudfront.net/1786426943054_8cOYV.webp,True,0,False,"[""6a6b3c70217d91cd5b52dc6d"", ""6a6b3c70217d91cd5b52dc70""]",,
pickup,كودو مقرمش,Kudu Chicken Krunchy,85,6a6b3be2ce45873d6d3b57a6,104287,6a6b3c6f9450e2040a5b788b,وجبة الأسطوري,Legend Combo,24,True,True,False,active,1582,دجاج كرسبي مع صوص كودو الشهير، وجبن، وخس طازج، وطماطم، في خبز البطاطس الطري، ويُقدم مع البطاطس المقلية ومشروب.,"Crispy chicken with our famous KUDU sauce, cheese, fresh lettuce, tomato, served on soft potato bun with fries and drink.",,"{""physical_activity_to_burn"":{""value"":""0"",""unit"":""min""},""cholesterol"":{""value"":""0"",""unit"":""mg""},""fiber"":{""value"":""0"",""unit"":""g""},""full_fat"":{""value"":""0"",""unit"":""g""},""saturated_fat"":{""value"":""0"",""unit"":""g""},""trans_fat"":{""value"":""0"",""unit"":""g""},""salt"":{""value"":""0"",""unit"":""mg""},""added_suger"":{""value"":""0"",""unit"":""g""},""total_suger"":{""value"":""0"",""unit"":""g""},""carbohydrates"":{""value"":""0"",""unit"":""g""},""protein"":{""value"":""0"",""unit"":""g""},""sodium"":{""value"":""0"",""unit"":""mg""},""is_extra_salt"":{""value"":""0""},""calories"":{""value"":""1582"",""unit"":""kcal""}}",[],https://d15pngy0ricipl.cloudfront.net/1785415375560_qaAhi.webp,True,0,True,"[""6a6b3c70217d91cd5b52dc6d"", ""6a6b3c70217d91cd5b52dc70"", ""6829683e32193ce4180f7c0e"", ""6829683e32193ce4180f7d46"", ""67e52bd49e443271eded0b30""]",3,2
